group_id,file,original_class,target_class,sha256,phash,status,reason
g000000,Black rot/black rot008.jpg,Black rot,vl_black_rot,433fd5337cc13fa463d59f228d4fe86bf7ad1f0d6a9f0925b13b91424d27824b,afad639e28561471,kept,Representative
g000001,Black rot/black rot012.jpg,Black rot,vl_black_rot,455951f7073dd7ff16522617352c612fddcfe09a2b26da1a594fcb8010bf215e,f94eda08759821bb,kept,Representative
g000002,Black rot/black rot016.jpg,Black rot,vl_black_rot,2b636bd9bebf2ed43111b8920f3998bfcc3ccd7cc3fd33b634decc82554c5d67,c88936a4371779f1,kept,Representative
g000001,Black rot/black rot022.jpg,Black rot,vl_black_rot,455951f7073dd7ff16522617352c612fddcfe09a2b26da1a594fcb8010bf215e,f94eda08759821bb,exact_duplicate,SHA-256 / pHash=0 / reviewed duplicate component
g000002,Black rot/black rot024.jpg,Black rot,vl_black_rot,2b636bd9bebf2ed43111b8920f3998bfcc3ccd7cc3fd33b634decc82554c5d67,c88936a4371779f1,exact_duplicate,SHA-256 / pHash=0 / reviewed duplicate component
g000005,Black rot/black rot032.jpg,Black rot,vl_black_rot,c5eae5391c9090ab9436001d1344248cd8ac57b26f5643f7ea53dbb2e1a15732,acda1b79b1142c75,kept,Representative
g000006,Black rot/black rot040.jpg,Black rot,vl_black_rot,c180035a4874b4bcec1218ab9e0a27f7b3a01b4426c8d783e53217591a68962c,d52d4b407f253996,kept,Representative
g000007,Black rot/black rot048.jpg,Black rot,vl_black_rot,77e3ff150349593e6ecfb3c6f0e05c7a48a26f96a1f0d2d946240fa04447ec3b,c2e71e18b33cc15d,kept,Representative
g000008,Black rot/black rot055.jpg,Black rot,vl_black_rot,5d10e4db1fc7335d5ad2e40a02fdf825e0eeace851bdb47de34decec1fd76d8a,a8ef5a607ebb8211,kept,Representative
g000009,Black rot/black rot064.jpg,Black rot,vl_black_rot,220d372f2d230ff23fdf5dbeb73063461c516bd21d789ddf0cda4b4c61c34924,e087360bc93dcc57,kept,Representative
g000010,Black rot/black rot068.jpg,Black rot,vl_black_rot,985ad2933abc965b53600954d1ba36123b0c6f4d20fb68374d11ada6221b396a,b3936720b68c836f,kept,Representative
g000011,Black rot/black rot072.jpg,Black rot,vl_black_rot,a0e8e8967fcdfdec0bfdb59f43dd6975974318f83a51a0dfa4b708a609f43a37,da99a115f4d966c8,kept,Representative
g000012,Black rot/black rot076.jpg,Black rot,vl_black_rot,f77499f305a63f6585f31d8c40ebfae3f220c11dd293f2c004c32fdbc826d180,9e904f3dc6c183cd,kept,Representative
g000010,Black rot/black rot078.jpg,Black rot,vl_black_rot,985ad2933abc965b53600954d1ba36123b0c6f4d20fb68374d11ada6221b396a,b3936720b68c836f,exact_duplicate,SHA-256 / pHash=0 / reviewed duplicate component
g000014,Black rot/black rot082.jpg,Black rot,vl_black_rot,7919935f392e81a566b30b3eb120c1f0622d20e60488782d19a6b502a7e018e2,a10e31843fbdae99,kept,Representative
g000011,Black rot/black rot084.jpg,Black rot,vl_black_rot,a0e8e8967fcdfdec0bfdb59f43dd6975974318f83a51a0dfa4b708a609f43a37,da99a115f4d966c8,exact_duplicate,SHA-256 / pHash=0 / reviewed duplicate component
g000012,Black rot/black rot086.jpg,Black rot,vl_black_rot,f77499f305a63f6585f31d8c40ebfae3f220c11dd293f2c004c32fdbc826d180,9e904f3dc6c183cd,exact_duplicate,SHA-256 / pHash=0 / reviewed duplicate component
g000010,Black rot/black rot087.jpg,Black rot,vl_black_rot,985ad2933abc965b53600954d1ba36123b0c6f4d20fb68374d11ada6221b396a,b3936720b68c836f,exact_duplicate,SHA-256 / pHash=0 / reviewed duplicate component
g000014,Black rot/black rot089.jpg,Black rot,vl_black_rot,7919935f392e81a566b30b3eb120c1f0622d20e60488782d19a6b502a7e018e2,a10e31843fbdae99,exact_duplicate,SHA-256 / pHash=0 / reviewed duplicate component
g000012,Black rot/black rot094.jpg,Black rot,vl_black_rot,f77499f305a63f6585f31d8c40ebfae3f220c11dd293f2c004c32fdbc826d180,9e904f3dc6c183cd,exact_duplicate,SHA-256 / pHash=0 / reviewed duplicate component
g000014,Black rot/black rot096.jpg,Black rot,vl_black_rot,7919935f392e81a566b30b3eb120c1f0622d20e60488782d19a6b502a7e018e2,a10e31843fbdae99,exact_duplicate,SHA-256 / pHash=0 / reviewed duplicate component
g000021,Black rot/black rot100.jpg,Black rot,vl_black_rot,d1e4bdd14eabbd7b1b7ce7e06abb855e00f25b938726c4a3286c35faa5385430,bcf9d49c07ac6152,kept,Representative
g000022,Black rot/black rot104.jpg,Black rot,vl_black_rot,e35d4ec4c79f5ddfa612cde2c76adf7fca6146c16d6ad833c77a7af8ffd0149c,aaaa7443aaaaa9a7,kept,Representative
g000023,Black rot/black rot120.jpg,Black rot,vl_black_rot,6a533d1522f11d875eea8af68ef6f9ec3ee4f8297f4b79a295a90c7561e922a9,c982d3bc35d1f095,kept,Representative
g000024,Black rot/black rot136.jpg,Black rot,vl_black_rot,01255b2dbf4604b06eb088d1497ec65a1f4d4676f30ce0770cc6ced5fef7b1bc,ad72a0cd6edd2614,kept,Representative
g000025,Black rot/black rot144.jpg,Black rot,vl_black_rot,ccd8b6e5898af6002c5dc096584c127b871a476f4f2734efa7eaaa0a5098b323,fb5282046d2d3c5f,kept,Representative
g000026,Black rot/black rot152.jpg,Black rot,vl_black_rot,3430cc27427e5d25500fbc204b53b246ef93200f66e4cc5b94fac4fc5190e54f,aab55a3462f316aa,kept,Representative
g000027,Black rot/black rot162.jpg,Black rot,vl_black_rot,ec488a7f7fc96a08588be561ffd0db8483d868289e65d168d5768f7d876d7aef,e578b4601915fad5,kept,Representative
g000028,Black rot/black rot166.jpg,Black rot,vl_black_rot,9eb3770654a5797e46598d962600990a76777b9d04aa75b993c4af5f49947a28,a791cfe283aea1a4,kept,Representative
g000029,Black rot/black rot167.jpg,Black rot,vl_black_rot,83bad859b5d13c73cea1f2bcc218ca29487c4bf400a5a5f1fa20328a7f8d0d77,8eb1ac7b7905170e,kept,Representative
g000027,Black rot/black rot168.jpg,Black rot,vl_black_rot,ec488a7f7fc96a08588be561ffd0db8483d868289e65d168d5768f7d876d7aef,e578b4601915fad5,exact_duplicate,SHA-256 / pHash=0 / reviewed duplicate component
g000031,Black rot/black rot172.jpg,Black rot,vl_black_rot,b81a527bb5b620b3f55b11163af68bf9bf95a0f5aaba8d0a2b17c24d642e6bd2,c9ac8f2d8d2ba925,kept,Representative
g000027,Black rot/black rot173.jpg,Black rot,vl_black_rot,ec488a7f7fc96a08588be561ffd0db8483d868289e65d168d5768f7d876d7aef,e578b4601915fad5,exact_duplicate,SHA-256 / pHash=0 / reviewed duplicate component
g000028,Black rot/black rot175.jpg,Black rot,vl_black_rot,9eb3770654a5797e46598d962600990a76777b9d04aa75b993c4af5f49947a28,a791cfe283aea1a4,exact_duplicate,SHA-256 / pHash=0 / reviewed duplicate component
g000031,Black rot/black rot176.jpg,Black rot,vl_black_rot,b81a527bb5b620b3f55b11163af68bf9bf95a0f5aaba8d0a2b17c24d642e6bd2,c9ac8f2d8d2ba925,exact_duplicate,SHA-256 / pHash=0 / reviewed duplicate component
g000027,Black rot/black rot177.jpg,Black rot,vl_black_rot,ec488a7f7fc96a08588be561ffd0db8483d868289e65d168d5768f7d876d7aef,e578b4601915fad5,exact_duplicate,SHA-256 / pHash=0 / reviewed duplicate component
g000029,Black rot/black rot178.jpg,Black rot,vl_black_rot,83bad859b5d13c73cea1f2bcc218ca29487c4bf400a5a5f1fa20328a7f8d0d77,8eb1ac7b7905170e,exact_duplicate,SHA-256 / pHash=0 / reviewed duplicate component
g000037,Black rot/black rot186.jpg,Black rot,vl_black_rot,3eca55d6b08d62d203719b8aaa9ed8d39516f42d9ad12baa2590c1804fccd119,e813cfcaacb8851d,kept,Representative
g000031,Black rot/black rot191.jpg,Black rot,vl_black_rot,b81a527bb5b620b3f55b11163af68bf9bf95a0f5aaba8d0a2b17c24d642e6bd2,c9ac8f2d8d2ba925,exact_duplicate,SHA-256 / pHash=0 / reviewed duplicate component
g000027,Black rot/black rot192.jpg,Black rot,vl_black_rot,ec488a7f7fc96a08588be561ffd0db8483d868289e65d168d5768f7d876d7aef,e578b4601915fad5,exact_duplicate,SHA-256 / pHash=0 / reviewed duplicate component
g000028,Black rot/black rot193.jpg,Black rot,vl_black_rot,9eb3770654a5797e46598d962600990a76777b9d04aa75b993c4af5f49947a28,a791cfe283aea1a4,exact_duplicate,SHA-256 / pHash=0 / reviewed duplicate component
g000041,Black rot/black rot199.jpg,Black rot,vl_black_rot,84ea2747399f5dd59cfd1170d9e413e9875c66f5e21d425205ad16366c4769d1,b3c48d5b2c5f560a,kept,Representative
g000042,Black rot/black rot206.jpg,Black rot,vl_black_rot,9a3cde055cd7c52632358aed7aa75b4a8803962d5cf7dad79e4bbb2cf0adc808,b7cdd8715e08649a,kept,Representative
g000031,Black rot/black rot207.jpg,Black rot,vl_black_rot,b81a527bb5b620b3f55b11163af68bf9bf95a0f5aaba8d0a2b17c24d642e6bd2,c9ac8f2d8d2ba925,exact_duplicate,SHA-256 / pHash=0 / reviewed duplicate component
g000044,Black rot/black rot208.jpg,Black rot,vl_black_rot,fddd3cbd116ccd280e44a081b6514adc9dd9ab8b1cd7a85fd42c1da2a507da55,baa4a9d6a40b7b45,kept,Representative
g000045,Black rot/black rot212.jpg,Black rot,vl_black_rot,5144efe61b13a7ec7f72cfb28c48fe99b6cfed39dc7ffc80263608563aa9cf01,99c5e82e063b5d9a,kept,Representative
g000037,Black rot/black rot213.jpg,Black rot,vl_black_rot,3eca55d6b08d62d203719b8aaa9ed8d39516f42d9ad12baa2590c1804fccd119,e813cfcaacb8851d,exact_duplicate,SHA-256 / pHash=0 / reviewed duplicate component
g000041,Black rot/black rot214.jpg,Black rot,vl_black_rot,84ea2747399f5dd59cfd1170d9e413e9875c66f5e21d425205ad16366c4769d1,b3c48d5b2c5f560a,exact_duplicate,SHA-256 / pHash=0 / reviewed duplicate component
g000037,Black rot/black rot215.jpg,Black rot,vl_black_rot,3eca55d6b08d62d203719b8aaa9ed8d39516f42d9ad12baa2590c1804fccd119,e813cfcaacb8851d,exact_duplicate,SHA-256 / pHash=0 / reviewed duplicate component
g000042,Black rot/black rot216.jpg,Black rot,vl_black_rot,9a3cde055cd7c52632358aed7aa75b4a8803962d5cf7dad79e4bbb2cf0adc808,b7cdd8715e08649a,exact_duplicate,SHA-256 / pHash=0 / reviewed duplicate component
g000050,Black rot/black rot220.jpg,Black rot,vl_black_rot,93875a3bc388e49dd34cc31c60be00c8ecb7cd904d01d07703187406bb889103,f2cb222624d2eecd,kept,Representative
g000051,Black rot/black rot224.jpg,Black rot,vl_black_rot,959f5c08e00307fb92005e5f207d2024f139cc0ab38fb92677cbbcc8aab2b0c6,e2fb05563a3acb21,kept,Representative
g000052,Black rot/black rot228.jpg,Black rot,vl_black_rot,f7579a81776d5a587c650bee54ec320fd766ff9bd1ae8022ac8cf3fce618075b,eb7c19583d2b49c1,label_conflict,"Multiple labels: vl_black_rot, vl_leaf_blight"
g000037,Black rot/black rot229.jpg,Black rot,vl_black_rot,3eca55d6b08d62d203719b8aaa9ed8d39516f42d9ad12baa2590c1804fccd119,e813cfcaacb8851d,exact_duplicate,SHA-256 / pHash=0 / reviewed duplicate component
g000045,Black rot/black rot230.jpg,Black rot,vl_black_rot,5144efe61b13a7ec7f72cfb28c48fe99b6cfed39dc7ffc80263608563aa9cf01,99c5e82e063b5d9a,exact_duplicate,SHA-256 / pHash=0 / reviewed duplicate component
g000044,Black rot/black rot231.jpg,Black rot,vl_black_rot,fddd3cbd116ccd280e44a081b6514adc9dd9ab8b1cd7a85fd42c1da2a507da55,baa4a9d6a40b7b45,exact_duplicate,SHA-256 / pHash=0 / reviewed duplicate component
g000050,Black rot/black rot232.jpg,Black rot,vl_black_rot,93875a3bc388e49dd34cc31c60be00c8ecb7cd904d01d07703187406bb889103,f2cb222624d2eecd,exact_duplicate,SHA-256 / pHash=0 / reviewed duplicate component
g000057,Black rot/black rot236.jpg,Black rot,vl_black_rot,e01782974971c2cbc7a5fec5cbd716b12954bd4bd9ef8c3ee4746a81b03d8c85,f5b994ef21c90389,kept,Representative
g000058,Black rot/black rot240.jpg,Black rot,vl_black_rot,2db81a380d6965589e86d528540f045aea3d5d1b66b982684c9a9f0874a2137c,afc31af6446ee908,kept,Representative
g000041,Black rot/black rot241.jpg,Black rot,vl_black_rot,84ea2747399f5dd59cfd1170d9e413e9875c66f5e21d425205ad16366c4769d1,b3c48d5b2c5f560a,exact_duplicate,SHA-256 / pHash=0 / reviewed duplicate component
g000051,Black rot/black rot242.jpg,Black rot,vl_black_rot,959f5c08e00307fb92005e5f207d2024f139cc0ab38fb92677cbbcc8aab2b0c6,e2fb05563a3acb21,exact_duplicate,SHA-256 / pHash=0 / reviewed duplicate component
g000061,Black rot/black rot246.jpg,Black rot,vl_black_rot,52d847105f5d44875fb4827ff4dcc34601f6f73b9b1f451d0e5cc4800cb9897e,a29bd52869f40f2d,kept,Representative
g000042,Black rot/black rot247.jpg,Black rot,vl_black_rot,9a3cde055cd7c52632358aed7aa75b4a8803962d5cf7dad79e4bbb2cf0adc808,b7cdd8715e08649a,exact_duplicate,SHA-256 / pHash=0 / reviewed duplicate component
g000052,Black rot/black rot248.jpg,Black rot,vl_black_rot,f7579a81776d5a587c650bee54ec320fd766ff9bd1ae8022ac8cf3fce618075b,eb7c19583d2b49c1,label_conflict,"Multiple labels: vl_black_rot, vl_leaf_blight"
g000044,Black rot/black rot249.jpg,Black rot,vl_black_rot,fddd3cbd116ccd280e44a081b6514adc9dd9ab8b1cd7a85fd42c1da2a507da55,baa4a9d6a40b7b45,exact_duplicate,SHA-256 / pHash=0 / reviewed duplicate component
g000057,Black rot/black rot250.jpg,Black rot,vl_black_rot,e01782974971c2cbc7a5fec5cbd716b12954bd4bd9ef8c3ee4746a81b03d8c85,f5b994ef21c90389,exact_duplicate,SHA-256 / pHash=0 / reviewed duplicate component
g000045,Black rot/black rot251.jpg,Black rot,vl_black_rot,5144efe61b13a7ec7f72cfb28c48fe99b6cfed39dc7ffc80263608563aa9cf01,99c5e82e063b5d9a,exact_duplicate,SHA-256 / pHash=0 / reviewed duplicate component
g000058,Black rot/black rot252.jpg,Black rot,vl_black_rot,2db81a380d6965589e86d528540f045aea3d5d1b66b982684c9a9f0874a2137c,afc31af6446ee908,exact_duplicate,SHA-256 / pHash=0 / reviewed duplicate component
g000041,Black rot/black rot253.jpg,Black rot,vl_black_rot,84ea2747399f5dd59cfd1170d9e413e9875c66f5e21d425205ad16366c4769d1,b3c48d5b2c5f560a,exact_duplicate,SHA-256 / pHash=0 / reviewed duplicate component
g000061,Black rot/black rot254.jpg,Black rot,vl_black_rot,52d847105f5d44875fb4827ff4dcc34601f6f73b9b1f451d0e5cc4800cb9897e,a29bd52869f40f2d,exact_duplicate,SHA-256 / pHash=0 / reviewed duplicate component
g000042,Black rot/black rot255.jpg,Black rot,vl_black_rot,9a3cde055cd7c52632358aed7aa75b4a8803962d5cf7dad79e4bbb2cf0adc808,b7cdd8715e08649a,exact_duplicate,SHA-256 / pHash=0 / reviewed duplicate component
g000031,Black rot/black rot256.jpg,Black rot,vl_black_rot,b81a527bb5b620b3f55b11163af68bf9bf95a0f5aaba8d0a2b17c24d642e6bd2,c9ac8f2d8d2ba925,exact_duplicate,SHA-256 / pHash=0 / reviewed duplicate component
g000050,Black rot/black rot257.jpg,Black rot,vl_black_rot,93875a3bc388e49dd34cc31c60be00c8ecb7cd904d01d07703187406bb889103,f2cb222624d2eecd,exact_duplicate,SHA-256 / pHash=0 / reviewed duplicate component
g000037,Black rot/black rot258.jpg,Black rot,vl_black_rot,3eca55d6b08d62d203719b8aaa9ed8d39516f42d9ad12baa2590c1804fccd119,e813cfcaacb8851d,exact_duplicate,SHA-256 / pHash=0 / reviewed duplicate component
g000051,Black rot/black rot259.jpg,Black rot,vl_black_rot,959f5c08e00307fb92005e5f207d2024f139cc0ab38fb92677cbbcc8aab2b0c6,e2fb05563a3acb21,exact_duplicate,SHA-256 / pHash=0 / reviewed duplicate component
g000044,Black rot/black rot260.jpg,Black rot,vl_black_rot,fddd3cbd116ccd280e44a081b6514adc9dd9ab8b1cd7a85fd42c1da2a507da55,baa4a9d6a40b7b45,exact_duplicate,SHA-256 / pHash=0 / reviewed duplicate component
g000052,Black rot/black rot261.jpg,Black rot,vl_black_rot,f7579a81776d5a587c650bee54ec320fd766ff9bd1ae8022ac8cf3fce618075b,eb7c19583d2b49c1,label_conflict,"Multiple labels: vl_black_rot, vl_leaf_blight"
g000041,Black rot/black rot262.jpg,Black rot,vl_black_rot,84ea2747399f5dd59cfd1170d9e413e9875c66f5e21d425205ad16366c4769d1,b3c48d5b2c5f560a,exact_duplicate,SHA-256 / pHash=0 / reviewed duplicate component
g000045,Black rot/black rot263.jpg,Black rot,vl_black_rot,5144efe61b13a7ec7f72cfb28c48fe99b6cfed39dc7ffc80263608563aa9cf01,99c5e82e063b5d9a,exact_duplicate,SHA-256 / pHash=0 / reviewed duplicate component
g000042,Black rot/black rot264.jpg,Black rot,vl_black_rot,9a3cde055cd7c52632358aed7aa75b4a8803962d5cf7dad79e4bbb2cf0adc808,b7cdd8715e08649a,exact_duplicate,SHA-256 / pHash=0 / reviewed duplicate component
g000050,Black rot/black rot265.jpg,Black rot,vl_black_rot,93875a3bc388e49dd34cc31c60be00c8ecb7cd904d01d07703187406bb889103,f2cb222624d2eecd,exact_duplicate,SHA-256 / pHash=0 / reviewed duplicate component
g000057,Black rot/black rot267.jpg,Black rot,vl_black_rot,e01782974971c2cbc7a5fec5cbd716b12954bd4bd9ef8c3ee4746a81b03d8c85,f5b994ef21c90389,exact_duplicate,SHA-256 / pHash=0 / reviewed duplicate component
g000082,Black rot/black rot272.jpg,Black rot,vl_black_rot,8c45000bbdb03df539016e2bf7d3ad1861cf76626a8605c6d117efeb5160347a,a0929ff9281dacce,kept,Representative
g000058,Black rot/black rot273.jpg,Black rot,vl_black_rot,2db81a380d6965589e86d528540f045aea3d5d1b66b982684c9a9f0874a2137c,afc31af6446ee908,exact_duplicate,SHA-256 / pHash=0 / reviewed duplicate component
g000051,Black rot/black rot276.jpg,Black rot,vl_black_rot,959f5c08e00307fb92005e5f207d2024f139cc0ab38fb92677cbbcc8aab2b0c6,e2fb05563a3acb21,exact_duplicate,SHA-256 / pHash=0 / reviewed duplicate component
g000061,Black rot/black rot277.jpg,Black rot,vl_black_rot,52d847105f5d44875fb4827ff4dcc34601f6f73b9b1f451d0e5cc4800cb9897e,a29bd52869f40f2d,exact_duplicate,SHA-256 / pHash=0 / reviewed duplicate component
g000052,Black rot/black rot279.jpg,Black rot,vl_black_rot,f7579a81776d5a587c650bee54ec320fd766ff9bd1ae8022ac8cf3fce618075b,eb7c19583d2b49c1,label_conflict,"Multiple labels: vl_black_rot, vl_leaf_blight"
g000057,Black rot/black rot281.jpg,Black rot,vl_black_rot,e01782974971c2cbc7a5fec5cbd716b12954bd4bd9ef8c3ee4746a81b03d8c85,f5b994ef21c90389,exact_duplicate,SHA-256 / pHash=0 / reviewed duplicate component
g000058,Black rot/black rot282.jpg,Black rot,vl_black_rot,2db81a380d6965589e86d528540f045aea3d5d1b66b982684c9a9f0874a2137c,afc31af6446ee908,exact_duplicate,SHA-256 / pHash=0 / reviewed duplicate component
g000061,Black rot/black rot284.jpg,Black rot,vl_black_rot,52d847105f5d44875fb4827ff4dcc34601f6f73b9b1f451d0e5cc4800cb9897e,a29bd52869f40f2d,exact_duplicate,SHA-256 / pHash=0 / reviewed duplicate component
g000061,Black rot/black rot289.jpg,Black rot,vl_black_rot,52d847105f5d44875fb4827ff4dcc34601f6f73b9b1f451d0e5cc4800cb9897e,a29bd52869f40f2d,exact_duplicate,SHA-256 / pHash=0 / reviewed duplicate component
g000091,Black rot/black rot290.jpg,Black rot,vl_black_rot,c5efb0e7653526ce50dedd5952e14cec540df0d5d86c2015debc3052e862f706,abb516d0ad4a522f,kept,Representative
g000092,Black rot/black rot294.jpg,Black rot,vl_black_rot,71fbd957b9f956d86feabb089060d4e7bd02b8bb2570ccb882bfab207b50b690,abd897f0229f801f,kept,Representative
g000093,Black rot/black rot298.jpg,Black rot,vl_black_rot,cfdbe282898a599c42a84ca53555882fb557606e5d909f99a9cc74aec1e7b1a1,a0ab1bc26a4f75ca,kept,Representative
g000082,Black rot/black rot299.jpg,Black rot,vl_black_rot,8c45000bbdb03df539016e2bf7d3ad1861cf76626a8605c6d117efeb5160347a,a0929ff9281dacce,exact_duplicate,SHA-256 / pHash=0 / reviewed duplicate component
g000093,Black rot/black rot302.jpg,Black rot,vl_black_rot,cfdbe282898a599c42a84ca53555882fb557606e5d909f99a9cc74aec1e7b1a1,a0ab1bc26a4f75ca,exact_duplicate,SHA-256 / pHash=0 / reviewed duplicate component
g000091,Black rot/black rot306.jpg,Black rot,vl_black_rot,c5efb0e7653526ce50dedd5952e14cec540df0d5d86c2015debc3052e862f706,abb516d0ad4a522f,exact_duplicate,SHA-256 / pHash=0 / reviewed duplicate component
g000097,Black rot/black rot310.jpg,Black rot,vl_black_rot,7bef8995084830ed6632c6dfb6b4dbe619c04327285c3786a79fd1a3bd340816,a1eab5c0a555a63d,kept,Representative
g000098,Black rot/black rot314.jpg,Black rot,vl_black_rot,282adf1ca96fabc29d2978b3a7eb1668398711511963cd14746fed9e8bb0e9a6,c8a5cc694ef096cb,kept,Representative
g000092,Black rot/black rot315.jpg,Black rot,vl_black_rot,71fbd957b9f956d86feabb089060d4e7bd02b8bb2570ccb882bfab207b50b690,abd897f0229f801f,exact_duplicate,SHA-256 / pHash=0 / reviewed duplicate component
g000097,Black rot/black rot316.jpg,Black rot,vl_black_rot,7bef8995084830ed6632c6dfb6b4dbe619c04327285c3786a79fd1a3bd340816,a1eab5c0a555a63d,exact_duplicate,SHA-256 / pHash=0 / reviewed duplicate component
g000093,Black rot/black rot317.jpg,Black rot,vl_black_rot,cfdbe282898a599c42a84ca53555882fb557606e5d909f99a9cc74aec1e7b1a1,a0ab1bc26a4f75ca,exact_duplicate,SHA-256 / pHash=0 / reviewed duplicate component
g000098,Black rot/black rot318.jpg,Black rot,vl_black_rot,282adf1ca96fabc29d2978b3a7eb1668398711511963cd14746fed9e8bb0e9a6,c8a5cc694ef096cb,exact_duplicate,SHA-256 / pHash=0 / reviewed duplicate component
g000092,Black rot/black rot319.jpg,Black rot,vl_black_rot,71fbd957b9f956d86feabb089060d4e7bd02b8bb2570ccb882bfab207b50b690,abd897f0229f801f,exact_duplicate,SHA-256 / pHash=0 / reviewed duplicate component
g000092,Black rot/black rot320.jpg,Black rot,vl_black_rot,71fbd957b9f956d86feabb089060d4e7bd02b8bb2570ccb882bfab207b50b690,abd897f0229f801f,exact_duplicate,SHA-256 / pHash=0 / reviewed duplicate component
g000105,Black rot/black rot324.jpg,Black rot,vl_black_rot,8dae63400e28cbad01dbf0426c535676c82f9b7aa52e739eedc0014afd7af9c8,de1e1d3525576143,kept,Representative
g000106,Black rot/black rot328.jpg,Black rot,vl_black_rot,dc8f821fe17bfbe23d2523b9c867cb14ce97e25979ebc5b2d67a1d67cc944a63,cdadba16971f0702,kept,Representative
g000093,Black rot/black rot329.jpg,Black rot,vl_black_rot,cfdbe282898a599c42a84ca53555882fb557606e5d909f99a9cc74aec1e7b1a1,a0ab1bc26a4f75ca,exact_duplicate,SHA-256 / pHash=0 / reviewed duplicate component
g000105,Black rot/black rot330.jpg,Black rot,vl_black_rot,8dae63400e28cbad01dbf0426c535676c82f9b7aa52e739eedc0014afd7af9c8,de1e1d3525576143,exact_duplicate,SHA-256 / pHash=0 / reviewed duplicate component
g000097,Black rot/black rot331.jpg,Black rot,vl_black_rot,7bef8995084830ed6632c6dfb6b4dbe619c04327285c3786a79fd1a3bd340816,a1eab5c0a555a63d,exact_duplicate,SHA-256 / pHash=0 / reviewed duplicate component
g000106,Black rot/black rot332.jpg,Black rot,vl_black_rot,dc8f821fe17bfbe23d2523b9c867cb14ce97e25979ebc5b2d67a1d67cc944a63,cdadba16971f0702,exact_duplicate,SHA-256 / pHash=0 / reviewed duplicate component
g000111,Black rot/black rot336.jpg,Black rot,vl_black_rot,6f3d83a5063c29bf82f71068443bf317b629511fb6c4b5d97ed14cb23b555fde,b4c1f9927b583b41,kept,Representative
g000112,Black rot/black rot340.jpg,Black rot,vl_black_rot,9cd753fb2bb8a9d70db2c9796e78a2d0ca91046c5094e7950d79472eb14f112d,acb7ca4c053fa256,kept,Representative
g000113,Black rot/black rot344.jpg,Black rot,vl_black_rot,f2293cad0addc59cfebd591ed90d3b34dbb7bd882365418664b2b94c2d69ce5a,b4939a9f8d8a9714,kept,Representative
g000114,Black rot/black rot348.jpg,Black rot,vl_black_rot,405a750bd60f12f7d787f4c8aa3be5280f5d3a316878ddaa1c602953bdba4890,ac5e94269f970a1b,kept,Representative
g000115,Black rot/black rot352.jpg,Black rot,vl_black_rot,e5cd92b99019418c099e86dad1c7e49ed45d6e88739cd3bd3b0e4a117eb5d409,bb81ec2052fe966a,kept,Representative
g000116,Black rot/black rot356.jpg,Black rot,vl_black_rot,2474c25adac84528d789ada39d7cda1e99e28e5ce3e2f24ddd02463b397d58e9,b29339135017da6f,kept,Representative
g000098,Black rot/black rot357.jpg,Black rot,vl_black_rot,282adf1ca96fabc29d2978b3a7eb1668398711511963cd14746fed9e8bb0e9a6,c8a5cc694ef096cb,exact_duplicate,SHA-256 / pHash=0 / reviewed duplicate component
g000111,Black rot/black rot358.jpg,Black rot,vl_black_rot,6f3d83a5063c29bf82f71068443bf317b629511fb6c4b5d97ed14cb23b555fde,b4c1f9927b583b41,exact_duplicate,SHA-256 / pHash=0 / reviewed duplicate component
g000119,Black rot/black rot359.jpg,Black rot,vl_black_rot,8f5b632872a0b9e7e95e61056ce2bc6ad07d2e48bc43d7811f8036e55b242a85,8e066f332878373d,kept,Representative
g000119,Black rot/black rot360.jpg,Black rot,vl_black_rot,8f5b632872a0b9e7e95e61056ce2bc6ad07d2e48bc43d7811f8036e55b242a85,8e066f332878373d,exact_duplicate,SHA-256 / pHash=0 / reviewed duplicate component
g000119,Black rot/black rot361.jpg,Black rot,vl_black_rot,8f5b632872a0b9e7e95e61056ce2bc6ad07d2e48bc43d7811f8036e55b242a85,8e066f332878373d,exact_duplicate,SHA-256 / pHash=0 / reviewed duplicate component
g000119,Black rot/black rot362.jpg,Black rot,vl_black_rot,8f5b632872a0b9e7e95e61056ce2bc6ad07d2e48bc43d7811f8036e55b242a85,8e066f332878373d,exact_duplicate,SHA-256 / pHash=0 / reviewed duplicate component
g000097,Black rot/black rot363.jpg,Black rot,vl_black_rot,7bef8995084830ed6632c6dfb6b4dbe619c04327285c3786a79fd1a3bd340816,a1eab5c0a555a63d,exact_duplicate,SHA-256 / pHash=0 / reviewed duplicate component
g000112,Black rot/black rot364.jpg,Black rot,vl_black_rot,9cd753fb2bb8a9d70db2c9796e78a2d0ca91046c5094e7950d79472eb14f112d,acb7ca4c053fa256,exact_duplicate,SHA-256 / pHash=0 / reviewed duplicate component
g000098,Black rot/black rot365.jpg,Black rot,vl_black_rot,282adf1ca96fabc29d2978b3a7eb1668398711511963cd14746fed9e8bb0e9a6,c8a5cc694ef096cb,exact_duplicate,SHA-256 / pHash=0 / reviewed duplicate component
g000113,Black rot/black rot366.jpg,Black rot,vl_black_rot,f2293cad0addc59cfebd591ed90d3b34dbb7bd882365418664b2b94c2d69ce5a,b4939a9f8d8a9714,exact_duplicate,SHA-256 / pHash=0 / reviewed duplicate component
g000105,Black rot/black rot367.jpg,Black rot,vl_black_rot,8dae63400e28cbad01dbf0426c535676c82f9b7aa52e739eedc0014afd7af9c8,de1e1d3525576143,exact_duplicate,SHA-256 / pHash=0 / reviewed duplicate component
g000114,Black rot/black rot368.jpg,Black rot,vl_black_rot,405a750bd60f12f7d787f4c8aa3be5280f5d3a316878ddaa1c602953bdba4890,ac5e94269f970a1b,exact_duplicate,SHA-256 / pHash=0 / reviewed duplicate component
g000129,Black rot/black rot372.jpg,Black rot,vl_black_rot,a778bdb415058b908ac1b7670a7a38e95a72372a3fc64b1ee30ca2b60ad71947,8a8b8574fc1e603f,kept,Representative
g000130,Black rot/black rot376.jpg,Black rot,vl_black_rot,65182b29e14451755602b9e59560cc1365a1e27e115cc5ae1d5f4e94ccd6930c,cac33d8880369f3f,kept,Representative
g000131,Black rot/black rot380.jpg,Black rot,vl_black_rot,d7f17e5c2336b2c585badb7396465d708dce8b0da9cb700128ccba130957ba33,a2b8fd85021f1f3a,kept,Representative
g000132,Black rot/black rot383.jpg,Black rot,vl_black_rot,3257e047da9880817e3c4225129fe769150529c4ac9361429822ca93e3daf344,e377117b2319305b,kept,Representative
g000133,Black rot/black rot385.jpg,Black rot,vl_black_rot,a424a146d2fc3ffe71ad3b1b76410a1f4efb35f13cba1e9ad1a2787d149e22a0,a5b83e66b0098b77,kept,Representative
g000133,Black rot/black rot386.jpg,Black rot,vl_black_rot,a424a146d2fc3ffe71ad3b1b76410a1f4efb35f13cba1e9ad1a2787d149e22a0,a5b83e66b0098b77,exact_duplicate,SHA-256 / pHash=0 / reviewed duplicate component
g000133,Black rot/black rot387.jpg,Black rot,vl_black_rot,a424a146d2fc3ffe71ad3b1b76410a1f4efb35f13cba1e9ad1a2787d149e22a0,a5b83e66b0098b77,exact_duplicate,SHA-256 / pHash=0 / reviewed duplicate component
g000133,Black rot/black rot388.jpg,Black rot,vl_black_rot,a424a146d2fc3ffe71ad3b1b76410a1f4efb35f13cba1e9ad1a2787d149e22a0,a5b83e66b0098b77,exact_duplicate,SHA-256 / pHash=0 / reviewed duplicate component
g000137,Black rot/black rot389.jpg,Black rot,vl_black_rot,57067cedbc49fb6e3c23458fbc43648ed5232a763e47d407987516dc6365b88a,8ca976aac96635ca,kept,Representative
g000138,Black rot/black rot393.jpg,Black rot,vl_black_rot,cc5764847628efc2a6db62e9b06dea292a43a719e60a3e80834993f789073199,abca3d3d164a164b,kept,Representative
g000139,Black rot/black rot400.jpg,Black rot,vl_black_rot,aff4068a853d1b1f4de2902d22579dbce77243fc282015e0038c363a9922707a,a8f50b7a90b8a32f,kept,Representative
g000106,Black rot/black rot401.jpg,Black rot,vl_black_rot,dc8f821fe17bfbe23d2523b9c867cb14ce97e25979ebc5b2d67a1d67cc944a63,cdadba16971f0702,exact_duplicate,SHA-256 / pHash=0 / reviewed duplicate component
g000115,Black rot/black rot402.jpg,Black rot,vl_black_rot,e5cd92b99019418c099e86dad1c7e49ed45d6e88739cd3bd3b0e4a117eb5d409,bb81ec2052fe966a,exact_duplicate,SHA-256 / pHash=0 / reviewed duplicate component
g000142,Black rot/black rot407.jpg,Black rot,vl_black_rot,3891b23996521043b45d08f27575940dff4d054ce500dd418ec596d7709b78f8,aad2e9a9a903f1cc,kept,Representative
g000143,Black rot/black rot414.jpg,Black rot,vl_black_rot,e57131d7a37181c2daa3d37ef19fdfb2bd4ba64680b899c1cd6a84579feceda1,acdb0e3b162c587a,kept,Representative
g000144,Black rot/black rot418.jpg,Black rot,vl_black_rot,92fc81efae160110f92aab075ac2dedf451838faa322ee44a53f966df818212a,ab8d787aa7a79014,kept,Representative
g000145,Black rot/black rot422.jpg,Black rot,vl_black_rot,4bbfff8e37953ba5501afab495c4d80c63a4f284a5e111d55a1edfe5ce123cbc,8463cccfb925332e,kept,Representative
g000146,Black rot/black rot426.jpg,Black rot,vl_black_rot,4b4b2073b7140a86d9ea5c4c023efb580b14f5d2be202f6a27282ad87ac176f8,aee5ea85a360bca1,kept,Representative
g000147,Black rot/black rot427.jpg,Black rot,vl_black_rot,c38aa99e8dc1c52c3a967fb55dc776722209d381e5d8b323842efdcce5297efe,a5ce92ae46d2ec1a,kept,Representative
g000148,Black rot/black rot431.jpg,Black rot,vl_black_rot,4cae60fedf41ec12872f44eb0d5c15466d07d67ac11fc1449ba6f9f09a8f0b4d,a6ca646ad32d48dd,kept,Representative
g000105,Black rot/black rot435.jpg,Black rot,vl_black_rot,8dae63400e28cbad01dbf0426c535676c82f9b7aa52e739eedc0014afd7af9c8,de1e1d3525576143,exact_duplicate,SHA-256 / pHash=0 / reviewed duplicate component
g000116,Black rot/black rot436.jpg,Black rot,vl_black_rot,2474c25adac84528d789ada39d7cda1e99e28e5ce3e2f24ddd02463b397d58e9,b29339135017da6f,exact_duplicate,SHA-256 / pHash=0 / reviewed duplicate component
g000106,Black rot/black rot437.jpg,Black rot,vl_black_rot,dc8f821fe17bfbe23d2523b9c867cb14ce97e25979ebc5b2d67a1d67cc944a63,cdadba16971f0702,exact_duplicate,SHA-256 / pHash=0 / reviewed duplicate component
g000119,Black rot/black rot438.jpg,Black rot,vl_black_rot,8f5b632872a0b9e7e95e61056ce2bc6ad07d2e48bc43d7811f8036e55b242a85,8e066f332878373d,exact_duplicate,SHA-256 / pHash=0 / reviewed duplicate component
g000111,Black rot/black rot439.jpg,Black rot,vl_black_rot,6f3d83a5063c29bf82f71068443bf317b629511fb6c4b5d97ed14cb23b555fde,b4c1f9927b583b41,exact_duplicate,SHA-256 / pHash=0 / reviewed duplicate component
g000129,Black rot/black rot440.jpg,Black rot,vl_black_rot,a778bdb415058b908ac1b7670a7a38e95a72372a3fc64b1ee30ca2b60ad71947,8a8b8574fc1e603f,exact_duplicate,SHA-256 / pHash=0 / reviewed duplicate component
g000112,Black rot/black rot441.jpg,Black rot,vl_black_rot,9cd753fb2bb8a9d70db2c9796e78a2d0ca91046c5094e7950d79472eb14f112d,acb7ca4c053fa256,exact_duplicate,SHA-256 / pHash=0 / reviewed duplicate component
g000130,Black rot/black rot442.jpg,Black rot,vl_black_rot,65182b29e14451755602b9e59560cc1365a1e27e115cc5ae1d5f4e94ccd6930c,cac33d8880369f3f,exact_duplicate,SHA-256 / pHash=0 / reviewed duplicate component
g000157,Black rot/black rot443.jpg,Black rot,vl_black_rot,e1a6cbc69e78fbc0cd1968dc7ce20f4a1f3f34dc7d57a2cb521a8880b3ca71bf,aaa16cc93d8ff610,kept,Representative
g000131,Black rot/black rot450.jpg,Black rot,vl_black_rot,d7f17e5c2336b2c585badb7396465d708dce8b0da9cb700128ccba130957ba33,a2b8fd85021f1f3a,exact_duplicate,SHA-256 / pHash=0 / reviewed duplicate component
g000132,Black rot/black rot452.jpg,Black rot,vl_black_rot,3257e047da9880817e3c4225129fe769150529c4ac9361429822ca93e3daf344,e377117b2319305b,exact_duplicate,SHA-256 / pHash=0 / reviewed duplicate component
g000133,Black rot/black rot454.jpg,Black rot,vl_black_rot,a424a146d2fc3ffe71ad3b1b76410a1f4efb35f13cba1e9ad1a2787d149e22a0,a5b83e66b0098b77,exact_duplicate,SHA-256 / pHash=0 / reviewed duplicate component
g000137,Black rot/black rot456.jpg,Black rot,vl_black_rot,57067cedbc49fb6e3c23458fbc43648ed5232a763e47d407987516dc6365b88a,8ca976aac96635ca,exact_duplicate,SHA-256 / pHash=0 / reviewed duplicate component
g000162,Black rot/black rot457.jpg,Black rot,vl_black_rot,c8c1a892c1f178f0b552ec9d9a3bf41cf18d2d08a513ae9e6116885b38103067,c6549642c2fb5eca,kept,Representative
g000163,Black rot/black rot461.jpg,Black rot,vl_black_rot,605c86920ce12932d318073058b232589b54c58c83ea87c9a57cfb25dbc000f5,aa47565c64b922fa,kept,Representative
g000164,Black rot/black rot465.jpg,Black rot,vl_black_rot,31473c202a2db3302c8cf5ef3da8b251438d48ca77e6354944d5cc109388b63e,adcacbcf29513425,kept,Representative
g000137,Black rot/black rot469.jpg,Black rot,vl_black_rot,57067cedbc49fb6e3c23458fbc43648ed5232a763e47d407987516dc6365b88a,8ca976aac96635ca,exact_duplicate,SHA-256 / pHash=0 / reviewed duplicate component
g000162,Black rot/black rot470.jpg,Black rot,vl_black_rot,c8c1a892c1f178f0b552ec9d9a3bf41cf18d2d08a513ae9e6116885b38103067,c6549642c2fb5eca,exact_duplicate,SHA-256 / pHash=0 / reviewed duplicate component
g000167,Black rot/black rot471.jpg,Black rot,vl_black_rot,81b60beef40294d9e5178c32d748c87b5baf245793bd66acb396f71582424124,ceae3b869a9a6518,kept,Representative
g000162,Black rot/black rot475.jpg,Black rot,vl_black_rot,c8c1a892c1f178f0b552ec9d9a3bf41cf18d2d08a513ae9e6116885b38103067,c6549642c2fb5eca,exact_duplicate,SHA-256 / pHash=0 / reviewed duplicate component
g000163,Black rot/black rot476.jpg,Black rot,vl_black_rot,605c86920ce12932d318073058b232589b54c58c83ea87c9a57cfb25dbc000f5,aa47565c64b922fa,exact_duplicate,SHA-256 / pHash=0 / reviewed duplicate component
g000170,Black rot/black rot477.jpg,Black rot,vl_black_rot,6781e4aaa6cef8a1021d2659328432fa186577462fff3f4d619932b24baa2203,b5b88e6263c37ca8,kept,Representative
g000163,Black rot/black rot481.jpg,Black rot,vl_black_rot,605c86920ce12932d318073058b232589b54c58c83ea87c9a57cfb25dbc000f5,aa47565c64b922fa,exact_duplicate,SHA-256 / pHash=0 / reviewed duplicate component
g000164,Black rot/black rot482.jpg,Black rot,vl_black_rot,31473c202a2db3302c8cf5ef3da8b251438d48ca77e6354944d5cc109388b63e,adcacbcf29513425,exact_duplicate,SHA-256 / pHash=0 / reviewed duplicate component
g000173,Black rot/black rot483.jpg,Black rot,vl_black_rot,15313503ea228d39290b357f9644a29ffad6fdfc82ed167b21a2126e21ed9df0,baeacb05f2328d94,kept,Representative
g000174,Black rot/black rot491.jpg,Black rot,vl_black_rot,2b59fd8a23aaa6a6c82b7e32bd4b1c111c6dc2d60e107c70024ed46cb84c9366,a6c985b87a25f1f0,kept,Representative
g000164,Black rot/black rot495.jpg,Black rot,vl_black_rot,31473c202a2db3302c8cf5ef3da8b251438d48ca77e6354944d5cc109388b63e,adcacbcf29513425,exact_duplicate,SHA-256 / pHash=0 / reviewed duplicate component
g000167,Black rot/black rot496.jpg,Black rot,vl_black_rot,81b60beef40294d9e5178c32d748c87b5baf245793bd66acb396f71582424124,ceae3b869a9a6518,exact_duplicate,SHA-256 / pHash=0 / reviewed duplicate component
g000162,Black rot/black rot497.jpg,Black rot,vl_black_rot,c8c1a892c1f178f0b552ec9d9a3bf41cf18d2d08a513ae9e6116885b38103067,c6549642c2fb5eca,exact_duplicate,SHA-256 / pHash=0 / reviewed duplicate component
g000170,Black rot/black rot498.jpg,Black rot,vl_black_rot,6781e4aaa6cef8a1021d2659328432fa186577462fff3f4d619932b24baa2203,b5b88e6263c37ca8,exact_duplicate,SHA-256 / pHash=0 / reviewed duplicate component
g000167,Black rot/black rot499.jpg,Black rot,vl_black_rot,81b60beef40294d9e5178c32d748c87b5baf245793bd66acb396f71582424124,ceae3b869a9a6518,exact_duplicate,SHA-256 / pHash=0 / reviewed duplicate component
g000173,Black rot/black rot500.jpg,Black rot,vl_black_rot,15313503ea228d39290b357f9644a29ffad6fdfc82ed167b21a2126e21ed9df0,baeacb05f2328d94,exact_duplicate,SHA-256 / pHash=0 / reviewed duplicate component
g000163,Black rot/black rot505.jpg,Black rot,vl_black_rot,605c86920ce12932d318073058b232589b54c58c83ea87c9a57cfb25dbc000f5,aa47565c64b922fa,exact_duplicate,SHA-256 / pHash=0 / reviewed duplicate component
g000182,Black rot/black rot506.jpg,Black rot,vl_black_rot,dada75a507b03264aad6b8545c395a1e8caeff8bd97bc9e97959ba44ff06aa4e,af0a862e956094ff,kept,Representative
g000170,Black rot/black rot507.jpg,Black rot,vl_black_rot,6781e4aaa6cef8a1021d2659328432fa186577462fff3f4d619932b24baa2203,b5b88e6263c37ca8,exact_duplicate,SHA-256 / pHash=0 / reviewed duplicate component
g000174,Black rot/black rot508.jpg,Black rot,vl_black_rot,2b59fd8a23aaa6a6c82b7e32bd4b1c111c6dc2d60e107c70024ed46cb84c9366,a6c985b87a25f1f0,exact_duplicate,SHA-256 / pHash=0 / reviewed duplicate component
g000164,Black rot/black rot509.jpg,Black rot,vl_black_rot,31473c202a2db3302c8cf5ef3da8b251438d48ca77e6354944d5cc109388b63e,adcacbcf29513425,exact_duplicate,SHA-256 / pHash=0 / reviewed duplicate component
g000186,Black rot/black rot510.jpg,Black rot,vl_black_rot,40f292c69dc17eff1ecd27612a7effa043bb3d156ca135558abe2f141aff7dad,b6fe15d29a979440,kept,Representative
g000173,Black rot/black rot511.jpg,Black rot,vl_black_rot,15313503ea228d39290b357f9644a29ffad6fdfc82ed167b21a2126e21ed9df0,baeacb05f2328d94,exact_duplicate,SHA-256 / pHash=0 / reviewed duplicate component
g000138,Black rot/black rot512.jpg,Black rot,vl_black_rot,cc5764847628efc2a6db62e9b06dea292a43a719e60a3e80834993f789073199,abca3d3d164a164b,exact_duplicate,SHA-256 / pHash=0 / reviewed duplicate component
g000182,Black rot/black rot513.jpg,Black rot,vl_black_rot,dada75a507b03264aad6b8545c395a1e8caeff8bd97bc9e97959ba44ff06aa4e,af0a862e956094ff,exact_duplicate,SHA-256 / pHash=0 / reviewed duplicate component
g000139,Black rot/black rot514.jpg,Black rot,vl_black_rot,aff4068a853d1b1f4de2902d22579dbce77243fc282015e0038c363a9922707a,a8f50b7a90b8a32f,exact_duplicate,SHA-256 / pHash=0 / reviewed duplicate component
g000174,Black rot/black rot515.jpg,Black rot,vl_black_rot,2b59fd8a23aaa6a6c82b7e32bd4b1c111c6dc2d60e107c70024ed46cb84c9366,a6c985b87a25f1f0,exact_duplicate,SHA-256 / pHash=0 / reviewed duplicate component
g000167,Black rot/black rot517.jpg,Black rot,vl_black_rot,81b60beef40294d9e5178c32d748c87b5baf245793bd66acb396f71582424124,ceae3b869a9a6518,exact_duplicate,SHA-256 / pHash=0 / reviewed duplicate component
g000142,Black rot/black rot518.jpg,Black rot,vl_black_rot,3891b23996521043b45d08f27575940dff4d054ce500dd418ec596d7709b78f8,aad2e9a9a903f1cc,exact_duplicate,SHA-256 / pHash=0 / reviewed duplicate component
g000170,Black rot/black rot519.jpg,Black rot,vl_black_rot,6781e4aaa6cef8a1021d2659328432fa186577462fff3f4d619932b24baa2203,b5b88e6263c37ca8,exact_duplicate,SHA-256 / pHash=0 / reviewed duplicate component
g000143,Black rot/black rot520.jpg,Black rot,vl_black_rot,e57131d7a37181c2daa3d37ef19fdfb2bd4ba64680b899c1cd6a84579feceda1,acdb0e3b162c587a,exact_duplicate,SHA-256 / pHash=0 / reviewed duplicate component
g000173,Black rot/black rot525.jpg,Black rot,vl_black_rot,15313503ea228d39290b357f9644a29ffad6fdfc82ed167b21a2126e21ed9df0,baeacb05f2328d94,exact_duplicate,SHA-256 / pHash=0 / reviewed duplicate component
g000197,Black rot/black rot526.jpg,Black rot,vl_black_rot,04448c07ec50565df02fd8cccdf0fbc5d696a66706d202ff122a04c015f2eb9f,abe3137990bdd812,kept,Representative
g000186,Black rot/black rot527.jpg,Black rot,vl_black_rot,40f292c69dc17eff1ecd27612a7effa043bb3d156ca135558abe2f141aff7dad,b6fe15d29a979440,exact_duplicate,SHA-256 / pHash=0 / reviewed duplicate component
g000144,Black rot/black rot528.jpg,Black rot,vl_black_rot,92fc81efae160110f92aab075ac2dedf451838faa322ee44a53f966df818212a,ab8d787aa7a79014,exact_duplicate,SHA-256 / pHash=0 / reviewed duplicate component
g000182,Black rot/black rot529.jpg,Black rot,vl_black_rot,dada75a507b03264aad6b8545c395a1e8caeff8bd97bc9e97959ba44ff06aa4e,af0a862e956094ff,exact_duplicate,SHA-256 / pHash=0 / reviewed duplicate component
g000145,Black rot/black rot530.jpg,Black rot,vl_black_rot,4bbfff8e37953ba5501afab495c4d80c63a4f284a5e111d55a1edfe5ce123cbc,8463cccfb925332e,exact_duplicate,SHA-256 / pHash=0 / reviewed duplicate component
g000174,Black rot/black rot531.jpg,Black rot,vl_black_rot,2b59fd8a23aaa6a6c82b7e32bd4b1c111c6dc2d60e107c70024ed46cb84c9366,a6c985b87a25f1f0,exact_duplicate,SHA-256 / pHash=0 / reviewed duplicate component
g000146,Black rot/black rot532.jpg,Black rot,vl_black_rot,4b4b2073b7140a86d9ea5c4c023efb580b14f5d2be202f6a27282ad87ac176f8,aee5ea85a360bca1,exact_duplicate,SHA-256 / pHash=0 / reviewed duplicate component
g000186,Black rot/black rot533.jpg,Black rot,vl_black_rot,40f292c69dc17eff1ecd27612a7effa043bb3d156ca135558abe2f141aff7dad,b6fe15d29a979440,exact_duplicate,SHA-256 / pHash=0 / reviewed duplicate component
g000147,Black rot/black rot534.jpg,Black rot,vl_black_rot,c38aa99e8dc1c52c3a967fb55dc776722209d381e5d8b323842efdcce5297efe,a5ce92ae46d2ec1a,exact_duplicate,SHA-256 / pHash=0 / reviewed duplicate component
g000138,Black rot/black rot535.jpg,Black rot,vl_black_rot,cc5764847628efc2a6db62e9b06dea292a43a719e60a3e80834993f789073199,abca3d3d164a164b,exact_duplicate,SHA-256 / pHash=0 / reviewed duplicate component
g000148,Black rot/black rot536.jpg,Black rot,vl_black_rot,4cae60fedf41ec12872f44eb0d5c15466d07d67ac11fc1449ba6f9f09a8f0b4d,a6ca646ad32d48dd,exact_duplicate,SHA-256 / pHash=0 / reviewed duplicate component
g000139,Black rot/black rot537.jpg,Black rot,vl_black_rot,aff4068a853d1b1f4de2902d22579dbce77243fc282015e0038c363a9922707a,a8f50b7a90b8a32f,exact_duplicate,SHA-256 / pHash=0 / reviewed duplicate component
g000157,Black rot/black rot538.jpg,Black rot,vl_black_rot,e1a6cbc69e78fbc0cd1968dc7ce20f4a1f3f34dc7d57a2cb521a8880b3ca71bf,aaa16cc93d8ff610,exact_duplicate,SHA-256 / pHash=0 / reviewed duplicate component
g000210,Black rot/black rot539.jpg,Black rot,vl_black_rot,6d3f516f2c62d9eb7d9ec4cbf6e53893fcb8fda90c6bbad144e5c9fb78b7ed76,aae40d6df53a8c34,kept,Representative
g000162,Black rot/black rot540.jpg,Black rot,vl_black_rot,c8c1a892c1f178f0b552ec9d9a3bf41cf18d2d08a513ae9e6116885b38103067,c6549642c2fb5eca,exact_duplicate,SHA-256 / pHash=0 / reviewed duplicate component
g000142,Black rot/black rot541.jpg,Black rot,vl_black_rot,3891b23996521043b45d08f27575940dff4d054ce500dd418ec596d7709b78f8,aad2e9a9a903f1cc,exact_duplicate,SHA-256 / pHash=0 / reviewed duplicate component
g000163,Black rot/black rot542.jpg,Black rot,vl_black_rot,605c86920ce12932d318073058b232589b54c58c83ea87c9a57cfb25dbc000f5,aa47565c64b922fa,exact_duplicate,SHA-256 / pHash=0 / reviewed duplicate component
g000143,Black rot/black rot543.jpg,Black rot,vl_black_rot,e57131d7a37181c2daa3d37ef19fdfb2bd4ba64680b899c1cd6a84579feceda1,acdb0e3b162c587a,exact_duplicate,SHA-256 / pHash=0 / reviewed duplicate component
g000164,Black rot/black rot544.jpg,Black rot,vl_black_rot,31473c202a2db3302c8cf5ef3da8b251438d48ca77e6354944d5cc109388b63e,adcacbcf29513425,exact_duplicate,SHA-256 / pHash=0 / reviewed duplicate component
g000197,Black rot/black rot545.jpg,Black rot,vl_black_rot,04448c07ec50565df02fd8cccdf0fbc5d696a66706d202ff122a04c015f2eb9f,abe3137990bdd812,exact_duplicate,SHA-256 / pHash=0 / reviewed duplicate component
g000167,Black rot/black rot546.jpg,Black rot,vl_black_rot,81b60beef40294d9e5178c32d748c87b5baf245793bd66acb396f71582424124,ceae3b869a9a6518,exact_duplicate,SHA-256 / pHash=0 / reviewed duplicate component
g000197,Black rot/black rot547.jpg,Black rot,vl_black_rot,04448c07ec50565df02fd8cccdf0fbc5d696a66706d202ff122a04c015f2eb9f,abe3137990bdd812,exact_duplicate,SHA-256 / pHash=0 / reviewed duplicate component
g000170,Black rot/black rot548.jpg,Black rot,vl_black_rot,6781e4aaa6cef8a1021d2659328432fa186577462fff3f4d619932b24baa2203,b5b88e6263c37ca8,exact_duplicate,SHA-256 / pHash=0 / reviewed duplicate component
g000144,Black rot/black rot549.jpg,Black rot,vl_black_rot,92fc81efae160110f92aab075ac2dedf451838faa322ee44a53f966df818212a,ab8d787aa7a79014,exact_duplicate,SHA-256 / pHash=0 / reviewed duplicate component
g000173,Black rot/black rot550.jpg,Black rot,vl_black_rot,15313503ea228d39290b357f9644a29ffad6fdfc82ed167b21a2126e21ed9df0,baeacb05f2328d94,exact_duplicate,SHA-256 / pHash=0 / reviewed duplicate component
g000145,Black rot/black rot551.jpg,Black rot,vl_black_rot,4bbfff8e37953ba5501afab495c4d80c63a4f284a5e111d55a1edfe5ce123cbc,8463cccfb925332e,exact_duplicate,SHA-256 / pHash=0 / reviewed duplicate component
g000182,Black rot/black rot552.jpg,Black rot,vl_black_rot,dada75a507b03264aad6b8545c395a1e8caeff8bd97bc9e97959ba44ff06aa4e,af0a862e956094ff,exact_duplicate,SHA-256 / pHash=0 / reviewed duplicate component
g000146,Black rot/black rot553.jpg,Black rot,vl_black_rot,4b4b2073b7140a86d9ea5c4c023efb580b14f5d2be202f6a27282ad87ac176f8,aee5ea85a360bca1,exact_duplicate,SHA-256 / pHash=0 / reviewed duplicate component
g000174,Black rot/black rot554.jpg,Black rot,vl_black_rot,2b59fd8a23aaa6a6c82b7e32bd4b1c111c6dc2d60e107c70024ed46cb84c9366,a6c985b87a25f1f0,exact_duplicate,SHA-256 / pHash=0 / reviewed duplicate component
g000147,Black rot/black rot555.jpg,Black rot,vl_black_rot,c38aa99e8dc1c52c3a967fb55dc776722209d381e5d8b323842efdcce5297efe,a5ce92ae46d2ec1a,exact_duplicate,SHA-256 / pHash=0 / reviewed duplicate component
g000186,Black rot/black rot556.jpg,Black rot,vl_black_rot,40f292c69dc17eff1ecd27612a7effa043bb3d156ca135558abe2f141aff7dad,b6fe15d29a979440,exact_duplicate,SHA-256 / pHash=0 / reviewed duplicate component
g000148,Black rot/black rot557.jpg,Black rot,vl_black_rot,4cae60fedf41ec12872f44eb0d5c15466d07d67ac11fc1449ba6f9f09a8f0b4d,a6ca646ad32d48dd,exact_duplicate,SHA-256 / pHash=0 / reviewed duplicate component
g000197,Black rot/black rot558.jpg,Black rot,vl_black_rot,04448c07ec50565df02fd8cccdf0fbc5d696a66706d202ff122a04c015f2eb9f,abe3137990bdd812,exact_duplicate,SHA-256 / pHash=0 / reviewed duplicate component
g000113,Black rot/black rot559.jpg,Black rot,vl_black_rot,f2293cad0addc59cfebd591ed90d3b34dbb7bd882365418664b2b94c2d69ce5a,b4939a9f8d8a9714,exact_duplicate,SHA-256 / pHash=0 / reviewed duplicate component
g000093,Black rot/black rot560.jpg,Black rot,vl_black_rot,cfdbe282898a599c42a84ca53555882fb557606e5d909f99a9cc74aec1e7b1a1,a0ab1bc26a4f75ca,exact_duplicate,SHA-256 / pHash=0 / reviewed duplicate component
g000114,Black rot/black rot561.jpg,Black rot,vl_black_rot,405a750bd60f12f7d787f4c8aa3be5280f5d3a316878ddaa1c602953bdba4890,ac5e94269f970a1b,exact_duplicate,SHA-256 / pHash=0 / reviewed duplicate component
g000097,Black rot/black rot562.jpg,Black rot,vl_black_rot,7bef8995084830ed6632c6dfb6b4dbe619c04327285c3786a79fd1a3bd340816,a1eab5c0a555a63d,exact_duplicate,SHA-256 / pHash=0 / reviewed duplicate component
g000115,Black rot/black rot563.jpg,Black rot,vl_black_rot,e5cd92b99019418c099e86dad1c7e49ed45d6e88739cd3bd3b0e4a117eb5d409,bb81ec2052fe966a,exact_duplicate,SHA-256 / pHash=0 / reviewed duplicate component
g000098,Black rot/black rot564.jpg,Black rot,vl_black_rot,282adf1ca96fabc29d2978b3a7eb1668398711511963cd14746fed9e8bb0e9a6,c8a5cc694ef096cb,exact_duplicate,SHA-256 / pHash=0 / reviewed duplicate component
g000116,Black rot/black rot565.jpg,Black rot,vl_black_rot,2474c25adac84528d789ada39d7cda1e99e28e5ce3e2f24ddd02463b397d58e9,b29339135017da6f,exact_duplicate,SHA-256 / pHash=0 / reviewed duplicate component
g000105,Black rot/black rot566.jpg,Black rot,vl_black_rot,8dae63400e28cbad01dbf0426c535676c82f9b7aa52e739eedc0014afd7af9c8,de1e1d3525576143,exact_duplicate,SHA-256 / pHash=0 / reviewed duplicate component
g000111,Black rot/black rot567.jpg,Black rot,vl_black_rot,6f3d83a5063c29bf82f71068443bf317b629511fb6c4b5d97ed14cb23b555fde,b4c1f9927b583b41,exact_duplicate,SHA-256 / pHash=0 / reviewed duplicate component
g000106,Black rot/black rot568.jpg,Black rot,vl_black_rot,dc8f821fe17bfbe23d2523b9c867cb14ce97e25979ebc5b2d67a1d67cc944a63,cdadba16971f0702,exact_duplicate,SHA-256 / pHash=0 / reviewed duplicate component
g000119,Black rot/black rot569.jpg,Black rot,vl_black_rot,8f5b632872a0b9e7e95e61056ce2bc6ad07d2e48bc43d7811f8036e55b242a85,8e066f332878373d,exact_duplicate,SHA-256 / pHash=0 / reviewed duplicate component
g000111,Black rot/black rot570.jpg,Black rot,vl_black_rot,6f3d83a5063c29bf82f71068443bf317b629511fb6c4b5d97ed14cb23b555fde,b4c1f9927b583b41,exact_duplicate,SHA-256 / pHash=0 / reviewed duplicate component
g000112,Black rot/black rot571.jpg,Black rot,vl_black_rot,9cd753fb2bb8a9d70db2c9796e78a2d0ca91046c5094e7950d79472eb14f112d,acb7ca4c053fa256,exact_duplicate,SHA-256 / pHash=0 / reviewed duplicate component
g000112,Black rot/black rot572.jpg,Black rot,vl_black_rot,9cd753fb2bb8a9d70db2c9796e78a2d0ca91046c5094e7950d79472eb14f112d,acb7ca4c053fa256,exact_duplicate,SHA-256 / pHash=0 / reviewed duplicate component
g000113,Black rot/black rot573.jpg,Black rot,vl_black_rot,f2293cad0addc59cfebd591ed90d3b34dbb7bd882365418664b2b94c2d69ce5a,b4939a9f8d8a9714,exact_duplicate,SHA-256 / pHash=0 / reviewed duplicate component
g000114,Black rot/black rot575.jpg,Black rot,vl_black_rot,405a750bd60f12f7d787f4c8aa3be5280f5d3a316878ddaa1c602953bdba4890,ac5e94269f970a1b,exact_duplicate,SHA-256 / pHash=0 / reviewed duplicate component
g000129,Black rot/black rot577.jpg,Black rot,vl_black_rot,a778bdb415058b908ac1b7670a7a38e95a72372a3fc64b1ee30ca2b60ad71947,8a8b8574fc1e603f,exact_duplicate,SHA-256 / pHash=0 / reviewed duplicate component
g000115,Black rot/black rot578.jpg,Black rot,vl_black_rot,e5cd92b99019418c099e86dad1c7e49ed45d6e88739cd3bd3b0e4a117eb5d409,bb81ec2052fe966a,exact_duplicate,SHA-256 / pHash=0 / reviewed duplicate component
g000248,Black rot/black rot579.jpg,Black rot,vl_black_rot,80c31c54c9171fe1b267c02354b6b7b15e9212d9e15b7e0d7b03bb729684422b,f6b1e019e4b3a788,kept,Representative
g000249,Black rot/black rot587.jpg,Black rot,vl_black_rot,f0d966924bd955d2bb6d1159a98e23ca8c227d33ee8ae35c4e786b295b8c816e,a2a27a35d595c2da,kept,Representative
g000130,Black rot/black rot595.jpg,Black rot,vl_black_rot,65182b29e14451755602b9e59560cc1365a1e27e115cc5ae1d5f4e94ccd6930c,cac33d8880369f3f,exact_duplicate,SHA-256 / pHash=0 / reviewed duplicate component
g000116,Black rot/black rot596.jpg,Black rot,vl_black_rot,2474c25adac84528d789ada39d7cda1e99e28e5ce3e2f24ddd02463b397d58e9,b29339135017da6f,exact_duplicate,SHA-256 / pHash=0 / reviewed duplicate component
g000131,Black rot/black rot597.jpg,Black rot,vl_black_rot,d7f17e5c2336b2c585badb7396465d708dce8b0da9cb700128ccba130957ba33,a2b8fd85021f1f3a,exact_duplicate,SHA-256 / pHash=0 / reviewed duplicate component
g000119,Black rot/black rot598.jpg,Black rot,vl_black_rot,8f5b632872a0b9e7e95e61056ce2bc6ad07d2e48bc43d7811f8036e55b242a85,8e066f332878373d,exact_duplicate,SHA-256 / pHash=0 / reviewed duplicate component
g000132,Black rot/black rot599.jpg,Black rot,vl_black_rot,3257e047da9880817e3c4225129fe769150529c4ac9361429822ca93e3daf344,e377117b2319305b,exact_duplicate,SHA-256 / pHash=0 / reviewed duplicate component
g000129,Black rot/black rot600.jpg,Black rot,vl_black_rot,a778bdb415058b908ac1b7670a7a38e95a72372a3fc64b1ee30ca2b60ad71947,8a8b8574fc1e603f,exact_duplicate,SHA-256 / pHash=0 / reviewed duplicate component
g000133,Black rot/black rot601.jpg,Black rot,vl_black_rot,a424a146d2fc3ffe71ad3b1b76410a1f4efb35f13cba1e9ad1a2787d149e22a0,a5b83e66b0098b77,exact_duplicate,SHA-256 / pHash=0 / reviewed duplicate component
g000130,Black rot/black rot602.jpg,Black rot,vl_black_rot,65182b29e14451755602b9e59560cc1365a1e27e115cc5ae1d5f4e94ccd6930c,cac33d8880369f3f,exact_duplicate,SHA-256 / pHash=0 / reviewed duplicate component
g000137,Black rot/black rot603.jpg,Black rot,vl_black_rot,57067cedbc49fb6e3c23458fbc43648ed5232a763e47d407987516dc6365b88a,8ca976aac96635ca,exact_duplicate,SHA-256 / pHash=0 / reviewed duplicate component
g000131,Black rot/black rot604.jpg,Black rot,vl_black_rot,d7f17e5c2336b2c585badb7396465d708dce8b0da9cb700128ccba130957ba33,a2b8fd85021f1f3a,exact_duplicate,SHA-256 / pHash=0 / reviewed duplicate component
g000138,Black rot/black rot605.jpg,Black rot,vl_black_rot,cc5764847628efc2a6db62e9b06dea292a43a719e60a3e80834993f789073199,abca3d3d164a164b,exact_duplicate,SHA-256 / pHash=0 / reviewed duplicate component
g000132,Black rot/black rot606.jpg,Black rot,vl_black_rot,3257e047da9880817e3c4225129fe769150529c4ac9361429822ca93e3daf344,e377117b2319305b,exact_duplicate,SHA-256 / pHash=0 / reviewed duplicate component
g000139,Black rot/black rot607.jpg,Black rot,vl_black_rot,aff4068a853d1b1f4de2902d22579dbce77243fc282015e0038c363a9922707a,a8f50b7a90b8a32f,exact_duplicate,SHA-256 / pHash=0 / reviewed duplicate component
g000133,Black rot/black rot608.jpg,Black rot,vl_black_rot,a424a146d2fc3ffe71ad3b1b76410a1f4efb35f13cba1e9ad1a2787d149e22a0,a5b83e66b0098b77,exact_duplicate,SHA-256 / pHash=0 / reviewed duplicate component
g000264,Black rot/black rot609.jpg,Black rot,vl_black_rot,449463b29eb06fe07263757252aca9fd6c74f4e3406bb0665bb9c9ba5d8f8660,e35b62d1b5372a30,kept,Representative
g000115,Black rot/black rot617.jpg,Black rot,vl_black_rot,e5cd92b99019418c099e86dad1c7e49ed45d6e88739cd3bd3b0e4a117eb5d409,bb81ec2052fe966a,exact_duplicate,SHA-256 / pHash=0 / reviewed duplicate component
g000137,Black rot/black rot618.jpg,Black rot,vl_black_rot,57067cedbc49fb6e3c23458fbc43648ed5232a763e47d407987516dc6365b88a,8ca976aac96635ca,exact_duplicate,SHA-256 / pHash=0 / reviewed duplicate component
g000210,Black rot/black rot619.jpg,Black rot,vl_black_rot,6d3f516f2c62d9eb7d9ec4cbf6e53893fcb8fda90c6bbad144e5c9fb78b7ed76,aae40d6df53a8c34,exact_duplicate,SHA-256 / pHash=0 / reviewed duplicate component
g000138,Black rot/black rot620.jpg,Black rot,vl_black_rot,cc5764847628efc2a6db62e9b06dea292a43a719e60a3e80834993f789073199,abca3d3d164a164b,exact_duplicate,SHA-256 / pHash=0 / reviewed duplicate component
g000142,Black rot/black rot621.jpg,Black rot,vl_black_rot,3891b23996521043b45d08f27575940dff4d054ce500dd418ec596d7709b78f8,aad2e9a9a903f1cc,exact_duplicate,SHA-256 / pHash=0 / reviewed duplicate component
g000139,Black rot/black rot622.jpg,Black rot,vl_black_rot,aff4068a853d1b1f4de2902d22579dbce77243fc282015e0038c363a9922707a,a8f50b7a90b8a32f,exact_duplicate,SHA-256 / pHash=0 / reviewed duplicate component
g000142,Black rot/black rot626.jpg,Black rot,vl_black_rot,3891b23996521043b45d08f27575940dff4d054ce500dd418ec596d7709b78f8,aad2e9a9a903f1cc,exact_duplicate,SHA-256 / pHash=0 / reviewed duplicate component
g000145,Black rot/black rot627.jpg,Black rot,vl_black_rot,4bbfff8e37953ba5501afab495c4d80c63a4f284a5e111d55a1edfe5ce123cbc,8463cccfb925332e,exact_duplicate,SHA-256 / pHash=0 / reviewed duplicate component
g000143,Black rot/black rot628.jpg,Black rot,vl_black_rot,e57131d7a37181c2daa3d37ef19fdfb2bd4ba64680b899c1cd6a84579feceda1,acdb0e3b162c587a,exact_duplicate,SHA-256 / pHash=0 / reviewed duplicate component
g000274,Black rot/black rot633.jpg,Black rot,vl_black_rot,80b747d9f26ffea7bfd88d242069cc90bc2a07d60432eef2ec4ecd29ec9827d7,e366b82eaa352d94,kept,Representative
g000146,Black rot/black rot637.jpg,Black rot,vl_black_rot,4b4b2073b7140a86d9ea5c4c023efb580b14f5d2be202f6a27282ad87ac176f8,aee5ea85a360bca1,exact_duplicate,SHA-256 / pHash=0 / reviewed duplicate component
g000144,Black rot/black rot638.jpg,Black rot,vl_black_rot,92fc81efae160110f92aab075ac2dedf451838faa322ee44a53f966df818212a,ab8d787aa7a79014,exact_duplicate,SHA-256 / pHash=0 / reviewed duplicate component
g000147,Black rot/black rot639.jpg,Black rot,vl_black_rot,c38aa99e8dc1c52c3a967fb55dc776722209d381e5d8b323842efdcce5297efe,a5ce92ae46d2ec1a,exact_duplicate,SHA-256 / pHash=0 / reviewed duplicate component
g000145,Black rot/black rot640.jpg,Black rot,vl_black_rot,4bbfff8e37953ba5501afab495c4d80c63a4f284a5e111d55a1edfe5ce123cbc,8463cccfb925332e,exact_duplicate,SHA-256 / pHash=0 / reviewed duplicate component
g000148,Black rot/black rot641.jpg,Black rot,vl_black_rot,4cae60fedf41ec12872f44eb0d5c15466d07d67ac11fc1449ba6f9f09a8f0b4d,a6ca646ad32d48dd,exact_duplicate,SHA-256 / pHash=0 / reviewed duplicate component
g000146,Black rot/black rot642.jpg,Black rot,vl_black_rot,4b4b2073b7140a86d9ea5c4c023efb580b14f5d2be202f6a27282ad87ac176f8,aee5ea85a360bca1,exact_duplicate,SHA-256 / pHash=0 / reviewed duplicate component
g000116,Black rot/black rot643.jpg,Black rot,vl_black_rot,2474c25adac84528d789ada39d7cda1e99e28e5ce3e2f24ddd02463b397d58e9,b29339135017da6f,exact_duplicate,SHA-256 / pHash=0 / reviewed duplicate component
g000147,Black rot/black rot644.jpg,Black rot,vl_black_rot,c38aa99e8dc1c52c3a967fb55dc776722209d381e5d8b323842efdcce5297efe,a5ce92ae46d2ec1a,exact_duplicate,SHA-256 / pHash=0 / reviewed duplicate component
g000119,Black rot/black rot645.jpg,Black rot,vl_black_rot,8f5b632872a0b9e7e95e61056ce2bc6ad07d2e48bc43d7811f8036e55b242a85,8e066f332878373d,exact_duplicate,SHA-256 / pHash=0 / reviewed duplicate component
g000148,Black rot/black rot646.jpg,Black rot,vl_black_rot,4cae60fedf41ec12872f44eb0d5c15466d07d67ac11fc1449ba6f9f09a8f0b4d,a6ca646ad32d48dd,exact_duplicate,SHA-256 / pHash=0 / reviewed duplicate component
g000129,Black rot/black rot647.jpg,Black rot,vl_black_rot,a778bdb415058b908ac1b7670a7a38e95a72372a3fc64b1ee30ca2b60ad71947,8a8b8574fc1e603f,exact_duplicate,SHA-256 / pHash=0 / reviewed duplicate component
g000130,Black rot/black rot648.jpg,Black rot,vl_black_rot,65182b29e14451755602b9e59560cc1365a1e27e115cc5ae1d5f4e94ccd6930c,cac33d8880369f3f,exact_duplicate,SHA-256 / pHash=0 / reviewed duplicate component
g000287,Black rot/black rot649.jpg,Black rot,vl_black_rot,995229257f3077a50d9038a8935899f77ed1c3f6624b0118466d8ed7e9305441,c5c4d7be62c0b165,kept,Representative
g000288,Black rot/black rot653.jpg,Black rot,vl_black_rot,24acc1c4218a8df48fc1620ae242ba1e775dc9e5bf339056ca51621adde7ccd9,df016f36e0798349,kept,Representative
g000289,Black rot/black rot657.jpg,Black rot,vl_black_rot,ba9d808b192cd5a1bf3ee2b9330048aa38575bfa2289dbbb483cf7e7b0772de1,87817a9a13e76d1a,kept,Representative
g000287,Black rot/black rot669.jpg,Black rot,vl_black_rot,995229257f3077a50d9038a8935899f77ed1c3f6624b0118466d8ed7e9305441,c5c4d7be62c0b165,exact_duplicate,SHA-256 / pHash=0 / reviewed duplicate component
g000288,Black rot/black rot671.jpg,Black rot,vl_black_rot,24acc1c4218a8df48fc1620ae242ba1e775dc9e5bf339056ca51621adde7ccd9,df016f36e0798349,exact_duplicate,SHA-256 / pHash=0 / reviewed duplicate component
g000289,Black rot/black rot673.jpg,Black rot,vl_black_rot,ba9d808b192cd5a1bf3ee2b9330048aa38575bfa2289dbbb483cf7e7b0772de1,87817a9a13e76d1a,exact_duplicate,SHA-256 / pHash=0 / reviewed duplicate component
g000293,Black rot/black rot675.jpg,Black rot,vl_black_rot,8b313a69063a3187eb422b288956354770bdbbb83717141756a11a7e94589154,a0ab9070fe610bf7,kept,Representative
g000294,Black rot/black rot677.jpg,Black rot,vl_black_rot,74f16e0042eecbc2b3de8418089eb4a1fc7266ef9a85d9318053cecf516d3682,a87a467e805d3ae9,kept,Representative
g000287,Black rot/black rot683.jpg,Black rot,vl_black_rot,995229257f3077a50d9038a8935899f77ed1c3f6624b0118466d8ed7e9305441,c5c4d7be62c0b165,exact_duplicate,SHA-256 / pHash=0 / reviewed duplicate component
g000288,Black rot/black rot685.jpg,Black rot,vl_black_rot,24acc1c4218a8df48fc1620ae242ba1e775dc9e5bf339056ca51621adde7ccd9,df016f36e0798349,exact_duplicate,SHA-256 / pHash=0 / reviewed duplicate component
g000287,Black rot/black rot686.jpg,Black rot,vl_black_rot,995229257f3077a50d9038a8935899f77ed1c3f6624b0118466d8ed7e9305441,c5c4d7be62c0b165,exact_duplicate,SHA-256 / pHash=0 / reviewed duplicate component
g000289,Black rot/black rot687.jpg,Black rot,vl_black_rot,ba9d808b192cd5a1bf3ee2b9330048aa38575bfa2289dbbb483cf7e7b0772de1,87817a9a13e76d1a,exact_duplicate,SHA-256 / pHash=0 / reviewed duplicate component
g000288,Black rot/black rot688.jpg,Black rot,vl_black_rot,24acc1c4218a8df48fc1620ae242ba1e775dc9e5bf339056ca51621adde7ccd9,df016f36e0798349,exact_duplicate,SHA-256 / pHash=0 / reviewed duplicate component
g000293,Black rot/black rot689.jpg,Black rot,vl_black_rot,8b313a69063a3187eb422b288956354770bdbbb83717141756a11a7e94589154,a0ab9070fe610bf7,exact_duplicate,SHA-256 / pHash=0 / reviewed duplicate component
g000289,Black rot/black rot690.jpg,Black rot,vl_black_rot,ba9d808b192cd5a1bf3ee2b9330048aa38575bfa2289dbbb483cf7e7b0772de1,87817a9a13e76d1a,exact_duplicate,SHA-256 / pHash=0 / reviewed duplicate component
g000294,Black rot/black rot691.jpg,Black rot,vl_black_rot,74f16e0042eecbc2b3de8418089eb4a1fc7266ef9a85d9318053cecf516d3682,a87a467e805d3ae9,exact_duplicate,SHA-256 / pHash=0 / reviewed duplicate component
g000293,Black rot/black rot692.jpg,Black rot,vl_black_rot,8b313a69063a3187eb422b288956354770bdbbb83717141756a11a7e94589154,a0ab9070fe610bf7,exact_duplicate,SHA-256 / pHash=0 / reviewed duplicate component
g000304,Black rot/black rot693.jpg,Black rot,vl_black_rot,ede532d458e69160d4a67ed707180ec1fa1266c02f1fc6025b82a3ebac71e9b5,bf3383db370204e3,kept,Representative
g000294,Black rot/black rot695.jpg,Black rot,vl_black_rot,74f16e0042eecbc2b3de8418089eb4a1fc7266ef9a85d9318053cecf516d3682,a87a467e805d3ae9,exact_duplicate,SHA-256 / pHash=0 / reviewed duplicate component
g000306,Black rot/black rot697.jpg,Black rot,vl_black_rot,a0279a216a733233ba39216b5fa5a53fca0081686b0583e92987b59912053028,c14b257e9ae4e3c4,kept,Representative
g000307,Black rot/black rot701.jpg,Black rot,vl_black_rot,6fe8bcc12af5809ca164caed504725a48b44c8a3bcf221201a833fdc9418bac0,c096046d6fe0e7e5,kept,Representative
g000308,Black rot/black rot705.jpg,Black rot,vl_black_rot,b514c16ce36c23dd4869a9170dc7a732399f4c6d1fefef7221e76d4d1248fda9,c1556752e8c20fcf,kept,Representative
g000309,Black rot/black rot709.jpg,Black rot,vl_black_rot,3b25f9211b9fa8aa6ed9f56217e2b5143a11b86aa773d8edd98d71e60ba26b48,96d072f233da390b,kept,Representative
g000306,Black rot/black rot713.jpg,Black rot,vl_black_rot,a0279a216a733233ba39216b5fa5a53fca0081686b0583e92987b59912053028,c14b257e9ae4e3c4,exact_duplicate,SHA-256 / pHash=0 / reviewed duplicate component
g000307,Black rot/black rot715.jpg,Black rot,vl_black_rot,6fe8bcc12af5809ca164caed504725a48b44c8a3bcf221201a833fdc9418bac0,c096046d6fe0e7e5,exact_duplicate,SHA-256 / pHash=0 / reviewed duplicate component
g000308,Black rot/black rot718.jpg,Black rot,vl_black_rot,b514c16ce36c23dd4869a9170dc7a732399f4c6d1fefef7221e76d4d1248fda9,c1556752e8c20fcf,exact_duplicate,SHA-256 / pHash=0 / reviewed duplicate component
g000309,Black rot/black rot720.jpg,Black rot,vl_black_rot,3b25f9211b9fa8aa6ed9f56217e2b5143a11b86aa773d8edd98d71e60ba26b48,96d072f233da390b,exact_duplicate,SHA-256 / pHash=0 / reviewed duplicate component
g000306,Black rot/black rot721.jpg,Black rot,vl_black_rot,a0279a216a733233ba39216b5fa5a53fca0081686b0583e92987b59912053028,c14b257e9ae4e3c4,exact_duplicate,SHA-256 / pHash=0 / reviewed duplicate component
g000315,Black rot/black rot726.jpg,Black rot,vl_black_rot,d58e1a4a65108a3e82400ce9f5a5a9ff1b5f80de2176ca875615af0ef2981fd9,985b521c3fe09be2,kept,Representative
g000307,Black rot/black rot727.jpg,Black rot,vl_black_rot,6fe8bcc12af5809ca164caed504725a48b44c8a3bcf221201a833fdc9418bac0,c096046d6fe0e7e5,exact_duplicate,SHA-256 / pHash=0 / reviewed duplicate component
g000308,Black rot/black rot729.jpg,Black rot,vl_black_rot,b514c16ce36c23dd4869a9170dc7a732399f4c6d1fefef7221e76d4d1248fda9,c1556752e8c20fcf,exact_duplicate,SHA-256 / pHash=0 / reviewed duplicate component
g000307,Black rot/black rot730.jpg,Black rot,vl_black_rot,6fe8bcc12af5809ca164caed504725a48b44c8a3bcf221201a833fdc9418bac0,c096046d6fe0e7e5,exact_duplicate,SHA-256 / pHash=0 / reviewed duplicate component
g000309,Black rot/black rot731.jpg,Black rot,vl_black_rot,3b25f9211b9fa8aa6ed9f56217e2b5143a11b86aa773d8edd98d71e60ba26b48,96d072f233da390b,exact_duplicate,SHA-256 / pHash=0 / reviewed duplicate component
g000308,Black rot/black rot732.jpg,Black rot,vl_black_rot,b514c16ce36c23dd4869a9170dc7a732399f4c6d1fefef7221e76d4d1248fda9,c1556752e8c20fcf,exact_duplicate,SHA-256 / pHash=0 / reviewed duplicate component
g000315,Black rot/black rot733.jpg,Black rot,vl_black_rot,d58e1a4a65108a3e82400ce9f5a5a9ff1b5f80de2176ca875615af0ef2981fd9,985b521c3fe09be2,exact_duplicate,SHA-256 / pHash=0 / reviewed duplicate component
g000322,Black rot/black rot744.jpg,Black rot,vl_black_rot,7a94cea39adde0bfaed7a312e5edc8bd0854800d467450981fc095ab67c9ffd8,967025cd22c67f53,kept,Representative
g000323,Black rot/black rot752.jpg,Black rot,vl_black_rot,65c2addb006e2a799166b713b015920f3cf99b31541d12f307ca33dd30db599c,a34ac68d87e5c86b,kept,Representative
g000324,Black rot/black rot753.jpg,Black rot,vl_black_rot,327ba2c8a497e552e41dc793760920e1804801b6e13c88004ea456a88b9a4d4c,89fc077828937c6b,kept,Representative
g000325,Black rot/black rot759.jpg,Black rot,vl_black_rot,3dbe6d05c71e80ff25ecdb4a49ac68d58f0f783d76f023658a7dbd315242c3d4,c39063f8c50eec3d,kept,Representative
g000324,Black rot/black rot766.jpg,Black rot,vl_black_rot,327ba2c8a497e552e41dc793760920e1804801b6e13c88004ea456a88b9a4d4c,89fc077828937c6b,exact_duplicate,SHA-256 / pHash=0 / reviewed duplicate component
g000327,Black rot/black rot769.jpg,Black rot,vl_black_rot,57435d1337443c7ff4a64f582fe4cfd16cfee134a6f508551524466fc2a31e19,cb38ddf4e5010b27,kept,Representative
g000328,Black rot/black rot784.jpg,Black rot,vl_black_rot,c589c219b413e6df59aabc9e1ae046eb10805f242f454a3cc52b8e87ee970a60,af1f9702d1ce9047,kept,Representative
g000329,Black rot/black rot785.jpg,Black rot,vl_black_rot,d5762c91c22cfcfe4b593ecc4996db21c86aafc456650274e29e68cced06685c,cf0034e17e435c6f,kept,Representative
g000330,Black rot/black rot793.jpg,Black rot,vl_black_rot,696e6db9ce66f1c920e867c6d4b952a6e048b28d37a6c87aec5d2ebe71df3001,fe01e062e0f7c1dc,label_conflict,"Multiple labels: vl_black_measles, vl_black_rot"
g000331,Black rot/black rot801.jpg,Black rot,vl_black_rot,b2eca1b92917aa7332bed74a329e0833ef137260ac245a004e5012cfef1d79ed,8e8caaa9396b4a5e,label_conflict,"Multiple labels: vl_black_measles, vl_black_rot"
g000000,Black rot/mega dataset (31) - Copy - Copy - Copy.jpg,Black rot,vl_black_rot,433fd5337cc13fa463d59f228d4fe86bf7ad1f0d6a9f0925b13b91424d27824b,afad639e28561471,exact_duplicate,SHA-256 / pHash=0 / reviewed duplicate component
g000333,esca/esca001.jpg,esca,vl_black_measles,aea8571dcc4fed324b6ae77dc437e451a87e62dee24e2fa3770006ba2db92190,989986f9234e4df1,label_conflict,"Multiple labels: healthy_leaf, vl_black_measles"
g000330,esca/esca002.jpg,esca,vl_black_measles,696e6db9ce66f1c920e867c6d4b952a6e048b28d37a6c87aec5d2ebe71df3001,fe01e062e0f7c1dc,label_conflict,"Multiple labels: vl_black_measles, vl_black_rot"
g000335,esca/esca003.jpg,esca,vl_black_measles,c28352b9d98e725d54059c901b29bbcf6755aa73e4fe35c04fdcd9a4a77ff92d,b9135a067f2c58ce,kept,Representative
g000336,esca/esca004.jpg,esca,vl_black_measles,f2b7f7d7cd0e5687dfc764e3bd51d923e89f00ecee279e84504664e786ea8f21,cb05bdc085af943b,label_conflict,"Multiple labels: vl_black_measles, vl_leaf_blight"
g000337,esca/esca005.jpg,esca,vl_black_measles,f9ce04a56eb9d7c976195599a75b930fcea44a3937262579afea65ee244c513d,d8f9c20647c6dbc1,label_conflict,"Multiple labels: vl_black_measles, vl_leaf_blight"
g000338,esca/esca006.jpg,esca,vl_black_measles,7161347ec5a1800d86fb8cee647b758749cac3ff3d470c89d82b6869293e1ede,d65ff4a42b60868e,kept,Representative
g000339,esca/esca007.jpg,esca,vl_black_measles,b9793b6d060fa8ba9557a2995c13b9a2d7be7f41b9dc3b8534ac0c600cf223e6,c868533fb70be1c2,kept,Representative
g000340,esca/esca008.jpg,esca,vl_black_measles,663855ce97fef4454ba79665d401b84608cceb9b1ea1b316239b60e6da25c18d,f6b0b0a596b47c19,kept,Representative
g000341,esca/esca009.jpg,esca,vl_black_measles,4ff6991106ed51d491312f746ff7d7e8373c0169f6bd957c52881b2be75d46d2,ccde3266e49898e5,label_conflict,"Multiple labels: vl_black_measles, vl_leaf_blight"
g000342,esca/esca010.jpg,esca,vl_black_measles,6a4d4fceb6fc439211f9c4f0d6f79172dbdf0bb4d172e30a8385e1046dea32b4,cbfdd2303d9bc110,kept,Representative
g000343,esca/esca011.jpg,esca,vl_black_measles,4edc6a7782c0002402b69ddcba58ef20faddae0efee48a3812f13c079a3f52ff,e0d8c4d039397e67,label_conflict,"Multiple labels: vl_black_measles, vl_leaf_blight"
g000344,esca/esca012.jpg,esca,vl_black_measles,a7db2c3f34abfdfcce3611c1e1d325bf42bcafbb7e2cf62fcdfc6dd38b9d597c,d4cbd398d9206da9,label_conflict,"Multiple labels: vl_black_measles, vl_leaf_blight"
g000345,esca/esca013.jpg,esca,vl_black_measles,473e1abc5545b4ef506c325b27eac0f27618cfe559a5b890ecd81e826f033f04,cbcacd06363d343c,kept,Representative
g000346,esca/esca014.jpg,esca,vl_black_measles,f6d286d04a0a230266a12a6cf4c8608981e42537825c51fc0a117f173b32e06d,b4813cc5f1c5c9e6,kept,Representative
g000347,esca/esca015.jpg,esca,vl_black_measles,25865e79595dab6a18ef0557be5f5167832430f858d7180f218b054c98647922,c8dd8a26d10fa75c,label_conflict,"Multiple labels: vl_black_measles, vl_leaf_blight"
g000348,esca/esca016.jpg,esca,vl_black_measles,cb44b014fc916daae3d19902507a28d65b1bd9b33308f163140fce40fec82592,a4a53da8a69bc6ca,kept,Representative
g000349,esca/esca017.jpg,esca,vl_black_measles,1bf4c9372e6b594af7f79a8b97ad7a45cbdc02d08d68fcde3b5191a44f17e1b6,e3994b535832b467,kept,Representative
g000350,esca/esca018.jpg,esca,vl_black_measles,4f2a5bac29ce333b7b32c86e6fa0eb79e7559093e54d7b06c30becbef3ec924f,96b0b9f961836972,kept,Representative
g000351,esca/esca019.jpg,esca,vl_black_measles,7947de15a1d93ca45658ff77336fb81b498af825dbd47fce31f153c5cb6144f1,c7bc3899d1e51133,label_conflict,"Multiple labels: vl_black_measles, vl_leaf_blight"
g000352,esca/esca020.jpg,esca,vl_black_measles,4b6dcf2436fc3bc50abb587b1d73850bc27a9efccb093f6c164788d3d47fffcc,dd435b2f5858c1e8,label_conflict,"Multiple labels: vl_black_measles, vl_leaf_blight"
g000353,esca/esca021.jpg,esca,vl_black_measles,dce69634832750b475683b11099f7d7ae0a569852aecba8b9f5b67982603cc5f,cc3e4fc99f521c05,kept,Representative
g000354,esca/esca022.jpg,esca,vl_black_measles,bbd806c7adadd5c5c76086bdac218ddc0586dd1799dd4842dddff9144072161e,c386a642537f25c7,kept,Representative
g000355,esca/esca023.jpg,esca,vl_black_measles,c3e3707bb35934081f8f8c36f52505b2c3088e7913ab8af57bd546af1b86e59e,ce07c567bc104de9,kept,Representative
g000356,esca/esca024.jpg,esca,vl_black_measles,ea9ce40719776ff43ee22cd1f49bed699d1277abbce28bad3e2d95cb27178afa,93c14365e5ec7652,label_conflict,"Multiple labels: vl_black_measles, vl_leaf_blight"
g000357,esca/esca025.jpg,esca,vl_black_measles,9623498a013f3924cedcb004dcc3b0bdc3009ab52a13cd68c938dffc3d52bbf3,99bc07e1b267262e,label_conflict,"Multiple labels: vl_black_measles, vl_leaf_blight"
g000358,esca/esca026.jpg,esca,vl_black_measles,0de40ea48234a625f74d2ec22f86a2b5d1e11273c33eb433b3d04978371c53c2,b325be51258d4d59,label_conflict,"Multiple labels: vl_black_measles, vl_leaf_blight"
g000359,esca/esca027.jpg,esca,vl_black_measles,2d4e605c52c01f3ce83de6ee3de8eb3dce58ed636cf0f10ff04bf9495e5dd586,b652005af8ab5fa9,kept,Representative
g000360,esca/esca028.jpg,esca,vl_black_measles,0abd8c1837658aefc2571dfdf15bfb83f89e4f1e7fbe31e847525c9f724afda2,d4fc3798049478f3,kept,Representative
g000361,esca/esca029.jpg,esca,vl_black_measles,af3d02c9dc638f74a56fd94ceb848e3430070f471c9c600a0c12fb0331fefbf9,e226c9aeb3c8b354,kept,Representative
g000362,esca/esca030.jpg,esca,vl_black_measles,97afca572fad806fca5b3b73ea195e7d42aa6284cc20048026246e9a4f789727,d52f205d1212767f,kept,Representative
g000363,esca/esca031.jpg,esca,vl_black_measles,a909e1207f587bb85095f9a16a7e99e4444adadb0b61994d6b02f1c17ed67c9e,8b729a86185b6b9d,label_conflict,"Multiple labels: vl_black_measles, vl_leaf_blight"
g000364,esca/esca032.jpg,esca,vl_black_measles,67463488fced6e29158d4df79a46da8ef6e9cfd7c8f35718ef46bb38b16f4ad0,90b0e8bd1d9e0eab,kept,Representative
g000365,esca/esca033.jpg,esca,vl_black_measles,34fdcc489c73c26578ebc04d89bbb95a06d540e9dd4ef488cf19fb81ab3dd057,be0c78991b729137,kept,Representative
g000366,esca/esca034.jpg,esca,vl_black_measles,1eaa92ce1cda18a98fae22ca5ca7a2644568c1b5a39fff5ca70f6a2d83cccfbe,9dc0e8f3991f0b62,kept,Representative
g000367,esca/esca035.jpg,esca,vl_black_measles,863b71f983e370ad2b8d0b80ba299b5e1e2aa1d475798362559817ad781e6d4b,92207fecc12d2ed6,kept,Representative
g000368,esca/esca036.jpg,esca,vl_black_measles,8e2ea8587e41e89f60988699600349fcb60ef5e86156e63daabb8f4367d6dd86,8fc638d836926d35,kept,Representative
g000369,esca/esca037.jpg,esca,vl_black_measles,14de58ba6ed44e38ae56088ccc87d80f814689042a583358e9e0b239d9238cf9,c2bc25e175d4594b,label_conflict,"Multiple labels: vl_black_measles, vl_leaf_blight"
g000370,esca/esca038.jpg,esca,vl_black_measles,f1d0e43b667ebadafa87de2d78d90f2630548dd22850e1be944e219a969a9957,f067d33715342c69,label_conflict,"Multiple labels: vl_black_measles, vl_leaf_blight"
g000371,esca/esca039.jpg,esca,vl_black_measles,b480eeaa767d37f01a8d13aeebc67aee14df88d22f72838ab8572bc51488e960,9d25e2d8eceb0f80,label_conflict,"Multiple labels: vl_black_measles, vl_leaf_blight"
g000372,esca/esca040.jpg,esca,vl_black_measles,aebb115c6d6be2b8cce9e8a3ac9d6a1546532533db286cd34bde870020828594,b1e7408e5f1aa8f2,label_conflict,"Multiple labels: vl_black_measles, vl_leaf_blight"
g000373,esca/esca041.jpg,esca,vl_black_measles,1bbcb9fd11f6c9dfdfd317f83c8b74d2dedb4421d23eee643b4736a26bb750e3,aaed9a0891ccf58b,kept,Representative
g000374,esca/esca042.jpg,esca,vl_black_measles,b98320003d9b445a51e790d7c99ea35eb2c0a34cdc290f3195bb9da5a9f69d12,8eecb659394f8312,label_conflict,"Multiple labels: vl_black_measles, vl_leaf_blight"
g000375,esca/esca043.jpg,esca,vl_black_measles,f6ed5e57cfcb686de34bc4cbbf3771985aeb9e69223c31a864e8fba8eda619dc,b226d21dbe616473,kept,Representative
g000376,esca/esca044.jpg,esca,vl_black_measles,5c77acab2741c9e6d68e413a3877eb55fc29790341a9ad8c17b5352cd845384b,8aebd9d58a295ae0,label_conflict,"Multiple labels: vl_black_measles, vl_leaf_blight"
g000377,esca/esca045.jpg,esca,vl_black_measles,c337902d1841d259df0d4c3d51f3408083cc008ceceb02bbb5e43d4008511970,c7abe2363cd489c8,label_conflict,"Multiple labels: vl_black_measles, vl_leaf_blight"
g000378,esca/esca046.jpg,esca,vl_black_measles,29d94f89519bea98c37da98b778a6e83f33de23f0c91244b66f52860c73f03b7,c6683bd6ec9a7282,kept,Representative
g000379,esca/esca047.jpg,esca,vl_black_measles,11af865cd28a33762c64f5b733c775e009ae7e960f8ea91a5e444e7b46f5159f,c0a632e30fb27b39,label_conflict,"Multiple labels: vl_black_measles, vl_leaf_blight"
g000380,esca/esca048.jpg,esca,vl_black_measles,e46b2bb0f0dceb8a2da5e3e5efae6f1f2d9c2f8a4e6bd1dee61d1d3eae0c76de,dd9941f00b9fe41a,label_conflict,"Multiple labels: vl_black_measles, vl_leaf_blight"
g000381,esca/esca049.jpg,esca,vl_black_measles,dce2f94fa8e3aff693b6fd6c885c4e969ca394dbafb9e0fc8dad2b307d58f39d,fcbf8016d00ff826,kept,Representative
g000382,esca/esca050.jpg,esca,vl_black_measles,533b62c5ab97f1a3108068efa3aaef27cb1fa18ea5e5e6cf69b58293115631ce,f5e878d65c18b322,label_conflict,"Multiple labels: vl_black_measles, vl_leaf_blight"
g000383,esca/esca051.jpg,esca,vl_black_measles,c6594513055509e0c3aa932d645112c2ce49c372f3572bd69924f0f688454c40,a62464b0e1f3716f,label_conflict,"Multiple labels: vl_black_measles, vl_leaf_blight"
g000384,esca/esca052.jpg,esca,vl_black_measles,e55da7d3650fa0b223def3bad324d7bbaa4430b4abe25c375d7d9fc41d1d2d62,d19c74260cd936db,kept,Representative
g000385,esca/esca053.jpg,esca,vl_black_measles,54c317479ea82c27e6ed71263bec30a0136ce8d08b5a5b6bcfd4e6c538c63fef,d9a537377f280c22,kept,Representative
g000386,esca/esca054.jpg,esca,vl_black_measles,b52fab5131f2791bac41fbf554bf5b4109ceae6654bc7525315ec3f13193cc48,f79349311757043e,kept,Representative
g000387,esca/esca055.jpg,esca,vl_black_measles,079338ea15d8be6ee7d45c4a294f41d09aaa9385eb15c49e31dfc1ba2b71b54a,815bdaade1e08d9c,kept,Representative
g000388,esca/esca056.jpg,esca,vl_black_measles,f9d2885bac1bb55dea6d0cbc4445718fd7893422092ceff2655bfb8f29275a6a,9397472b6a5a8b89,kept,Representative
g000389,esca/esca057.jpg,esca,vl_black_measles,8885a5518b8c363d26d4075e3056979bde5c90e002d433eac089999c0fed15e5,8f58cd4c315bc9a3,kept,Representative
g000390,esca/esca058.jpg,esca,vl_black_measles,a13a390237b623ca4c218e2df984b16120724a7fd59fe153b482b6645411eb64,e8eaac0d14f3e323,kept,Representative
g000391,esca/esca059.jpg,esca,vl_black_measles,aeb60dddd016f54e9fc2cd20c437611ace937c165137b54c5c2be9ea13680fae,e38c981d8194f3de,kept,Representative
g000392,esca/esca060.jpg,esca,vl_black_measles,9f744a8e370f98814a9242daa4075c200b238a7b0895e0f6ea2d45a9d12ee3e6,fc0f3cf807e0ec06,label_conflict,"Multiple labels: vl_black_measles, vl_leaf_blight"
g000393,esca/esca061.jpg,esca,vl_black_measles,93bfcf100b4a22595adea5557deaaf21c0bc2729de90ae29612c4f5fa81cef14,e2ea1b923e839897,kept,Representative
g000394,esca/esca062.jpg,esca,vl_black_measles,5bc379294ddc99a2183ca5730bd9851df175953b5e9676e88f9e8fde0c6f9463,db6109ed29241ebe,kept,Representative
g000395,esca/esca063.jpg,esca,vl_black_measles,54358bb6005d695ee6e2176a4c7eb08e253395991c9a1cecba577ad494169051,e4c170b573d8a69a,label_conflict,"Multiple labels: vl_black_measles, vl_leaf_blight"
g000396,esca/esca064.jpg,esca,vl_black_measles,2fd7774e865828d89d6222d8524d6e52c21ee101c592e4764fb1f2ef6cf6461f,e0f070b59d1c94db,kept,Representative
g000397,esca/esca065.jpg,esca,vl_black_measles,a30d0a72f0f4478bcbc65d77a500a5365e691134680182eae34d143abc4f945d,bcbf6332c84b5494,kept,Representative
g000398,esca/esca066.jpg,esca,vl_black_measles,4c6fa0fb2b82903bdcd0818c998ea90baee5096446edf1d19126b775bf626ca8,daf0d0d2e1e3216d,kept,Representative
g000399,esca/esca067.jpg,esca,vl_black_measles,487917eacb6cac9831b2e2c4241762ffdb2c734cba7084f0ce61165516956f96,f279e01ff22cd302,label_conflict,"Multiple labels: vl_black_measles, vl_leaf_blight"
g000400,esca/esca068.jpg,esca,vl_black_measles,0189ed3ae974ca2e60112e59d4aca9ea63e98935c0f80d36af52a97cbc6adcfd,f40fd094bdc8966a,kept,Representative
g000401,esca/esca069.jpg,esca,vl_black_measles,0d5ebe8ea9fb4bc247955a3d8ad8d67b7809517ef7c3aec2fe3d99d9cba11fd2,8fff4aa1e2f03130,kept,Representative
g000402,esca/esca070.jpg,esca,vl_black_measles,20bbb06886ecdd695f021474e8092ab6a4edd688881006a11654059851129516,cfdcdad9c9939080,kept,Representative
g000403,esca/esca071.jpg,esca,vl_black_measles,13a024bb8266c2b4bd9826ec1ded877a1737747fd8472415a654dedcce102e78,cd02b2f04ecf6d62,kept,Representative
g000404,esca/esca072.jpg,esca,vl_black_measles,0b80b4ef4fb6d438e23fd5ca364ce56c645a2bde42e1a19d42bf040919c918cc,df50e2fe50c0fc82,kept,Representative
g000405,esca/esca073.jpg,esca,vl_black_measles,096b1fe1a511b47c03dc40375ecc6defe045bccc3c783c7490c3d411799c0160,d6dc24ee8f18cec0,label_conflict,"Multiple labels: vl_black_measles, vl_leaf_blight"
g000406,esca/esca074.jpg,esca,vl_black_measles,c513a34e4ed7b8783e7145422bd7468600d2660fba2130fe77c15d805fbcbc37,f0e9495cb0a16cbd,label_conflict,"Multiple labels: vl_black_measles, vl_leaf_blight"
g000407,esca/esca075.jpg,esca,vl_black_measles,79d30cf6f79ac5c5c38a765029d633977ac39fb10fddb107e2bc2a85e02b4447,8a7096765257ba56,label_conflict,"Multiple labels: vl_black_measles, vl_leaf_blight"
g000408,esca/esca076.jpg,esca,vl_black_measles,fc94938ddc2da4ea74401c6d9afe5d3c1fccd88126a8bd658ca08eef405053a5,d06acb8f53a87169,label_conflict,"Multiple labels: vl_black_measles, vl_leaf_blight"
g000409,esca/esca077.jpg,esca,vl_black_measles,951045620fa860b7277eec764c3e89bfcc0b965b568238398f11d188afbe9b7e,ca043c9d77be4598,kept,Representative
g000410,esca/esca078.jpg,esca,vl_black_measles,a2834c24a5f0c4f4d3b303f5e2cf72e591210a499b0bcb4dfd4dced2b8b9de55,cc6e5adc2cf2701a,label_conflict,"Multiple labels: vl_black_measles, vl_leaf_blight"
g000411,esca/esca079.jpg,esca,vl_black_measles,70e084a5f7de8f000bb266a310bb7ab6a9987a78e372fab75a37de3efa247213,f4f279858049edac,label_conflict,"Multiple labels: vl_black_measles, vl_leaf_blight"
g000412,esca/esca080.jpg,esca,vl_black_measles,f713a201aa0208ff404788808e7322e9d4c247bf45230fb05ac39877b444cd8b,edda9217d8690587,label_conflict,"Multiple labels: vl_black_measles, vl_leaf_blight"
g000413,esca/esca081.jpg,esca,vl_black_measles,0154ded2cb18a28629f12f4dee5f578bd86559ff734e1c755ef435172aac7d32,f7c53b988669024f,label_conflict,"Multiple labels: vl_black_measles, vl_leaf_blight"
g000414,esca/esca082.jpg,esca,vl_black_measles,1119b202988eeaf483971c9e1ec16a1048d88da3599b865dfcf4fe3fddf3ff72,c5e3c10e18193f3f,kept,Representative
g000415,esca/esca083.jpg,esca,vl_black_measles,7d965533a27d1ac8788171fd8fcc5f27f36d03c835be8f68351130aff11a07f4,e14d9ec3f0534b98,label_conflict,"Multiple labels: vl_black_measles, vl_leaf_blight"
g000416,esca/esca084.jpg,esca,vl_black_measles,7b4ea5e848e14e01db8c02ba408a949cf6babf42bcbad9518b8ad1f587dd42dc,c1261eb86e50b3fc,label_conflict,"Multiple labels: vl_black_measles, vl_leaf_blight"
g000417,esca/esca085.jpg,esca,vl_black_measles,a1d7ded2f6189b6acd91c1c6ab30e2c9fa64ad939e12f316ffa0ccd2d19b4792,df9d7df0845c0454,kept,Representative
g000418,esca/esca086.jpg,esca,vl_black_measles,80f16ed5ca2a973670b1f9eaf67231783d0c9d38f0249b7dabd9c873a7982c9f,962934eb68b566b2,kept,Representative
g000419,esca/esca087.jpg,esca,vl_black_measles,8354435abc6897335806c83303ca8584944e80efed00f2ccd843aef65f0bbf09,ff9f091df7e04008,kept,Representative
g000420,esca/esca088.jpg,esca,vl_black_measles,e6fe6e08233f3e5af06d718558aa41d8bc81ff4cf632387f1f8f12d01bafda9e,f9b43d05a4f45075,kept,Representative
g000421,esca/esca089.jpg,esca,vl_black_measles,b53d2b244a69082fe8745bfd1f208fb58ecb6a5d16489f84ebb523dd66aba368,d8b263ccf906cc9a,label_conflict,"Multiple labels: vl_black_measles, vl_leaf_blight"
g000422,esca/esca090.jpg,esca,vl_black_measles,4c534ea290673567856320dceb56c97e772d9a622325553bc390387bab2f8baf,b3958999a2b69473,label_conflict,"Multiple labels: vl_black_measles, vl_leaf_blight"
g000423,esca/esca091.jpg,esca,vl_black_measles,50e4c7f36c144a73f8e9e7631890db3f11ccf49996a90371e33dea4a47e54a41,c4bc01cf33339f70,kept,Representative
g000424,esca/esca092.jpg,esca,vl_black_measles,80dd00de0169857931c57a54789a70e1d1982a7fc493fa7706284187173cac92,c9c3ea3efc0c0647,kept,Representative
g000425,esca/esca093.jpg,esca,vl_black_measles,b1bcc94b88eb089486ca67ce40c74aaf9638a3aaa9fb4f1c695fd0374008917f,d2d5d84159d1b5b4,kept,Representative
g000426,esca/esca094.jpg,esca,vl_black_measles,6b96320d531da147ef2f7df8a0a5c7d586b07967b3c85a3a9715de35a1d2139f,cd378f77891801d9,kept,Representative
g000427,esca/esca095.jpg,esca,vl_black_measles,f66d21f2c901ecdffe160d5a912384c02bc938641c3f6a2ed09be078e5299e7f,bda9a8e2d2d261e8,kept,Representative
g000428,esca/esca096.jpg,esca,vl_black_measles,e47f2760559a092e06eb660c447ad745f79119194177d1632d32ab88f84304d1,de1e248bd3f64819,kept,Representative
g000429,esca/esca097.jpg,esca,vl_black_measles,a1d0cf302ff2908af66bdce85029016410d73fbc488a77f86bf9a662ffb66bc1,e4914b1dbcf99416,kept,Representative
g000430,esca/esca098.jpg,esca,vl_black_measles,10cef8e9b23d901790d6413fc8bbb62f6737152c10b4de6a15be229e7b841421,f9f1d11f188f0d03,kept,Representative
g000431,esca/esca099.jpg,esca,vl_black_measles,ab402e28a8b04278c2ff1a46c1fadadd45862f127177af3db5b061896cb3080e,d56381fc760ada64,kept,Representative
g000432,esca/esca100.jpg,esca,vl_black_measles,39c35208c331f23ff6aae80b9b00de196e9286aae35151541040999973284b3e,9f3e508562bd662a,label_conflict,"Multiple labels: vl_black_measles, vl_leaf_blight"
g000433,esca/esca101.jpg,esca,vl_black_measles,f8ec1f46027aea98b74ed95efaeebae6cffb7ccafd03896a2aaf357a49b43a98,f7c18b8163f184ce,label_conflict,"Multiple labels: vl_black_measles, vl_leaf_blight"
g000434,esca/esca102.jpg,esca,vl_black_measles,6362b209a19b5ed34679072ad03eddac492426bbe6f53d98b1f957d730c614b0,838f1fcfe1604d45,kept,Representative
g000435,esca/esca103.jpg,esca,vl_black_measles,7a2134de42f91f20e7db3881d07e7cfafa3309af05456c37676e300a300c890d,ffb512e208a3455d,kept,Representative
g000436,esca/esca104.jpg,esca,vl_black_measles,1a036fad06acfbe0036ab30042607e5080d932fb8276c21d7cc19a64831f625f,d3b3d3131f19e860,kept,Representative
g000437,esca/esca105.jpg,esca,vl_black_measles,e484694e76fbada41cb049fc49d61eeffa3a84b35e1a1a2e97da52fecb235eb4,e32c9f500f8bf291,kept,Representative
g000438,esca/esca106.jpg,esca,vl_black_measles,5295c019d5c993fa2113039ece4314611a6ceaab42260749c6497d2392ae257c,e8c909de614ce36d,kept,Representative
g000439,esca/esca107.jpg,esca,vl_black_measles,45642a42c06c3cf9284914fb86fbbb3f628bac5a2cfc2b08a8235bdfd40a76cb,998b9ab7ab0ba550,kept,Representative
g000440,esca/esca108.jpg,esca,vl_black_measles,fda4afa9846a3b6d588f43f94d427fddfe0382ca1ea809d6f1f3745454f7009c,d8cdc832391fcda2,kept,Representative
g000441,esca/esca109.jpg,esca,vl_black_measles,5e853556315fc9b26beb4e97ea50d8e3bc7ee1dc68792f16c88c335f93c72517,d10e699c6796e64a,label_conflict,"Multiple labels: vl_black_measles, vl_leaf_blight"
g000442,esca/esca110.jpg,esca,vl_black_measles,cb31cb26b064cec7d03433f8be47fd8896e63e0a5d6b352797ac9e792a66ebc1,d8bc96958574e98a,kept,Representative
g000443,esca/esca111.jpg,esca,vl_black_measles,9bc4f73ee31242ec5b20c8b14aa280c0e986185b9974eb8e02238911957ec9bb,bda2bd0e7419e461,label_conflict,"Multiple labels: vl_black_measles, vl_leaf_blight"
g000444,esca/esca112.jpg,esca,vl_black_measles,01c7c5e9616b33610ba33eeec45f43313bbcb54ae5555902ba6edbf53b5d324b,aa7ee8a1b29e5131,kept,Representative
g000445,esca/esca113.jpg,esca,vl_black_measles,dd785928d89546411dc48fed4630907797e5b6c63abacdd1f9eb19e9fa4ea978,9f4063fcc1b4987c,kept,Representative
g000446,esca/esca114.jpg,esca,vl_black_measles,0c85dc145be2927cac839f59b0c210c7fbdf36701746c59afa89a387716a2945,9d5669a552b92276,label_conflict,"Multiple labels: vl_black_measles, vl_leaf_blight"
g000447,esca/esca115.jpg,esca,vl_black_measles,703d3cab0659f458c0fe8c95c9d649484e4fb13323da82a2ab60114f947abd9f,9d11e3c2cf62267c,label_conflict,"Multiple labels: vl_black_measles, vl_leaf_blight"
g000448,esca/esca116.jpg,esca,vl_black_measles,d2c4a24dd69b6a65fb9da105378a4df04b87bd0068453cd77a32d5678930c0b9,ccf0669831f878c7,kept,Representative
g000449,esca/esca117.jpg,esca,vl_black_measles,f07b7205758ac09c63c8a9a22a7652f9ce651ae3f283672c05d50a01a905abd8,ccfb322283cef434,kept,Representative
g000450,esca/esca118.jpg,esca,vl_black_measles,aabbed5677ef3bd6a25487741c412717e3f28a44a3b1e2321d0709adb3cbd026,9bb27242d28d5db1,kept,Representative
g000451,esca/esca119.jpg,esca,vl_black_measles,7be3192c2bfd7899641bc3669308593721224ecb32c20961ed8dd968392e3513,cf86c24e5f0f3c28,kept,Representative
g000452,esca/esca120.jpg,esca,vl_black_measles,c5040475107dfcedc02a829600bfd0b358eadc694408b5a58e54de3760caa84e,d3cb8fff88080e07,kept,Representative
g000453,esca/esca121.jpg,esca,vl_black_measles,02747f146842136fe26fcf5d1462e22a5ed3278c00ae8931d03d16cc4eb799f3,d31f81c742e98ec3,kept,Representative
g000454,esca/esca122.jpg,esca,vl_black_measles,188764777f40e1d728ed35738f1bdeea089649e1460832c8af2e6766af586b4c,f0c5569aa9f151e1,kept,Representative
g000455,esca/esca123.jpg,esca,vl_black_measles,1222d766e0056de2ed23c6b04a5461e8390181bd453a1e887d7a4df08238aaf3,94c9475d4d49f81e,kept,Representative
g000456,esca/esca124.jpg,esca,vl_black_measles,31c4dd50f8fb982851f06aec9d3da5e551708919ee365afa0d1658e9a7be845f,94878be7618bda19,label_conflict,"Multiple labels: vl_black_measles, vl_leaf_blight"
g000457,esca/esca125.jpg,esca,vl_black_measles,ffe7a840a9d9f31cc9581ebac1548ce2e57dac6973edb0ea4910ecdd691b1b8f,b1d37642ad487ae2,kept,Representative
g000458,esca/esca126.jpg,esca,vl_black_measles,236f410dbc4bbe6d94ccd61efa77d5338c4b07346cdefe70212442f4dea3dcc1,e71e3108307cdaed,label_conflict,"Multiple labels: vl_black_measles, vl_leaf_blight"
g000459,esca/esca127.jpg,esca,vl_black_measles,007f3e4da46218812845d13f26a95d41f5719515a2de4b9556db49bfc0cdd8f9,e37f010ade8103bf,label_conflict,"Multiple labels: vl_black_measles, vl_leaf_blight"
g000460,esca/esca128.jpg,esca,vl_black_measles,b0d26aae18b77adf80151a9dc5d80e490b528ac22d861af0853b40dd2d28427b,c096cf89f74ef140,kept,Representative
g000461,esca/esca129.jpg,esca,vl_black_measles,4b6258f9032f5e5bbaec13249e1261b28e8b778f95f2f18448db9c842ae79ea2,edaf454a24da51e1,label_conflict,"Multiple labels: vl_black_measles, vl_leaf_blight"
g000462,esca/esca130.jpg,esca,vl_black_measles,eb9d120a637e5cdebb97033d177fdc9b12f0f35c44f58fc10b3a9d6207c0f210,e0f08a13ff1f85c1,kept,Representative
g000463,esca/esca131.jpg,esca,vl_black_measles,8ce4e5bb5703a5221f85ad29ce907eafe4ed20185f6bd64b0da78126d409764e,f5474e2da0f834e4,kept,Representative
g000464,esca/esca132.jpg,esca,vl_black_measles,cbb1018485f8d06c32e3a402915e461e665324643e1b63256f9ec75f3966acfa,b5d3d9c85a8d920e,kept,Representative
g000465,esca/esca133.jpg,esca,vl_black_measles,380c7d5bb07f72fd35c2f8394b0574ffd1d68e9af5a1b5bab78c1b9b50cfdf39,cadb116565631e99,kept,Representative
g000466,esca/esca134.jpg,esca,vl_black_measles,7b3cdf7bf6d41f7010f2ab06e2166882131a6942e2fce0b2532f0891110d79c1,9cdd614941933d5b,kept,Representative
g000467,esca/esca135.jpg,esca,vl_black_measles,42bac0c8b8286bf3506f09c26e01324a3ad834317dd9c49f2af3607bfc68d1d3,c1239d702b3de83d,label_conflict,"Multiple labels: vl_black_measles, vl_leaf_blight"
g000468,esca/esca136.jpg,esca,vl_black_measles,4f7e171b31a0c3707eb57a32aee813dd5c9b808e11be680f184585c702e23e22,a94a0f2f3878f784,kept,Representative
g000469,esca/esca137.jpg,esca,vl_black_measles,56302061bc088ca512f0398f9497f3436e00136d5806d5ef24010d8d53e5987d,aa2aab8a5a54dc3e,kept,Representative
g000470,esca/esca138.jpg,esca,vl_black_measles,541297dd19146341f1801a03051a262d4d0999bee43518ddff815c50e0afa9cb,e0f12e67b4f1823c,kept,Representative
g000471,esca/esca139.jpg,esca,vl_black_measles,f5105a1e6c6cfd0c99298c077cab8b396220d5cf339f5708d62fb95292640ab0,82b781bcb4b79549,kept,Representative
g000472,esca/esca140.jpg,esca,vl_black_measles,1a93b46bc8c9ff9a5c195f7dea1e2fb78f78e0a24608a70417a6786351022bb5,996dddbc646d0c06,kept,Representative
g000473,esca/esca141.jpg,esca,vl_black_measles,179f2960f43578e764c16525594ee832dc8fbb70462000f8b873362f01b7cd56,e1e10a0b4b5e575e,kept,Representative
g000474,esca/esca142.jpg,esca,vl_black_measles,f343346f3ecb2840b3b2bf3bd91277603381c5fa8843f35c25a754f56873014e,ba3f93118525eeb0,label_conflict,"Multiple labels: vl_black_measles, vl_leaf_blight"
g000475,esca/esca143.jpg,esca,vl_black_measles,eed1f165ca2abcbe90c6f80e9a2381ea3c26c06d4c71976320380f3ff11e6b68,e08e4f70f898d26e,kept,Representative
g000476,esca/esca144.jpg,esca,vl_black_measles,fc731b9a67878502d58afc3385636bcbaa668b70b5642b6161b31c56619427e4,85d3c34b494b63ad,kept,Representative
g000477,esca/esca145.jpg,esca,vl_black_measles,0acc37a73ab439f1e89de4b1bac9c7b52c2c12e900b95474a3bfb2c40283e53f,c3bbb8e0115e7e03,kept,Representative
g000478,esca/esca146.jpg,esca,vl_black_measles,24f50d2193d6a0059aeb52a973e63e7a067ad451dd443db12d695854757903a1,c7a63919931bcae4,kept,Representative
g000479,esca/esca147.jpg,esca,vl_black_measles,6354e4796df802b520302ffd4f19f96df1b66c6574c2de6825318bfd63507577,ae12025b8f0de5f5,kept,Representative
g000480,esca/esca148.jpg,esca,vl_black_measles,4cf6aca6995307a9d15324badf1abb68697fce6821e6bd5d989408b941441990,e20e3e23f07703cd,kept,Representative
g000481,esca/esca149.jpg,esca,vl_black_measles,0b477a31d860e4d998d8fa2640184a1a90679cbf312197d90f3e39271add2e3a,cc0c3b079d76780f,label_conflict,"Multiple labels: vl_black_measles, vl_leaf_blight"
g000482,esca/esca150.jpg,esca,vl_black_measles,e5aeb3306110a8a17668e085eb504e11b219b7137b3581ab56b576b8afac7eb9,c704f90865eb5e3a,kept,Representative
g000483,esca/esca151.jpg,esca,vl_black_measles,c17f9b6506dd58edf7b474b96979fe4516276f37cc727e0bb0afc0946c893765,a4bd8fc228273f4c,kept,Representative
g000484,esca/esca152.jpg,esca,vl_black_measles,fe8d7906df7c162d2c21c3b3c692fe38c4d39c8009ee93e4b6199e71604fea18,fc057ff642426a58,kept,Representative
g000485,esca/esca153.jpg,esca,vl_black_measles,df4ff6b053b06b2fa1904bf03a9c9af2af53c1d2670fb4a8fa740f0c81141bc8,f6ac98d0c1e1ab8b,label_conflict,"Multiple labels: vl_black_measles, vl_leaf_blight"
g000486,esca/esca154.jpg,esca,vl_black_measles,1065432b9b180fee67b6af75e65c5653012a8e02e8ea8651270e37561613a1a7,d6b08131755e4f4b,kept,Representative
g000487,esca/esca155.jpg,esca,vl_black_measles,3800381dafcfb2d0c0310396542d9e287f4d519b367e4e0dc9e50814eae83386,f359c4f62b81ea81,label_conflict,"Multiple labels: vl_black_measles, vl_leaf_blight"
g000488,esca/esca156.jpg,esca,vl_black_measles,dcc2a55477042ad12898cd56210b28b182cdcc67205d58ef974e5442ec66aa2f,8d045cd9c86ee99d,kept,Representative
g000489,esca/esca157.jpg,esca,vl_black_measles,2663a881fb8eb2fc993c41673222a7920251bfe26a6be96d11d1e8305410e94b,bd90136ef86027b9,label_conflict,"Multiple labels: vl_black_measles, vl_leaf_blight"
g000490,esca/esca158.jpg,esca,vl_black_measles,d733be2f173078bd8940ae98af1182f0afce1ff0d1fda198cc5c5daaf1f9501c,d2f44a6e116cb09f,kept,Representative
g000491,esca/esca159.jpg,esca,vl_black_measles,2166ecdddd3bfe4c0ca98251c0e708f6d266a3f6e2b1912cc6e3b0eeba42f7b4,dc5c2f130b54f323,kept,Representative
g000492,esca/esca160.jpg,esca,vl_black_measles,bc678033be370b530db0df322a610f6cc3353bfc585f08ce90456a354ec01c30,b6a5c76c68b21ad2,label_conflict,"Multiple labels: vl_black_measles, vl_leaf_blight"
g000493,esca/esca161.jpg,esca,vl_black_measles,077d99e5d8359ffe4a0392376f7fe2d02d435acc0a6191ea369d387aa86ac748,9bb692d4565acb0a,kept,Representative
g000494,esca/esca162.jpg,esca,vl_black_measles,72c94dcc18e547e512eade82fc5df9dfb5450ee7d9441dfdba7110a805b4e005,862df568cfd31066,label_conflict,"Multiple labels: vl_black_measles, vl_leaf_blight"
g000495,esca/esca163.jpg,esca,vl_black_measles,52e63c5086575cd955973e3a8fce93d53ea0cc744fbe4a882eba71cc12553253,c83e33c6c41d3ee1,kept,Representative
g000496,esca/esca164.jpg,esca,vl_black_measles,6c679039ccb326cc3f10a08047a9d78a5c54c9d0fc60039370a4628b62b6e51e,94b6930f42c9d29f,kept,Representative
g000497,esca/esca165.jpg,esca,vl_black_measles,f999b915bd207423d5d86eac29e028ea389775fb51bc5bc800d456bdba960d50,babaea7ef0161484,kept,Representative
g000498,esca/esca166.jpg,esca,vl_black_measles,f009bba8e10e9ce8d8f30efffc72541a351834665973482d3b8db250969dc07f,cb61353da4a3b68a,kept,Representative
g000499,esca/esca167.jpg,esca,vl_black_measles,a2f6881551ddd336c4709a8ecaf4a1dca943f89264bf0e1837f7fe8582c9695a,d255d2a56324a3be,label_conflict,"Multiple labels: vl_black_measles, vl_leaf_blight"
g000500,esca/esca168.jpg,esca,vl_black_measles,f7ced799e79a006882d8057e4cd99b57425c54a0fd9ef50cbf982c4a8660244e,a3a3e54123e9a5e5,label_conflict,"Multiple labels: vl_black_measles, vl_leaf_blight"
g000501,esca/esca169.jpg,esca,vl_black_measles,97771acfbaa615c65ee55bd67e1a129b9f8372cdd80e78b5ad974d1c216bd640,feee4b7c4161a0a8,label_conflict,"Multiple labels: vl_black_measles, vl_leaf_blight"
g000502,esca/esca170.jpg,esca,vl_black_measles,9198e63e6099cf77483945ca0902d19362839585f6921fa5ce7d9c73201fe775,d76ecb0707568217,label_conflict,"Multiple labels: vl_black_measles, vl_leaf_blight"
g000503,esca/esca171.jpg,esca,vl_black_measles,54feb76e11b0b2cf05e479141324c36c19369b728bb0acaec1f5b0e8107b6be0,fcf29322d4738c8c,label_conflict,"Multiple labels: vl_black_measles, vl_leaf_blight"
g000504,esca/esca172.jpg,esca,vl_black_measles,4fe9bfd094148f5c57416d086ac1010ce41966e67ab26d361c694fee4d56b269,decc6cd93a3224ac,label_conflict,"Multiple labels: vl_black_measles, vl_leaf_blight"
g000505,esca/esca173.jpg,esca,vl_black_measles,8122f4548ed559615badf8e26be1724486c66ce45bd93f5f59293fdca4cb41ad,91a06c4e478f3d3e,kept,Representative
g000506,esca/esca174.jpg,esca,vl_black_measles,0bb095f7af1c9139d83ac9179bbb76ea24272659aded107baf60546e3b84d941,fb748a63ddad0290,label_conflict,"Multiple labels: vl_black_measles, vl_leaf_blight"
g000507,esca/esca175.jpg,esca,vl_black_measles,bb22d605869ee35e40299371dcbbd1f839f16b34b2d6af16f9e6d75024fac1d1,80a35d9922f13f3b,label_conflict,"Multiple labels: vl_black_measles, vl_leaf_blight"
g000508,esca/esca176.jpg,esca,vl_black_measles,802af963bc51eff0b330c0f2d259b885ab9d125350a4ccf70bbcb4e550bd03fa,e035c07b5baa35f0,label_conflict,"Multiple labels: vl_black_measles, vl_leaf_blight"
g000509,esca/esca177.jpg,esca,vl_black_measles,5e858d52da885283426cf88cff84dfc22566e06bc07d1cc7385f02262d48eb9f,cf81f0c11b70f25d,label_conflict,"Multiple labels: vl_black_measles, vl_leaf_blight"
g000510,esca/esca178.jpg,esca,vl_black_measles,c6ed8469be3dfccfd1b2f7d82243d131310019e24d61c8325feec1fea3da2f15,f4a4f0b473c9b1c1,kept,Representative
g000511,esca/esca179.jpg,esca,vl_black_measles,c36a537d5aac7542be61846d4354e99f68e41f1cae5ddb607fbbab9639972483,8181b7b4b685e1f5,label_conflict,"Multiple labels: vl_black_measles, vl_leaf_blight"
g000512,esca/esca180.jpg,esca,vl_black_measles,3f31a57591df3d08c4a003b18b0993fc707ef7db13528e5d33b64fad1e3ce1ee,d0ad215a31dc2edb,label_conflict,"Multiple labels: vl_black_measles, vl_leaf_blight"
g000513,esca/esca181.jpg,esca,vl_black_measles,97a64068cd674a37dc00a381f88f9149fefffdba3a450793f967a20870a245cd,fe6b25da0f08f0a1,kept,Representative
g000514,esca/esca182.jpg,esca,vl_black_measles,c071f7cee763c2082d37ef420f33ec2db25618995de45a005bbbadc07e3ad639,eee65252b6478233,kept,Representative
g000515,esca/esca183.jpg,esca,vl_black_measles,14c8ba5dbd706a14599dfca8e4d12349c5b7688b7fdca49dbc524282d167e17a,cd663cc81391ee27,label_conflict,"Multiple labels: vl_black_measles, vl_leaf_blight"
g000516,esca/esca184.jpg,esca,vl_black_measles,bc2a932d213aa4be2303c67abd4b1248544b6f0ee326d52d4f91f836f2718df6,99a626dacce48736,kept,Representative
g000517,esca/esca185.jpg,esca,vl_black_measles,3919fa331f1d0e663c496cc0f8c37dac0f6d57ed182b6e0c31c88c75e2b717ba,c10ef342f098ee3e,kept,Representative
g000518,esca/esca186.jpg,esca,vl_black_measles,22ed92b6ccd65b624dd04c7f1a57c094aed56dbc499c75bb1128ba61ddf3d766,dcb2cc63d912df80,label_conflict,"Multiple labels: vl_black_measles, vl_leaf_blight"
g000519,esca/esca187.jpg,esca,vl_black_measles,ecf8547bdbd2b96a21dbfde426705c6b03f6e4f085e6750c65b8e73adaa290cb,c6c73a30e2df3630,kept,Representative
g000520,esca/esca188.jpg,esca,vl_black_measles,e34f347cdea7cc5a50eeda5507179cc186f7c8b1e9630c2ae67674551e76f16a,b26103925776afa3,kept,Representative
g000521,esca/esca189.jpg,esca,vl_black_measles,031ea866b56652cb9d55047fd698316c40602fa387bf020ab05ff0aa1c42053f,e9cd1aa4867ae525,kept,Representative
g000522,esca/esca190.jpg,esca,vl_black_measles,84f656fb31eba271f81a3cacb35640fe00777c6b0cc62efdacd8301fe7d957c1,fe90a6055b228cef,kept,Representative
g000523,esca/esca191.jpg,esca,vl_black_measles,9f58267baf17ba7f6c30e3688d79ec0ec5ae4b61bd2c280fc929f992f7f6da92,d296b6f087d99192,kept,Representative
g000524,esca/esca192.jpg,esca,vl_black_measles,d59edc8e736bcdc1b3f5d13846752418358459f90732597763980ca0f73aea89,f1364097de210ebd,kept,Representative
g000525,esca/esca193.jpg,esca,vl_black_measles,1603e8b113bbbf7f151c82ac7568c20d46815e84665263205a206db24d97374b,ffc1006cfcfc8e08,kept,Representative
g000526,esca/esca194.jpg,esca,vl_black_measles,fb343aee765f50eced1162562652c4788bf760fc18a1cbb20b37b702d85105ad,eba62ba3844bc9f0,kept,Representative
g000527,esca/esca195.jpg,esca,vl_black_measles,68ab98928c9ad22b06f87c0cf154be17e91171952321bd9781963352f839c9b3,eab81d6da18d9c70,kept,Representative
g000528,esca/esca196.jpg,esca,vl_black_measles,5d9a1eadc24a51ccbaaa4f2121af57b5686651ff1bbc056a2132b624d255ecc9,c29ab423f11bf9c2,kept,Representative
g000529,esca/esca197.jpg,esca,vl_black_measles,1c19bb89f711fee0c72d39af6aa1daa5b35772e82c6709699182eb64528c360d,d55a7caca56f2640,label_conflict,"Multiple labels: vl_black_measles, vl_leaf_blight"
g000530,esca/esca198.jpg,esca,vl_black_measles,0ee976e5af962abefac633275dd5711efe6b96c1d34cfcad18fd7b3f271db220,c1676da6e61f1852,kept,Representative
g000531,esca/esca199.jpg,esca,vl_black_measles,f8e6f72230eaa94a4a0d4c2965b9a722146dfc3699694de132a0ddd1e9fb89b4,9270a59f4bd5e4b0,kept,Representative
g000532,esca/esca200.jpg,esca,vl_black_measles,ab4bdf01f2af593817d7ed9c2a2c7c3c0e176f3167fb88e9bc5a1b819b6cd284,f901c9f669e23b44,label_conflict,"Multiple labels: vl_black_measles, vl_leaf_blight"
g000533,esca/esca201.jpg,esca,vl_black_measles,cd96e37e5643350dd12393096041fa43c28ec41b8682187c1b4e17a4b5c08761,893d2d8673e5c2c9,kept,Representative
g000534,esca/esca202.jpg,esca,vl_black_measles,8e57fc6a6c4a73351182babbf89f4b689985232dceb393333cf2831aa91a2f7f,e41be6182bdce21d,kept,Representative
g000535,esca/esca203.jpg,esca,vl_black_measles,9db4ae47391225d9c195150ae550871ff35d56e9da5abc368bf74d127fcfe369,923cb3939b24939b,label_conflict,"Multiple labels: vl_black_measles, vl_leaf_blight"
g000536,esca/esca204.jpg,esca,vl_black_measles,d55fdf1ff0324aa93cd60847e2596b283966073df6bec4d4c7709fd599dad57f,c48279f387d1e836,label_conflict,"Multiple labels: vl_black_measles, vl_leaf_blight"
g000537,esca/esca205.jpg,esca,vl_black_measles,5175ada813e3e34fb1ff601864933b90fff2b1accc44cc280805397fc9a52bee,bf092134d6486cfe,kept,Representative
g000538,esca/esca206.jpg,esca,vl_black_measles,d1647edec0bb1c092320ecd4330eb8c116d784ad11eba95ffa6c9659e4f3b12e,ff17f20ea09602b9,kept,Representative
g000539,esca/esca207.jpg,esca,vl_black_measles,2dcf1b93ed6ebb564042758fda173d08f155249475ab8966357955a2ac899f64,8692b673a6ce8ab1,kept,Representative
g000540,esca/esca208.jpg,esca,vl_black_measles,35b42852cd1bd5b1fe2f2a48d14bab51a8a6b5e00ad44d4978da9100bf964bf1,f1e1f922503a1eba,kept,Representative
g000541,esca/esca209.jpg,esca,vl_black_measles,3fedc63381215166ec7a032fb06e6e7e83f3bf230d4c9221bcb22207d064de93,f1c31a1ce0f519ba,kept,Representative
g000542,esca/esca210.jpg,esca,vl_black_measles,f4ab99fd46ac130d93efeb6a606962d4ac13dd219106ab4bc24805ae0a551deb,dc9460747b1b315b,label_conflict,"Multiple labels: vl_black_measles, vl_leaf_blight"
g000543,esca/esca211.jpg,esca,vl_black_measles,4f3e3ab92517fcd05ffdf687ffb0cd6aa85d20aa78754e1bac871c0d3e0e4da4,ecdc5e7e1080cf94,kept,Representative
g000544,esca/esca212.jpg,esca,vl_black_measles,d28f4c7d562b11bd3b8de115fd9d3424b9e9deacb05d5120cc104981c19c962b,e7200ece2f732f88,kept,Representative
g000545,esca/esca213.jpg,esca,vl_black_measles,6aa1d1ae42f98c15b19a907e9b873bb9c2dabecd56654cc838e277c1bc9d8c30,f0c1ac686eae27e4,kept,Representative
g000546,esca/esca214.jpg,esca,vl_black_measles,a9785884d0ca397c55fdfe63bdfaca605647c61be254d314d3cd22a4195eec91,cf8ca98b2eae2626,kept,Representative
g000547,esca/esca215.jpg,esca,vl_black_measles,6d29d31b378282418ac736b663cad74b7aeb0c7f761c8122b9d54a597c7f8806,ebcb556557986128,kept,Representative
g000548,esca/esca216.jpg,esca,vl_black_measles,fc86d32a914ddec3c01ff45d2116fba8201ec14712207dffccba9a692575e1e2,c7cf7eb642e5a001,kept,Representative
g000549,esca/esca217.jpg,esca,vl_black_measles,febb08eb0d8ed41f9f1c9915b0b8080f6f5b092de5593ba34248aec5f95dd14f,caea6e0e5723c0cd,kept,Representative
g000550,esca/esca218.jpg,esca,vl_black_measles,ffbdce5161aaf2cd23b373450897bf50d748d9643c80e18971705f5e651d0de2,f0c86c1cf0fe6e03,kept,Representative
g000551,esca/esca219.jpg,esca,vl_black_measles,cf6469736dbd7fa827a51ffefb0c0883f2b49dec4dcf6b16880e0a4342f3c9a6,cf5a73449235ce86,label_conflict,"Multiple labels: vl_black_measles, vl_leaf_blight"
g000552,esca/esca220.jpg,esca,vl_black_measles,8734c7a3cde844f9fac8734a22f52ce8ac40b4e89cc365c20d6a3f28b2e706ab,b5e872c71d8c70b4,label_conflict,"Multiple labels: vl_black_measles, vl_leaf_blight"
g000553,esca/esca221.jpg,esca,vl_black_measles,64ac6025b10e7b45c8a4db9370e42be1d95e30ae905956762b8b2b57624d5e69,d1edc7c11c991cca,kept,Representative
g000554,esca/esca222.jpg,esca,vl_black_measles,18df737e2e1beb111638a724e94dadfc379c605b4cd104865a6a85c5079cca1b,a3a1c5f6543c98f2,kept,Representative
g000555,esca/esca223.jpg,esca,vl_black_measles,ad5e18818ebcd1948fb5fb5c6e4030b3a51c1706b74577d237c76be18a3c0f1f,9b1a72876c49c575,label_conflict,"Multiple labels: vl_black_measles, vl_leaf_blight"
g000556,esca/esca224.jpg,esca,vl_black_measles,d107d2eb64366717888c250222e7bc3dc19036b133f39e051fb792cd3386e636,dd496120ed49fcb4,kept,Representative
g000557,esca/esca225.jpg,esca,vl_black_measles,97cc60d21a76fa5888be84d8c9f863b75a430b481b450c0d6025dccbb567bee3,ddfc623035c85e13,kept,Representative
g000558,esca/esca226.jpg,esca,vl_black_measles,adbfc7b6512730627a1618700200d8692bab5df2cec97f91d10cfe968c6e868f,8ab731ba665d1c19,label_conflict,"Multiple labels: vl_black_measles, vl_leaf_blight"
g000559,esca/esca227.jpg,esca,vl_black_measles,62d1fd4851d5a55aaf1f905ad5a8800169b16e3ee882504fe425d44df9687ad1,80e6a865979f789a,label_conflict,"Multiple labels: vl_black_measles, vl_leaf_blight"
g000560,esca/esca228.jpg,esca,vl_black_measles,5ab405e4090a947925b834ee026ca32020bc8047ebe42a888c965baee4721ee1,9cdc20b58612a3ff,kept,Representative
g000561,esca/esca229.jpg,esca,vl_black_measles,6f2a54d69f43b8c0bf84e82533a8d90a4ea0cada4432fee7bd965dfc4df06581,a34fb83531e30b87,kept,Representative
g000562,esca/esca230.jpg,esca,vl_black_measles,ebd7757a89475018422fd74e66f90b271cf4f9ee243e0125104a4b9682bd496c,a7789ee7a0a0b487,kept,Representative
g000563,esca/esca231.jpg,esca,vl_black_measles,ce6a775965546236ed31e02612b2ca73690cd5a73149ceaba249319c2b79aabf,d134e4d997b8f430,label_conflict,"Multiple labels: vl_black_measles, vl_leaf_blight"
g000564,esca/esca232.jpg,esca,vl_black_measles,dfe2f19dca894487cd8f9fd25d6fa978351d3700a783ca391bc264b8fa3ea7f4,eaea54152c765476,label_conflict,"Multiple labels: vl_black_measles, vl_leaf_blight"
g000565,esca/esca233.jpg,esca,vl_black_measles,b6a98540c836fab5b27201315cefe9c83663b5191e1c54f09df93caf8b8dbf27,b576719af488b074,label_conflict,"Multiple labels: vl_black_measles, vl_leaf_blight"
g000566,esca/esca234.jpg,esca,vl_black_measles,eeb27d5a46ca187c2e66420d95472cb53db4a7953a8245807c4cfeefad0bd3b1,f0f9d60cc42a3e3c,label_conflict,"Multiple labels: vl_black_measles, vl_leaf_blight"
g000567,esca/esca235.jpg,esca,vl_black_measles,23b926006f8b4c7c8edb425e97c2cd49892ab95e418f841ba069cf17bb2a1019,a1c999e3cb98c791,kept,Representative
g000568,esca/esca236.jpg,esca,vl_black_measles,abf5da14dff90a1e1dab3f5b081b03e7fc2799a7748c64c06e220b1b3de24cca,f37a2d2516a6ccc1,label_conflict,"Multiple labels: vl_black_measles, vl_leaf_blight"
g000569,esca/esca237.jpg,esca,vl_black_measles,03878630ffb0eb116456769de02b1f33df8c0a048f2b86f6e4b7a43c90b08622,9f3826c73008a7df,kept,Representative
g000570,esca/esca238.jpg,esca,vl_black_measles,15a48b002f2cea4080878bcb522add674097742362ecad79c5009429d8c968d8,e07bedc194dbe00c,kept,Representative
g000571,esca/esca239.jpg,esca,vl_black_measles,a7277e9c14a2cc1c76006e9dc8103097f857f347986aade54ff78a04a2983a4a,d8a609b2fba27459,kept,Representative
g000572,esca/esca240.jpg,esca,vl_black_measles,09d554c4ac8eb0b3fce944f5c8cf321f0bddf20fefb443000b3a38b369c79495,f1b3b392cc44561b,label_conflict,"Multiple labels: vl_black_measles, vl_leaf_blight"
g000573,esca/esca241.jpg,esca,vl_black_measles,efd42c8bde1ec893f8f4eb87f92ce3863f164e9c0c84219761af6771e6c45c3d,839e18f91fb0f431,kept,Representative
g000574,esca/esca242.jpg,esca,vl_black_measles,bd5b8bca2f0317180bd0449aef1348c814fabfaeec54942dd23649b5da71cc50,dc262e4e528755cd,label_conflict,"Multiple labels: vl_black_measles, vl_leaf_blight"
g000575,esca/esca243.jpg,esca,vl_black_measles,e53cfc7e794b8ac5a4b01ddee80b315faf4b9505bf8b31567a4d68be5fd044e0,8baf470d9ee26017,kept,Representative
g000576,esca/esca244.jpg,esca,vl_black_measles,d237fefdbb079019f0b4de2cf5d952d143e02d28522863d114b7b249dcea3d2b,cef819171743a333,kept,Representative
g000577,esca/esca245.jpg,esca,vl_black_measles,ed5ec48ffc7da35dd8e35e34b71503ae6a1e63f3c5ee02d0dc930b6c741c2813,bfb1add070cc41d8,kept,Representative
g000578,esca/esca246.jpg,esca,vl_black_measles,a57cf8b55223874a45e8f426a3b2b07e4d388763bf7137ac34e17d62216b37b4,c1c99d5d1d385e26,kept,Representative
g000579,esca/esca247.jpg,esca,vl_black_measles,4248c2584ac1aca6c0ef55dbb5f290b68b53e6cc5c666aa542e184a10cb21812,91f4eadacc584c66,kept,Representative
g000331,esca/esca248.jpg,esca,vl_black_measles,b2eca1b92917aa7332bed74a329e0833ef137260ac245a004e5012cfef1d79ed,8e8caaa9396b4a5e,label_conflict,"Multiple labels: vl_black_measles, vl_black_rot"
g000581,esca/esca249.jpg,esca,vl_black_measles,c60e3229266547bf6fdeccac4c00ddcd76fd4648e1c08eb2f3fb7665c1880e41,f591caf69c6348a1,label_conflict,"Multiple labels: vl_black_measles, vl_leaf_blight"
g000582,esca/esca250.jpg,esca,vl_black_measles,07ac7cb92d6aa0cb6f2b9734acc24dfb76d8327053e91c32345f65a2d0cfe7cd,b8cdfb8523a3043b,kept,Representative
g000583,esca/esca251.jpg,esca,vl_black_measles,8017ebfcfa63082248a515b603e16781d0246b52a39dc6724b0779610c0768d1,cdca31e13f8c9694,kept,Representative
g000584,esca/esca252.jpg,esca,vl_black_measles,889e481c8ef254dacbacd1293b58d37fd0960ee49dd2f322bd08e3decdabd731,93b45e50345bfc62,kept,Representative
g000585,esca/esca253.jpg,esca,vl_black_measles,4b7639c3ed271977b4015df99826a29de3093f25d2d1d51b812c93b67e24ba32,cd701c8f92ea82bd,kept,Representative
g000586,esca/esca254.jpg,esca,vl_black_measles,ce7f17970633fa41135f8f5c9f8850f72114b3a7ecc2a585eefa1107cc358b1a,939bc83c2ca6c27b,kept,Representative
g000587,esca/esca255.jpg,esca,vl_black_measles,b2f5c3647b8ee0201b7972528019b089b8933594e3637b243bc67ec1ea24ed01,d68381b1fc1788fc,label_conflict,"Multiple labels: vl_black_measles, vl_leaf_blight"
g000588,esca/esca256.jpg,esca,vl_black_measles,1153ef47c44eff3bdd8d22ee5186cdf25f467973ee632716a1e82111a515fff8,c8a88ff1f4d190ab,kept,Representative
g000589,esca/esca257.jpg,esca,vl_black_measles,3a7602d07be1d10543075ff3668e4549b4fa686f39bf511ca79d9cd43288d594,d9c01cf3cc3f8362,label_conflict,"Multiple labels: vl_black_measles, vl_leaf_blight"
g000590,esca/esca258.jpg,esca,vl_black_measles,c09a44fd33084980c0efb37584197cb93846a2b801275ec71b24a4b291c5b1f2,d80918db2f9d3731,kept,Representative
g000591,esca/esca259.jpg,esca,vl_black_measles,4d3d0a24ddd6dd29530612b9f557a91cb3a4987640707675d518310bd8d25e92,d9d070879c7c6d0d,kept,Representative
g000592,esca/esca260.jpg,esca,vl_black_measles,d0a3b03d66b7cdc6c12a328a991305dfeda2e0b51779c31e2b63f9920947b502,d3f23a67918c1f21,label_conflict,"Multiple labels: vl_black_measles, vl_leaf_blight"
g000593,esca/esca261.jpg,esca,vl_black_measles,0c0e7b0cc840a08440a003d211bcf5e5a218d246172c0785c29c358e7a9bdb96,c29b8e098fd34f43,kept,Representative
g000594,esca/esca262.jpg,esca,vl_black_measles,209489908b41fbfa737f024d491ea59d8d814770d21e17665b60e4ce01dc1a95,fad20a585dab1d68,kept,Representative
g000595,esca/esca263.jpg,esca,vl_black_measles,95681564c06f0c135900e6cdd259b62f3fa49e0ed4f1e83137cbcd0eecc45c91,b008478f5c6ff0d9,label_conflict,"Multiple labels: vl_black_measles, vl_leaf_blight"
g000596,esca/esca264.jpg,esca,vl_black_measles,edc3c340236befdcc807927efd627fad279af7f70b0f886cd09c673602521bbb,9be8c632427331f6,kept,Representative
g000597,esca/esca265.jpg,esca,vl_black_measles,89cf57c7564529c9cdabf4d1ebf4a44e0127d97e77351df820d38d46a7caabfc,f5628c4982e8bf5a,kept,Representative
g000598,esca/esca266.jpg,esca,vl_black_measles,294dd6d7e7820e73a320835bf481d55c8472ddb2370b1b6cc882134ee8b461f6,91d86aa1d2d5f076,label_conflict,"Multiple labels: vl_black_measles, vl_leaf_blight"
g000599,esca/esca267.jpg,esca,vl_black_measles,812fe5c543a1a6be9183c26f0c2b23e437ea8e9110af33b2a2dbee2fd52fcdd3,aaa8a98ed98e9475,kept,Representative
g000600,esca/esca268.jpg,esca,vl_black_measles,e741df546d8a1bb4d006a1db99172b137a3f8d2d427a718fbe2ec2da8d00ad1c,e90bdc70722ee4c6,label_conflict,"Multiple labels: vl_black_measles, vl_leaf_blight"
g000601,esca/esca269.jpg,esca,vl_black_measles,798e6db2957e3b2353e915210d0862685b5cd0a39a58ce79170538addc485605,936f1239be6b8889,label_conflict,"Multiple labels: vl_black_measles, vl_leaf_blight"
g000602,esca/esca270.jpg,esca,vl_black_measles,b7d86fcbad3af09f590120b0d2e281e5051d1b6091c7d90d16dfef3a045e5414,cf0f2ba30ac75741,label_conflict,"Multiple labels: vl_black_measles, vl_leaf_blight"
g000603,esca/esca271.jpg,esca,vl_black_measles,63c59b70bb18bc48835e15ad27784b2785955aea32f680cd2d71f365797ae0ea,bf1d34c430b5d43a,label_conflict,"Multiple labels: vl_black_measles, vl_leaf_blight"
g000604,esca/esca272.jpg,esca,vl_black_measles,4d0f8994190b1a6ba9d6598bf552e87537317288745cdf2b63619bc17f1721d0,8971f1677265c61a,kept,Representative
g000605,esca/esca273.jpg,esca,vl_black_measles,b0ed3ed11e6409846ce13e41ee19647755109e687767917dc00ca72213580950,d5661ec431d86ab6,kept,Representative
g000606,esca/esca274.jpg,esca,vl_black_measles,72cfb966b163b1379039b3f2c6c82c86bfd3d804fc6d600242155a63c276abcc,d8434366f5b59199,kept,Representative
g000607,esca/esca275.jpg,esca,vl_black_measles,85ccebb2b010fe3da1a9aeb98f8f3e2ea64ae4eb776ce8a7f0a69f6ee0e6b8ae,c6c2a1e33152fb78,kept,Representative
g000608,esca/esca276.jpg,esca,vl_black_measles,cf2e10c966242d40853dce4aa61d9506a76917ce7474df45535ccc89ced42324,812ff8c1d4cdb6a4,label_conflict,"Multiple labels: vl_black_measles, vl_leaf_blight"
g000609,esca/esca277.jpg,esca,vl_black_measles,6e7f2fb4dc7eb014c52d133a789d81102016d5de531a26d5ad6771e13a540b96,9c98b5b45b74e924,kept,Representative
g000610,esca/esca278.jpg,esca,vl_black_measles,be3cfcfacd2ab8b99bc83f52b0d4869ece253dc1cd6e601d55be2b457353ba30,d0c69f8387bee062,label_conflict,"Multiple labels: vl_black_measles, vl_leaf_blight"
g000611,esca/esca279.jpg,esca,vl_black_measles,56b03db55313dfb460c719433020e1e6e5eeff3725a41185f3ef56a5159782ff,f9a787b8b027a0d8,kept,Representative
g000612,esca/esca280.jpg,esca,vl_black_measles,914be0854d6b03b3b2cf0c92b2d91005c87fcd0cbd85e294c211b140131e0558,aba768b1d3d61819,label_conflict,"Multiple labels: vl_black_measles, vl_leaf_blight"
g000613,esca/esca281.jpg,esca,vl_black_measles,029686d4d46c7c5c705eee96f03401d61e83627f3924de77e90da43040dd1204,860716d2edb60d6b,kept,Representative
g000614,esca/esca282.jpg,esca,vl_black_measles,0f009571f58ea198bf839d96e06214594167cd424b8c54887afe7063e7d52d57,f74198ab61d40f36,label_conflict,"Multiple labels: vl_black_measles, vl_leaf_blight"
g000615,esca/esca283.jpg,esca,vl_black_measles,f9205f2dc1aa2ba37b55e05373e46c31e8e89cab3cf9d773555d4144a0cb71d7,f1a685b4a586bc99,label_conflict,"Multiple labels: vl_black_measles, vl_leaf_blight"
g000616,esca/esca284.jpg,esca,vl_black_measles,00fe3ba89db0cc6ae95f16d72fe17952b1f7a7135d1ce7a6bcedc925c7e90da9,f22195d0baccccd9,kept,Representative
g000617,esca/esca285.jpg,esca,vl_black_measles,10f950761bc4b3000adccad0efc3bd7ca0780d568838f846736c3794667ff55d,d5627cd4aa7509b1,kept,Representative
g000618,esca/esca286.jpg,esca,vl_black_measles,fac65d40f366b5ea0a205556a23ec02764b36d5168706a6f3bb9732c6c984c23,c11899d29b653d9d,kept,Representative
g000619,esca/esca287.jpg,esca,vl_black_measles,12fee1a3f0eb31ebeb37a31979810df38654bc9d0af0641a861d885c6352377a,ca1933baf3dc1682,kept,Representative
g000620,esca/esca288.jpg,esca,vl_black_measles,1e747e9a8da3e3386ff40029d11e713a8c4597cae8a47beefeee3a3708a1a265,9ad2ea68abba1616,kept,Representative
g000621,esca/esca289.jpg,esca,vl_black_measles,940b3d404ee5bf4e1890a7fd94431ccbd448cb7cc0f03b8e18d1ad6d7cc6f0a9,bb3bc78422c2f169,kept,Representative
g000622,esca/esca290.jpg,esca,vl_black_measles,9695d9bb58798a8f5e831ac582f126376e6bccfc56985b7aca09cd4d3dc8e0b4,b26d30d158eddc0e,kept,Representative
g000623,esca/esca291.jpg,esca,vl_black_measles,7eb67584ee7c6f022603d2af5276065f214e0874a9ba4cb054a275aea596e83c,a72d85b5d51961b1,label_conflict,"Multiple labels: vl_black_measles, vl_leaf_blight"
g000624,esca/esca292.jpg,esca,vl_black_measles,3fac25f02af7e026b06bbf056bc8020fa8c4681b4540ecf211d92c85c03c6b34,c080e970f12b773f,kept,Representative
g000625,esca/esca293.jpg,esca,vl_black_measles,0037969928c6aaa44b9e4408817224fc3fff8a73d85930e3fbd6ea475df8d968,8831d16e5e1097ef,kept,Representative
g000626,esca/esca294.jpg,esca,vl_black_measles,89494ed4e0082885827368230e7031bd570f0c23315d7404c0374d17c6da9060,f79208657e1e131b,kept,Representative
g000627,esca/esca295.jpg,esca,vl_black_measles,f9049fa9b0e0be7fbefd7da218353c5b2ae24d1834681fb485941c8c9c45dd24,9794723a0ac9e5bc,kept,Representative
g000628,esca/esca296.jpg,esca,vl_black_measles,ad5d5f860fd00ed068854ab1f32025cc15a71b685b25ce0ad2f1b576d301da82,e58ee7211d38cfa0,kept,Representative
g000629,esca/esca297.jpg,esca,vl_black_measles,4de4fbfe8e1131813c9abc931b2a7060f1571cd71cf2d334fe53e4c1c9b26eb7,9922d86d67c9b299,kept,Representative
g000630,esca/esca298.jpg,esca,vl_black_measles,b72a138e824843484d95b3e00a4a882e8e362077636848a08d900fa78fe8e209,9981a2bd781e3c5e,kept,Representative
g000631,esca/esca299.jpg,esca,vl_black_measles,e6b555a0bb42a14663cb35228e16496f3a2959d4f4fa5bd4d4df80ee26ab14b2,9aa363dc30c58bf2,kept,Representative
g000632,esca/esca300.jpg,esca,vl_black_measles,3503ed4287103fd47018573996ff2301be3059ead7df101a53a65817a819eb76,c926f309bd43bc46,kept,Representative
g000633,esca/esca301.jpg,esca,vl_black_measles,30bdeeb0997212446d26bb4d6f6f625d0b696d8b25ffd07c84381b30e60cb175,97784a3b5e159d21,kept,Representative
g000634,esca/esca302.jpg,esca,vl_black_measles,0fdb356632785f8b2155a9cdffd816e6ee26b98fbfe88d3b45731160fc33de4c,f9a04c5913b62bce,kept,Representative
g000635,esca/esca303.jpg,esca,vl_black_measles,58e18a3ad303faf49d54555cb4937292188c6922925547b844d0781404ed795c,e3e39f5c0c092cab,kept,Representative
g000636,esca/esca304.jpg,esca,vl_black_measles,be2f56246eb940c96b2fc0c157a0ad46c687a582b0bf3a825cdc6c98fff23efb,e44773f61385d684,kept,Representative
g000637,esca/esca305.jpg,esca,vl_black_measles,93ff1675a4056b18a0e62acbf1fcdbc820472287feb2d0613f4a1db0da960b77,c946cf0e560e1ee6,kept,Representative
g000638,esca/esca306.jpg,esca,vl_black_measles,7e6da42da12b5f1adcc1055755d5b1c790504e3dc01611a21bbbb9b3ed034c67,b463c77f8c098c93,kept,Representative
g000639,esca/esca307.jpg,esca,vl_black_measles,7ac8a55d925bdf9e7fa73fdae4c51fd7c01ce9d9efb81b749ffa07e65cfdfe4e,e18c77527092cbe9,kept,Representative
g000640,esca/esca308.jpg,esca,vl_black_measles,c42dc93566c0f5a997b1c0d5c3671167faa18de298ae90e43fd4d62f1b933762,f69f91a45a03bc46,kept,Representative
g000641,esca/esca309.jpg,esca,vl_black_measles,2685e512a2eb848707d9a9df8c9ec7d9cc9cdf286d6687b845dd369701e4cc2b,d7327164cf38f064,kept,Representative
g000642,esca/esca310.jpg,esca,vl_black_measles,42eafccd430c3f4ba0ecc5601fed5670b238204c59c3ccf3eb20e1eda30b5291,c0ce8f8fa0c3d6b4,kept,Representative
g000643,esca/esca311.jpg,esca,vl_black_measles,3145e8e745e0d24eda7ef33246b686acdea61beb982790f132a5d29218bc4011,8926cfe28f9c22d9,kept,Representative
g000644,esca/esca312.jpg,esca,vl_black_measles,13c9f7ec7570683b85255045da3f41e2bef76adf38ec9cc7766476fe05783de5,aeb8a536afad8620,kept,Representative
g000645,esca/esca313.jpg,esca,vl_black_measles,aae24ab334ed28dadf9dd976a7c0c35543787028e97638a7d174d82194a66da3,fb55aa347e1081ab,kept,Representative
g000646,esca/esca314.jpg,esca,vl_black_measles,4d6960419c539aa9b334d5faed58ca162229acc346e246834fafcd981841a397,a5ddcd878a153692,kept,Representative
g000647,esca/esca315.jpg,esca,vl_black_measles,b62792fafc57bd08868ec53de282ce85c51b197aaa8f8ea51b4cc95cb7fe9a6f,c3dcb94a75c5a071,kept,Representative
g000648,esca/esca316.jpg,esca,vl_black_measles,13c213259f8b540f9d3992a42a9b8506626412bc93629ab6421417247af32ded,d74aac044a9e89fe,kept,Representative
g000649,esca/esca317.jpg,esca,vl_black_measles,88f3d3df22c5543403f2c430cdf1b07007f87dab66b603726c787f47989d173e,ea07b558664aee32,kept,Representative
g000650,esca/esca318.jpg,esca,vl_black_measles,9e9e001157c07ec7339f5bfd3820a234ce2dbef17953a6f0d427b9c7e2122e18,d6c4968cf49c6553,kept,Representative
g000651,esca/esca319.jpg,esca,vl_black_measles,b1371ba895b2904b888ed244b835215e617eed50f65f9e818583308207d5df55,dba02abe0a4f930f,kept,Representative
g000652,esca/esca320.jpg,esca,vl_black_measles,6bc7496d241f95f435bfc603cd06e8f5c992d3dd0028f731fc917510c8d31cee,db9792350286666f,kept,Representative
g000653,esca/esca321.jpg,esca,vl_black_measles,3e3407183ac686663aefa3e64c5597e4db5ec9a22fc3122f4419cd0ca57f331e,eeb43ccfb388b006,kept,Representative
g000654,esca/esca322.jpg,esca,vl_black_measles,f48125ca78cd2d0f673ec40f5c0d6017b3c64d96c66b81731c8d2ca764dbedee,d343d35f96c21878,kept,Representative
g000655,esca/esca323.jpg,esca,vl_black_measles,cf99e99ddfc039c69329e549e7bd12dbe8e9b314305e04b5ab639619de4480a8,c7707da9752a61c2,kept,Representative
g000656,esca/esca324.jpg,esca,vl_black_measles,d67e0fdc9a465dc08bc537eddf7a2bd5919f1022816b4dc01fa092977ab89d9b,f3f735b0f0f11240,kept,Representative
g000657,esca/esca325.jpg,esca,vl_black_measles,a323b41f9246f89db2224f62e9dca84eabc07c45ee2c1c72c98d72b3a362fdda,879067190f3cf56c,kept,Representative
g000658,esca/esca326.jpg,esca,vl_black_measles,d65a9531ce2b5871a12255b399044ff4e5994dc81eb98e523872a6278094f3aa,f63de70e121e606a,kept,Representative
g000659,esca/esca327.jpg,esca,vl_black_measles,bfc54776e93ecc29cf2bcbacb705022d9ecc8cd05257a231c454fc63751c01b6,d8623fda5c8f50a4,kept,Representative
g000660,esca/esca328.jpg,esca,vl_black_measles,c9ba49d81c6c8fbf5c7ca2e8d85f13b208e59f82a171ecc613e549aa7ad47e58,ea2db49189aa5e33,kept,Representative
g000661,esca/esca329.jpg,esca,vl_black_measles,c0961fc2905a007fc85fb063ac5659b69540fdf83ae9a174fc88f8f57bfc0b07,890e4f66d4bf426c,kept,Representative
g000662,esca/esca330.jpg,esca,vl_black_measles,c6640dcce68e56b1d7038021d3ecac2fc5df127a89a5fdf0de3041ca9ba45fc7,cc5633bd15cd2313,kept,Representative
g000663,esca/esca331.jpg,esca,vl_black_measles,81abbfb14d3c85ab182b3baa88dd1e6a6ed69ca894c8fba3490d50a6675325ff,c54f2ec4c06c9f72,kept,Representative
g000664,esca/esca332.jpg,esca,vl_black_measles,849ab621e2911340750b29e432ccb0130e6a4ad391814f8d9ff8c16690e86855,d3cecbd9c9924c84,kept,Representative
g000665,esca/esca333.jpg,esca,vl_black_measles,7bd270e5beb6acc6e5861f9488115305e193f1e9f3f031dbba5b03402cc3df84,fb17dc5298a89d44,kept,Representative
g000666,esca/esca334.jpg,esca,vl_black_measles,b850f780d36bbdc83010a4807f3a350ee438cc4203f05c54b9ee9ff8598e7c35,b46b9e789c1a0b72,kept,Representative
g000667,esca/esca335.jpg,esca,vl_black_measles,72f2393eeaeb1e5deb472ebed03fd834e540e18f8ee9f16322e6d727a01dd6c7,89327a8f2cd6a61e,kept,Representative
g000668,esca/esca336.jpg,esca,vl_black_measles,873ba34223c379b9239c19b2bbfb8d91adb74becb3b3fb6ef0d5947c895f5f82,b0b4bc9e9fe29242,kept,Representative
g000669,esca/esca337.jpg,esca,vl_black_measles,681cea51d969b1af652f535b13dd72e40600a9e0c790e8dc32fddb66e52fd53b,d42a6971fc8f4ac1,kept,Representative
g000670,esca/esca338.jpg,esca,vl_black_measles,2fde37ea77b659d7c04b16fa8ea8b645a3ebb2d8d657954b73f3027892890bad,b5a5b5d3d08da2a4,kept,Representative
g000671,esca/esca339.jpg,esca,vl_black_measles,bab397a9b861b254e99dd6e723a81019ecf0c1f2ee47f1c6c3b87644a87890f0,d5bda8830f6263ca,kept,Representative
g000672,esca/esca340.jpg,esca,vl_black_measles,a31b4c77cca642d2fbe1fb55c9de75dcb2d188fdd9988541a1017819365a53c4,b6a5e4f6a1604a6d,kept,Representative
g000673,esca/esca341.jpg,esca,vl_black_measles,3e3b56445aadb1793a074edd72b0854b1963ec338c4c744d7ffe56c3f7e4f7d9,d0db7b91871fb402,kept,Representative
g000674,esca/esca342.jpg,esca,vl_black_measles,526f0d1b6bfce503de5c9d1473d8fd40355cce08631489bc59a23aac9f0033b4,ccc7c90691d07fe1,kept,Representative
g000675,esca/esca343.jpg,esca,vl_black_measles,f4bbdab54f9a0f24934f9d944a3211b51e2ee1c18019bbf78c584753e04145fc,f8719b97a728982c,kept,Representative
g000676,esca/esca344.jpg,esca,vl_black_measles,e536a41e4f7b881316654a1b90c2adaca4b82ab7348911f6ed0d0a11c300ff33,df2305c333c692ab,kept,Representative
g000677,esca/esca345.jpg,esca,vl_black_measles,c0fc175400fc082de369d3838f5739c675b15c3a038f8cb9a9c7f82708ab3321,d4c1639edc6392cc,kept,Representative
g000678,esca/esca346.jpg,esca,vl_black_measles,041b8b8cdbfb807ce609cc8b85fa9e4c4bacb38e208fd41422a8fee666e00603,c9ccc3c7b3e90319,kept,Representative
g000679,esca/esca347.jpg,esca,vl_black_measles,3ce539b03ad71ebaa76dd2cdda1b273c2d4fb32b89e010a504bb3376b9743d9d,c0ec3fa12e9b0f85,kept,Representative
g000680,esca/esca348.jpg,esca,vl_black_measles,df526e8bd8b9997f8dc5b2ad3919c76d9595467bf7ed69df1870104d5641ccaa,ef8108f78422ff8c,kept,Representative
g000681,esca/esca349.jpg,esca,vl_black_measles,1d2af1828c770248a6fbd4be196bae467a5f7ff173b1167d6b770c26bcabf9b4,f90db95f162340f8,kept,Representative
g000682,esca/esca350.jpg,esca,vl_black_measles,83108e23f9750db67737488778791a446e682cdcd6a2a134b50fc94f6deb0800,e2d82159dd97b249,kept,Representative
g000683,esca/esca351.jpg,esca,vl_black_measles,5828ab3711937705bd603997d5366759ec7928af5aa054e90814fd6c410a0892,8466191f20ce5f77,kept,Representative
g000684,esca/esca352.jpg,esca,vl_black_measles,7fe12b9ce87470cf8cca9f311d3a1c83b8cde4965cc5bf27ab954d1a6f467d61,d434a13b4f633437,kept,Representative
g000685,esca/esca353.jpg,esca,vl_black_measles,569508889871fb4574b2e29a9760ed053778c45c18c9cf6dd6ece77f50e5cdc3,a1801cef9dda527a,kept,Representative
g000686,esca/esca354.jpg,esca,vl_black_measles,239246d2c0dd55239a685d9cf8dc804d564055a9f10f1ea738305b9ecaaf82ce,cf1f7398604e08cf,kept,Representative
g000687,esca/esca355.jpg,esca,vl_black_measles,fea01d6236e0c553fb11dda825133ef83ab38b47377f942dc22504e23e6d015f,980765ce63575ba1,kept,Representative
g000688,esca/esca356.jpg,esca,vl_black_measles,8e0c32cf22cfb2a79f42ed47464acda1b4f8ee96967adb64d0338b7f23522db9,e4e1f72c0a1a9f43,kept,Representative
g000689,esca/esca357.jpg,esca,vl_black_measles,65b8d4cdc895908a704a06d3e3480815916ccb0287ca7c857e71fc17c5de193c,81673076cbe9c4cd,kept,Representative
g000690,esca/esca358.jpg,esca,vl_black_measles,eb6bf51040aae2b470cdb0c96161d2e8876fb374128dddcd695f777339a4e1e7,f3b7d1119f019961,kept,Representative
g000691,esca/esca359.jpg,esca,vl_black_measles,cc10f128cf3b8340b512e438373414c8c67572da8453e777f7e0af37e9a502e6,f63130634ead4acd,kept,Representative
g000692,esca/esca360.jpg,esca,vl_black_measles,38ef078e5fabee9275f3d028df0aa5ba4fcd577e556cecfbf2d3e4974127e154,eba0a1a6acc7b683,kept,Representative
g000693,esca/esca361.jpg,esca,vl_black_measles,ef90115873db4b5c4ed761e4a4a210951a6ecfad9eaf0836277943ad5e3db390,ab6ea5c915a6c4d1,kept,Representative
g000694,esca/esca362.jpg,esca,vl_black_measles,683c8799b39ac143007a84d07fe31e3a778bd3c5455742532975d9c32f4cfb72,b7cc4e5f6442a171,kept,Representative
g000695,esca/esca363.jpg,esca,vl_black_measles,59bed5eed0e19d26732105bace35fc3a2a6eaa276d478ebedb49e1cb71b1102e,ddecf458220318f7,kept,Representative
g000696,esca/esca364.jpg,esca,vl_black_measles,094235c4ce436e44de5aa6e0625c132ca149336b856e0b83b22ab3e349550951,cd856732383939ab,kept,Representative
g000697,esca/esca365.jpg,esca,vl_black_measles,5a5193e0b3428a761121ec0620b9add1bb5cf8bbf9dbf95ded2c2df36606f599,cc38383a5d4f46ce,kept,Representative
g000698,esca/esca366.jpg,esca,vl_black_measles,7b38b8aaa219938207a477296eb1986293af5290ff5be2e243ac480df96faf07,99990e6a6263731f,kept,Representative
g000699,esca/esca367.jpg,esca,vl_black_measles,ca80190aec2d803e79c1699c8c86c48352d90220d8a46598de307b427cb22a6f,86da39c86197ed52,kept,Representative
g000700,esca/esca368.jpg,esca,vl_black_measles,82ee72fe01fa0ae5766d77e26483112673cb9a73202c110e33f0bf0f4501ba10,fe2f68b91108f724,kept,Representative
g000701,esca/esca369.jpg,esca,vl_black_measles,5d8d65f1e7485505790db2e1f7bf78daad8986f0fde183abea0e84094402467d,f3f1cfd0db504841,kept,Representative
g000702,esca/esca370.jpg,esca,vl_black_measles,bc220ce4a756495f727bb73a13e975ac9146354a0c0e5364f49369778b8db16b,e28ab1d396b4a3e1,kept,Representative
g000703,esca/esca371.jpg,esca,vl_black_measles,42f36c076c70ce9ae79034bd57ddb7ea91447c7dab4797614247a7a72166411d,b6de1e18e78458b2,kept,Representative
g000704,esca/esca372.jpg,esca,vl_black_measles,538516cd899ec73a51999d966c2583dc70d56e6779994e6138fbd4ed7f4db76a,a98aa1c544d4ddbe,kept,Representative
g000705,esca/esca373.jpg,esca,vl_black_measles,10eb2df7a5982e3956d1db9eec847ec36ac089c91c2c0418e16c23e454db3a96,bb9174be43173a88,kept,Representative
g000706,esca/esca374.jpg,esca,vl_black_measles,4421ab78cef5ada5c0d9783837ad029e17f15ca2513ac5b9b508063caedeb532,86e6f32360883cf7,kept,Representative
g000707,esca/esca375.jpg,esca,vl_black_measles,5557fad14296e02c428a681a4308c0102f63c071e2461c877a773e74f5cadfb3,f1b7a46a6a4bd890,kept,Representative
g000708,esca/esca376.jpg,esca,vl_black_measles,1f176a1ecdea69d93cb946cb1d7cc4978c0f416744625dc2c1811844dad5d326,fe8845fdd00a09fc,kept,Representative
g000709,esca/esca377.jpg,esca,vl_black_measles,655f99e4602aa25193f09858d1dd156678f4097e4423a0600c3442914b42cf54,d68e243c0fe1362f,kept,Representative
g000710,esca/esca378.jpg,esca,vl_black_measles,451db8cfbb4c993154d5decd860b0aeba42b1ed626829e7a24c363ab1e7627c2,e234d18b8cbaa9bc,kept,Representative
g000711,esca/esca379.jpg,esca,vl_black_measles,eaa2529c01f41a4c64e24ad873ea0354c75d2c33e1ddb7256ec679ccbd421f5a,f108a3c3eed0476b,kept,Representative
g000712,esca/esca380.jpg,esca,vl_black_measles,0d108cd27666ecc1cdfbb050eebf26668b90a6a4b5f69537fbcbbc17b96f8057,bec8e00e9307cb7a,kept,Representative
g000713,esca/esca381.jpg,esca,vl_black_measles,d1733e4045bb3c1263de180df69f9cd77582dab023e20de5a261ca87f272077f,c0c6c4474f5e9975,kept,Representative
g000714,esca/esca382.jpg,esca,vl_black_measles,e6e074219c4d0cce527ac11950e4bb8769509b174a132ed3d72f6556436170c9,f9f74f04c0a2d703,kept,Representative
g000715,esca/esca383.jpg,esca,vl_black_measles,265ff2f578cd706a6b2c87e86af06b3cb04a15c40ac21e4820df6a651bd36be4,b31a0f82daf9361c,kept,Representative
g000716,esca/esca384.jpg,esca,vl_black_measles,832be9b07eb47fc0a77a40c21069a2c1b93e89b9d14ccf1f1e73e47bda129bdb,d4372a8c9f1886f9,kept,Representative
g000717,esca/esca385.jpg,esca,vl_black_measles,ebf4493522bdbdc69994ace3ebd7565c56b5c1bee7c47b3647d32e98876c0eb0,a43c37a7265a89bc,kept,Representative
g000718,esca/esca386.jpg,esca,vl_black_measles,f0db4c6850c0e18ea774ab6f4e2191b3f3e48e5e5f0b4864779fa39f1f748477,f5390a45294f29d7,kept,Representative
g000719,esca/esca387.jpg,esca,vl_black_measles,c646846930eae945875ac6430db88950dedda99ac6e3a6a3e38f3a1098cedead,9f3013969e8f15e4,kept,Representative
g000720,esca/esca388.jpg,esca,vl_black_measles,51fbf9758dd3527e7d62a9617c112c137efc684916af23da8c2f23067292c233,fcb16405d540bf3c,kept,Representative
g000721,esca/esca389.jpg,esca,vl_black_measles,7a7e07006d66ae480bd5a9051149abfd338e9b1c08f0be5f8c6be033c19bd9f9,c9b593664ed2a187,kept,Representative
g000722,esca/esca390.jpg,esca,vl_black_measles,f0b38979c3984d24ebdb420b800d54da5abbaa4d020ef361b999a5a2929c3f83,c46c5cf5f0689bc8,kept,Representative
g000723,esca/esca391.jpg,esca,vl_black_measles,6b7bc6793649eff0cebb92c37ea693d9d4a28d3b35d7607c0c818a7bd712ba16,97562273f38b89c4,kept,Representative
g000724,esca/esca392.jpg,esca,vl_black_measles,e441186373d083ced37e982ea46295d1e5cdabcaeda3a6763cd2f7f4ae102189,f1b8e258df380f30,kept,Representative
g000725,esca/esca393.jpg,esca,vl_black_measles,e0c0751fdf2d4acc8365975de7adc73dad359269e296870f132b15a9a07f3328,b573802b90b47e6d,kept,Representative
g000726,esca/esca394.jpg,esca,vl_black_measles,15ebf8e8f2656800665e454a0de7c8f6b551ef714b65086146968fe31cdaa597,e619e20d70ad966b,kept,Representative
g000727,esca/esca395.jpg,esca,vl_black_measles,046d0c52471a1dcf3a7e514049af6d698cdcf099b801120762cd862d5f710c11,e0bc5f00c03afce7,kept,Representative
g000728,esca/esca396.jpg,esca,vl_black_measles,2268c2c4e1acffd4a1ce8cb6068932ff39de0e4ffe3765c04fe5caaeed5dcaad,945f63830fb027f8,kept,Representative
g000729,esca/esca397.jpg,esca,vl_black_measles,acdf20e92bd4d75ad883c09a1a671bc5b31b1cc3ac8a6393b6e32c8590b9e741,ee68717156ae0672,kept,Representative
g000730,esca/esca398.jpg,esca,vl_black_measles,11cd9325bc31e18f391897cbe989d7c57f38335db123b6db2d2523e410254568,82cd377031f4cb87,kept,Representative
g000731,esca/esca399.jpg,esca,vl_black_measles,27c7f59b2e5015510162fd1aaf095576ae06bad45d76de35786b93a91d471f80,f2ac124dd369c365,kept,Representative
g000732,esca/esca400.jpg,esca,vl_black_measles,73fd48ff7bf8a9c0c8c939c5c48a97d2fa06743719d20810e3f33a30f620c99d,c3c83522761bee39,kept,Representative
g000733,esca/esca401.jpg,esca,vl_black_measles,d6ae3ffac330c2c6f6f9f0219adb988cbda78535b8645fef9478b872e9e230d5,f0ec795e04a0a377,kept,Representative
g000734,esca/esca402.jpg,esca,vl_black_measles,cc810f56badd7483ad8165d6389899f33261b0ef13122d701e6b3eb2faf5ae51,8cc85b7b68e4d50e,kept,Representative
g000735,esca/esca403.jpg,esca,vl_black_measles,10d9a415e90d86a0f545628c6434187ed695121fd68bf61c0648d257ec349afc,d8fd08d9df60298a,kept,Representative
g000736,esca/esca404.jpg,esca,vl_black_measles,dfdbbfa0076b2b5fd96078d2435c0c09ce0131ffb34337ea9e91b310ec2b9993,e66c12e9a1b85eb2,kept,Representative
g000737,esca/esca405.jpg,esca,vl_black_measles,7cea0e169c346046547a701831e5e7312d8f43ebd71b2cb49e71f80512f202f1,c26b7a962e4ed0c9,kept,Representative
g000738,esca/esca406.jpg,esca,vl_black_measles,4b968e0b6b238d744852ec9212500617655c74e4dbde9d0b511a17c92796bbb0,ed8219b4db7aa942,kept,Representative
g000739,esca/esca407.jpg,esca,vl_black_measles,ec739d96dcf5a29051a178e0b87a38685410e253eb21f27d8859d4113f686c60,c69427af3ca88a3b,kept,Representative
g000740,esca/esca408.jpg,esca,vl_black_measles,b3985a26890bd9f81652cdc99c1d8d6d6ba301d5eae84ae49d35f6c2a6c174a1,f4941505ede94a5e,kept,Representative
g000741,esca/esca409.jpg,esca,vl_black_measles,9c82a1d09efcce9b5bbe8b11ff7e1f6ba8279d998d045706b1d8921f21dae10a,e15ee086a7af022f,kept,Representative
g000742,esca/esca410.jpg,esca,vl_black_measles,790153e9e4784284a6d7676de10da00c6fec8adc7f3562d02352dfd45b5055e9,fc05087f9f773208,kept,Representative
g000743,esca/esca411.jpg,esca,vl_black_measles,b8e7c8cd73632437ce5855ef1448dadefec3903389448ff2ff59f81d530c8bf2,e3e1600716f5c2fa,kept,Representative
g000744,esca/esca412.jpg,esca,vl_black_measles,89a4f7b50c6ebd2b18b590607b801fea92853eed2cc83a5dbca1721a1e12746c,fac2ec18849e1e9b,kept,Representative
g000745,esca/esca413.jpg,esca,vl_black_measles,f07e68db4b2cc908d3c67f76ee2b64b80b37498af5b6240def52d844b8aeec73,d2b4e711c0b8be99,kept,Representative
g000746,esca/esca414.jpg,esca,vl_black_measles,e96acc6f049702c945650be8337a6f4497fa2b41fff7373f9a82159938a8fc52,d0fe09c0602df71f,kept,Representative
g000747,esca/esca415.jpg,esca,vl_black_measles,8f3b6d512cc8bda94dfa7486c62875e2e3773afc8c8b84516f7c29f6886e0ed5,e49efcc28cd8d1d0,kept,Representative
g000748,esca/esca416.jpg,esca,vl_black_measles,40e9524231ccac54325f248590ec685a642d967dd1dc869500afdc17f886b377,cdf2ef3ed1102b01,kept,Representative
g000749,esca/esca417.jpg,esca,vl_black_measles,10b43376416a6b7a9b325f3ed427d85595f2503d71f89fc2c0e1470df5ed7d37,a9e2b45c4fd17944,kept,Representative
g000750,esca/esca418.jpg,esca,vl_black_measles,2eee750474c1eeff3cd98f73363afaa4ec577f88a7c2d991f25459461a6a5349,c239a631b1cfb88e,kept,Representative
g000751,esca/esca419.jpg,esca,vl_black_measles,38835296c954ffe19135a92f3ca7d0ddc79de7ab62a8260d4ff947e690afbc4f,b3e24ebe0e9b9841,label_conflict,"Multiple labels: vl_black_measles, vl_leaf_blight"
g000752,esca/esca420.jpg,esca,vl_black_measles,6a3ad783a9e03a0118a9cd3340921cfb1b7e80e3c4a0bed26b11bcfcf7a381b5,dbdb80b3bae9c202,kept,Representative
g000753,esca/esca421.jpg,esca,vl_black_measles,95859b5b5c00dd51b00cc7cc9519dc4d86224cc17444a536aac122ecccc03132,d87e67909aa6d09a,kept,Representative
g000754,esca/esca422.jpg,esca,vl_black_measles,6574a045ebdf5fe83655ccd744d8d38da493cf9de842349f01a65cfab6f12603,90e74b30bc76c713,label_conflict,"Multiple labels: vl_black_measles, vl_leaf_blight"
g000755,esca/esca423.jpg,esca,vl_black_measles,7e4f6cc127b70aac4d1cd5c2ebe8342dd9259741433f3be95e3232461511012a,eaca7d6dbe905140,kept,Representative
g000756,esca/esca424.jpg,esca,vl_black_measles,72ec6b415e032ed3fec80825270fbb0f29ce3d174d829062a533cfe06fde34cf,8085a7b6d9e94f2c,kept,Representative
g000757,esca/esca425.jpg,esca,vl_black_measles,c8a7eacce00f587a58e202e4160ecb25498a6309b844491a1aee028e85f72e28,bda6ec10d135454f,label_conflict,"Multiple labels: vl_black_measles, vl_leaf_blight"
g000758,esca/esca426.jpg,esca,vl_black_measles,b87e8f0df7565d5d184ed0b1899bdc148de0145ddeacddfc445cbc3b9d8f8a24,f9778106618c379d,kept,Representative
g000759,esca/esca427.jpg,esca,vl_black_measles,dac02120e8b5643db6885d1e403eb70858c44890a14e0b97538f3326249c85e5,d9643cb49bac243d,kept,Representative
g000760,esca/esca428.jpg,esca,vl_black_measles,7cfa22e042730a756567a2392d2bd9dbbc6fb0099583ec7bb0ae66a643f8cdca,b5b32aec758414d6,kept,Representative
g000761,esca/esca429.jpg,esca,vl_black_measles,6f4e2d60e812ec7190bfb962f91e1e7bcb71b43b938315f7b1d5d4dc5e5063b4,edea48b956a2305d,label_conflict,"Multiple labels: vl_black_measles, vl_leaf_blight"
g000762,esca/esca430.jpg,esca,vl_black_measles,e76167b93f05235a53d1810008da94ca010d0c61d07f6918d2da8280d9def81c,8cbe36b1c3667829,label_conflict,"Multiple labels: vl_black_measles, vl_leaf_blight"
g000763,esca/esca431.jpg,esca,vl_black_measles,15aaae2ad9c5e112709f28d17f2cd140d88aab0d656b4d92bbef870c634cd79d,dd97431819c1b39b,kept,Representative
g000764,esca/esca432.jpg,esca,vl_black_measles,56e05f31271c30b619f1f1f7ef94d19642ecaeff7ac667c8d9d5e9ef023cfbd5,b05d57c4e71f058a,kept,Representative
g000765,esca/esca433.jpg,esca,vl_black_measles,37f0de9671a7c656dc54dd88fd909fcb5f2626e258d929f1e019870cd4fb04ed,f012fcf2539f620c,kept,Representative
g000766,esca/esca434.jpg,esca,vl_black_measles,160d26670baf5ce246bb5cfb92de68a7eb84e55beabc972159acb36bb82f5842,cc7c965887bad348,label_conflict,"Multiple labels: vl_black_measles, vl_leaf_blight"
g000767,esca/esca435.jpg,esca,vl_black_measles,820ff969f595dc6895efcc33dd29349d0516a11b87554fdce235807557e7c5d1,9cb36670c78a72ca,kept,Representative
g000768,esca/esca436.jpg,esca,vl_black_measles,8f36629e25d9d013f355a83882a3c78729230bf23fa5a903ec1791511865afdc,d558d2b5aaeae842,kept,Representative
g000769,esca/esca437.jpg,esca,vl_black_measles,a8551fbdd87ff3a6fde58e38b7b601c5ecb7622020d4246bc36f374157bfe96f,b1aca5d9645fb844,kept,Representative
g000770,esca/esca438.jpg,esca,vl_black_measles,9c33b90b631271aebf353715a3873c871c3bb5153028f41ead0fb359b75635f0,d331863333d6cf12,kept,Representative
g000771,esca/esca439.jpg,esca,vl_black_measles,f77587dd14c526020bad5c7a96c13d16a6d6e2b64db013c279ad37c533cc3275,fe7bd345910704d8,kept,Representative
g000772,esca/esca440.jpg,esca,vl_black_measles,5cf37f55bde1e04bb120e4f653507ff89ab8199ef1e0cc7fe1da054bd152398f,93b4969f8ec3e144,kept,Representative
g000773,esca/esca441.jpg,esca,vl_black_measles,ddbab13b5a809f0977edf6a79c2d88312936b9a24f752dbf4fea6277134b784b,c704df31980cf3dc,kept,Representative
g000774,esca/esca442.jpg,esca,vl_black_measles,38af4244f50292ac0bb2343b9f9e15f119657663a4cc13aa3942bbaef67fa879,c3ce4c047878f6e3,kept,Representative
g000775,esca/esca443.jpg,esca,vl_black_measles,f380c992edb7131dc45bc514c6455d1bc816f3f871090d7e24e6ccc092e90d9a,fcf9466885686bc1,kept,Representative
g000776,esca/esca444.jpg,esca,vl_black_measles,9aecea91a737f9f7b991d1290a6b79280ec9b7f233aeaad4c4860662826e1135,fc86b854ebda6068,kept,Representative
g000777,esca/esca445.jpg,esca,vl_black_measles,d574a66df22ccd006875eaf43ac763215736faa30b825a1d1579e9b8a475df83,a9d770bbd464a84a,kept,Representative
g000778,esca/esca446.jpg,esca,vl_black_measles,f94ce3b571e82ca6bbc54139eaea40864fe081da129d00b107acd5ca7b806f32,f8311869e32e2fa5,kept,Representative
g000779,esca/esca447.jpg,esca,vl_black_measles,a39756251352cb536d90905b36a2b78878a65f18ec06c999582c960dc13cb5be,a54ab5346b74c2ec,kept,Representative
g000780,esca/esca448.jpg,esca,vl_black_measles,c0b6331a1d3d2eb7f7942fc8619508cddfb4255679d137eeea94571be6792056,f6ed3ed052c8a425,kept,Representative
g000781,esca/esca449.jpg,esca,vl_black_measles,02c7c4357cbee7fcee6982a2ed0994e21f5d637cf442a0d49968dde479d14002,da9478ca2da4c769,label_conflict,"Multiple labels: vl_black_measles, vl_leaf_blight"
g000782,esca/esca450.jpg,esca,vl_black_measles,014894d8c21ddf11d4ade856da4cdac96104b87732ec639778bc0ff7a47ea0a2,a36f58f5c558588a,kept,Representative
g000783,esca/esca451.jpg,esca,vl_black_measles,a8c2057aa125d6254ba33cf42bfd5103a488595cfdc43a3e4c9949c1d51f00ab,bb56b4426918d537,label_conflict,"Multiple labels: vl_black_measles, vl_leaf_blight"
g000784,esca/esca452.jpg,esca,vl_black_measles,65e1afc1f4a0e10273a95cb970d127c4c525a8baefb444a91e5d0d2a1f9e3a9b,f5f00b4b81f630b3,kept,Representative
g000785,esca/esca453.jpg,esca,vl_black_measles,4db18237dddd180b4aa8af4e6db7e190c3c042e4b1016d641788ee2789e02b2e,a558721bfbc168b2,kept,Representative
g000786,esca/esca454.jpg,esca,vl_black_measles,d1b417d106c407dee831089d65fde9c1ce0750d82d96f35a21cac9f2d095be26,d13fd1308fcb852c,kept,Representative
g000787,esca/esca455.jpg,esca,vl_black_measles,654b296ef1b8f38a4b0c3592cf2ee4d63a1d0a0ba4f4cfac2e8fd0b7f0a4baa9,f0f0cff8013e01fa,kept,Representative
g000788,esca/esca456.jpg,esca,vl_black_measles,0db4c92467ea8645565b9ede82989aab8825b79eff653300324e6a0fa6450ddf,96b39703965c6999,kept,Representative
g000789,esca/esca457.jpg,esca,vl_black_measles,3d50e0a266e6f9f685a37813e22a37d06e5a2171531ece547d765892c524ce15,b1dcd59a1b170317,kept,Representative
g000790,esca/esca458.jpg,esca,vl_black_measles,762c2609a13fc2ccc5ebc7896376d74404d080d451128989df7dc524c1b752f9,c65e6b6bc0093975,label_conflict,"Multiple labels: vl_black_measles, vl_leaf_blight"
g000791,esca/esca459.jpg,esca,vl_black_measles,3e40ddd7940a2740621e15c0e3880e23b153d659addb101d105865fa0fa33cd4,d333199b2c91e6c3,kept,Representative
g000792,esca/esca460.jpg,esca,vl_black_measles,a7f36e7278d134027a0bfd8a641bfaa6ca4b60e95a8816f5409815c3e737cf45,b3f8c834da430f0f,kept,Representative
g000793,esca/esca461.jpg,esca,vl_black_measles,42f73bbe9a8cda41cdda1323fcfc5b5de4ded8a667f307a54c5df4bb835860e1,e2f12e3181c5ee3a,kept,Representative
g000794,esca/esca462.jpg,esca,vl_black_measles,8e01f58a8d79d7549e4c68c7686c77a9543cbb97c82a5c124f0d3dd004c1862a,e6f8aaf188ce8a8c,kept,Representative
g000795,esca/esca463.jpg,esca,vl_black_measles,0d68833f40bef91550aecbc3eb0847575a9b2bc723e6c1db155dc1648aa20011,b33a9ccdc169c949,kept,Representative
g000796,esca/esca464.jpg,esca,vl_black_measles,4e9e323f5c6ab388c017a5d1834b615f5923cb4d61b3e6cc429f6ca0659761ef,afada92fac951860,kept,Representative
g000797,esca/esca465.jpg,esca,vl_black_measles,de9889fd02912cabb8445fd719deeb16490c06cce54c57ab01c75c9cbc6b34e8,c4b6979c1fc362c8,label_conflict,"Multiple labels: vl_black_measles, vl_leaf_blight"
g000798,esca/esca466.jpg,esca,vl_black_measles,39a6362bf165038780708c5e328090b3a48be96fc0b368aed6934cf20c4b545d,e1cb0fc72a17e1e0,kept,Representative
g000799,esca/esca467.jpg,esca,vl_black_measles,e099a8377b229c56c98b0209893d66cf54ae7ddecaf8ceba31b40cc5e3752124,ee7626ab408fa943,label_conflict,"Multiple labels: vl_black_measles, vl_leaf_blight"
g000800,esca/esca468.jpg,esca,vl_black_measles,c196868d78a162a3bb8d33645d161fe5e757c1f68b1326b077380d88bcaa7da1,c84d0632dbb37ea2,kept,Representative
g000801,esca/esca469.jpg,esca,vl_black_measles,1911060d6bef9c24d4c989f15155698467514832819df60754bb34130d38f529,fef282070fc4238f,kept,Representative
g000802,esca/esca470.jpg,esca,vl_black_measles,a1ceb644b38a67fa0c9a8764f4e20166faebe12bd3a3b7239fbd2dea134c3f52,d6e8f1d0d874e462,label_conflict,"Multiple labels: vl_black_measles, vl_leaf_blight"
g000803,esca/esca471.jpg,esca,vl_black_measles,583b28be590b2b7b8eab14b88191eaac3e847647992c41439d144ce66ed3cd73,e2e2cb6c541c1f1e,kept,Representative
g000804,esca/esca472.jpg,esca,vl_black_measles,b4fc6078844c80e62fb3669ab776e598b6bb5041b204e93abdfc31ccd7f20472,c9fc4d0b867cfc01,kept,Representative
g000805,esca/esca473.jpg,esca,vl_black_measles,a0182e6d8b48653c7fc36e16c9077872739025c1fe8cb0b5b7dc229ee72c7f66,dcbd69dfc3340481,kept,Representative
g000806,esca/esca474.jpg,esca,vl_black_measles,065e121c865cabfb675fe273247d60753aff0a9b9729a6aed748d7efd20c3d87,e065f4c1e0b558be,kept,Representative
g000807,esca/esca475.jpg,esca,vl_black_measles,ad1291a0ad2d31028bb584026e2175652126fe1db7c82f1df17fe5cf9162c767,f5f77065af071402,kept,Representative
g000808,esca/esca476.jpg,esca,vl_black_measles,c52f99df390abfb2ba28328f0aa9cb5e58b0cafe150c8216f439533d0a8f08a8,e37e0ca633b90ce4,kept,Representative
g000809,esca/esca477.jpg,esca,vl_black_measles,e289506244b036aa4d6211f5eb995f5bd12d8793476ef50d385c3100bd0f00d3,f15ef17180a48eb5,kept,Representative
g000810,esca/esca478.jpg,esca,vl_black_measles,9420f4b023b6c47743f0aa20321b097a897626b140f8be40929935d2453d508e,c161cfc68119ef3c,kept,Representative
g000811,esca/esca479.jpg,esca,vl_black_measles,ce99c64cad7e17d4061fa0bd4b42d0ee7cde6e4a0c2d4dff7b3ca12dfa50f69e,de682d09271df5a1,label_conflict,"Multiple labels: vl_black_measles, vl_leaf_blight"
g000812,esca/esca480.jpg,esca,vl_black_measles,1626c0315bd2a3e114511493417d0eab937d0a3e972662e335edfff9f23ec773,f08e9b7181cf133a,kept,Representative
g000813,esca/esca481.jpg,esca,vl_black_measles,e6fd856483948c0ee5b40bb36282db92db8bfdef9a8ba2a36fb04baf70e24272,f33a46c6a101daeb,kept,Representative
g000814,esca/esca482.jpg,esca,vl_black_measles,46ad77a77f080244966c6f025e6ee553fd8753ec1a53e740aa0e1023e541d3a9,c08e8c339eb1c87f,kept,Representative
g000815,esca/esca483.jpg,esca,vl_black_measles,fa748fdf612fe45302c7640480be0ea279cd317b7193113173df67abdfa33ae8,8ea5a535f066c4e6,kept,Representative
g000816,esca/esca484.jpg,esca,vl_black_measles,24b18bfde2807d54b12d3ab5e6c85415074a8bd69df91a227ad4566dbb2b9757,ca662f5890676b8d,kept,Representative
g000817,esca/esca485.jpg,esca,vl_black_measles,cc9baaad750a84445e28ffc5c0b0c215ed80c4d4214ff9598b4995be0b6e6895,e1f496e69441fc86,label_conflict,"Multiple labels: vl_black_measles, vl_leaf_blight"
g000818,esca/esca486.jpg,esca,vl_black_measles,5cab1026ecf7d2419d08cd42f71ed682881be0bc67c90b70613831d6bbeb3f56,a79a23ee322cca71,label_conflict,"Multiple labels: vl_black_measles, vl_leaf_blight"
g000819,esca/esca487.jpg,esca,vl_black_measles,822693d74447f339c9eb72bacabfe4d1e860f280eb2ef95ca83dd904d3ae0a60,c7e286a0f0f1ed51,kept,Representative
g000820,esca/esca488.jpg,esca,vl_black_measles,8dc4d8f344d7bec372947e5ff7166ca668cda480ad06d4316358262295733cc7,916f5c586f8d4f01,kept,Representative
g000821,esca/esca489.jpg,esca,vl_black_measles,afb6b0843bd75535c7f872ca7b797ce0e1bd217497f4eda6ac60e25afb1b12f5,f9e8088f2b33d4c3,kept,Representative
g000822,esca/esca490.jpg,esca,vl_black_measles,db4cd7c25c79b47c1242c49d6b3b06f9dff79c0b39508f7049f9e77756e8e9e4,ecb28d72cc15e3a1,kept,Representative
g000823,esca/esca491.jpg,esca,vl_black_measles,36bc2c80dba6568b276922a6418984235100d2eaa9bc93868b4b24cd71acfec0,c9638a1efc9343c5,kept,Representative
g000824,esca/esca492.jpg,esca,vl_black_measles,447c0a9cae64b793fb9da2d19fd7cd691ed0e931a02fcb70800de8f295eb4cd9,c2cf8096739633ce,kept,Representative
g000825,esca/esca493.jpg,esca,vl_black_measles,ef96fecf7e7d22d3710c36eaf91721d7e714ea5135a333fa38842deb30d5503d,8e9b958dc8d8696c,kept,Representative
g000826,esca/esca494.jpg,esca,vl_black_measles,5a9d535bf6817acb06d5eba50919d879e8dd4f97e0d8663611ba9c9356b3f8f5,967a6185a765546d,label_conflict,"Multiple labels: vl_black_measles, vl_leaf_blight"
g000827,esca/esca495.jpg,esca,vl_black_measles,d38bbb839b337fb8ddde88d6a5af1d6986367388e37c09624b6e58b03e123bc4,d8bfaf581f040f14,kept,Representative
g000828,esca/esca496.jpg,esca,vl_black_measles,227293f60b8cf1f476d0c53c0dc323de9208408a776439e7e20560d8c0a9fbdc,eb2bc32f68525417,kept,Representative
g000829,esca/esca497.jpg,esca,vl_black_measles,5c6a8eda6d6b05e5ca9a922f35d2b1c97c770494f9fa2b66a392240aa15306a9,fcc8c4b44b53151f,kept,Representative
g000830,esca/esca498.jpg,esca,vl_black_measles,ddd794b28eba35297012ac850cb21a0dbfb1c65852d3027469fdef8b3e9f412f,c41125d65c1367fb,kept,Representative
g000831,esca/esca499.jpg,esca,vl_black_measles,9f427f3f94979dd6d4eaa2dc61ebe272b8cda5c6dbbaa271e49af263adfafe0c,f169478d2fc0495e,label_conflict,"Multiple labels: vl_black_measles, vl_leaf_blight"
g000832,esca/esca500.jpg,esca,vl_black_measles,8f7a029d5e2961840921cb274449ee885596b337b1c6564ccde495eb5428c36c,9bba401e26707d6e,label_conflict,"Multiple labels: vl_black_measles, vl_leaf_blight"
g000833,esca/esca501.jpg,esca,vl_black_measles,406916ff79b0ad13e65f2ed48030adda2130d85b05adf71467a13d8c4b591d0e,c5b13686a935cd63,kept,Representative
g000834,esca/esca502.jpg,esca,vl_black_measles,e3b11649df36b23816f11e1b2d1c36dc148f392687d26bd57f9dbeb20cc7441c,97d272614beb8a89,kept,Representative
g000835,esca/esca503.jpg,esca,vl_black_measles,9b06e1cc64328d89d2e13875ac10bccbd226b9c9bcc86abef6b9a7b89e718d00,ffb9821602ed1c2b,kept,Representative
g000836,esca/esca504.jpg,esca,vl_black_measles,7cbb01c25b2152e4864e6b0e619d8b395d343d583f6a814b1d48dd8a53b23df4,f89c7e050f4d0ae9,label_conflict,"Multiple labels: vl_black_measles, vl_leaf_blight"
g000837,esca/esca505.jpg,esca,vl_black_measles,6d6ed8980e1968ef0baf3f9edd89a204cd0a57a370079c8b0d50a9cba4bb630a,b51a4c633315e537,kept,Representative
g000838,esca/esca506.jpg,esca,vl_black_measles,7fc922f5c3ad8dba1ddf2ce5ff25ca23cd6fa7a8cc0127a6c1c5a9aa02f26788,8d23721cd92ba375,kept,Representative
g000839,esca/esca507.jpg,esca,vl_black_measles,8b033ea2d976e61d40e5a8b2cc16939d8e023cd60bfa00dd4177ff37dd63fe4a,8f32a11ef3af3144,kept,Representative
g000840,esca/esca508.jpg,esca,vl_black_measles,339c8ff481905cdd0dd8b04ec5cde2161bca1615f5d7d55e71a791cd163c72df,de72ece99998026c,kept,Representative
g000841,esca/esca509.jpg,esca,vl_black_measles,7e426b5545d88d631ad9f5a1570fb1d4f111de2955d3feb6ce4fcd765024f634,df9f10105dbca32a,kept,Representative
g000842,esca/esca510.jpg,esca,vl_black_measles,9c1bc80a01729efb2f38892d6b2e1bf3045c350bb705eae909d7fdafe6d5ded8,d67a5a0341cc2fda,kept,Representative
g000843,esca/esca511.jpg,esca,vl_black_measles,c49b86df4c30936803dae16989d49dc2587e4c01ed833ce75a0bdef4d8920ce2,a0bbd66b35326239,kept,Representative
g000844,esca/esca512.jpg,esca,vl_black_measles,790c6f15f4dbd9850f14d63541cd45f5fb0f0035f1c64fa6a61904d89c32ca3f,cfd58b93b9c0b242,kept,Representative
g000845,esca/esca513.jpg,esca,vl_black_measles,8b6448f30f327cae8264e6c96391c4c7bc3a8fbdc8b71a7c2c4c94810e6c367f,e2ed867ee4255c41,kept,Representative
g000846,esca/esca514.jpg,esca,vl_black_measles,6f17cc38b2d7f64b12eadcca43864a5fc1197b2c1be9272ebcfb109d5df8cf70,c0a836697817cc7f,kept,Representative
g000847,esca/esca515.jpg,esca,vl_black_measles,a9a948b9fe098ab88bc8497d0efd78242e07e9f744e436e37ea5ec4e00949b57,eb658d94cc9c9c8a,kept,Representative
g000848,esca/esca516.jpg,esca,vl_black_measles,57f184f1017c3086f66a0df14f1447ddd2d365f1badd35bcab830de1843497e2,f069e262505d95f6,kept,Representative
g000849,esca/esca517.jpg,esca,vl_black_measles,995c306124305a2cc23c3c67cc823f5104ccd9968b5aaf2eda8ba3e65ca275e0,85b4f57cd0f0e21a,kept,Representative
g000850,esca/esca518.jpg,esca,vl_black_measles,abf9c12278d7579273c1cb50b6f187d8c1a78cf209d7d408310a9a31e7d7b4c4,a75b54e18ac19d63,kept,Representative
g000851,esca/esca519.jpg,esca,vl_black_measles,275f391bbd2094c84fbe01dfc4949409158d89e4141000b725f5ed345628252a,c37c0799c98397f0,kept,Representative
g000852,esca/esca520.jpg,esca,vl_black_measles,0bee25683e7ef96302b901e2d0cb894cd8e0201902303db39d6ef2911e421ebe,d8025f61c3e61c7d,kept,Representative
g000853,esca/esca521.jpg,esca,vl_black_measles,179d8dde2ffd8df812bcfcdaed0696ed8624101af42d2a6e353660a8325581f9,c27cc8e8353bcd4c,label_conflict,"Multiple labels: vl_black_measles, vl_leaf_blight"
g000854,esca/esca522.jpg,esca,vl_black_measles,0db13f58032aeacdc244d8062f3cf9242c947317e3aee2d0812518dff35fb194,d49115ace607b2bb,kept,Representative
g000855,esca/esca523.jpg,esca,vl_black_measles,f8616251d1d170e83dc17bf8dc6fd13e61b70f984baa41678c600b3f4c8cfe8b,9b93b39575766408,kept,Representative
g000856,esca/esca524.jpg,esca,vl_black_measles,2dc01fd9ce4c8d84121d5801a229d1dccda492f41423234d057480746e555b6e,ce4612973cf8f381,kept,Representative
g000857,esca/esca525.jpg,esca,vl_black_measles,7b5daa5e3c200048b53b43862241dbb3d6cb9e4ef87f111a858a986c33ba9c03,e0c3ac2a5d29cbb6,kept,Representative
g000858,esca/esca526.jpg,esca,vl_black_measles,9d8586f67d29d5c560a0c013cbf4a01bf0a5b36c9ac0ddefd1914b71e32807fe,c6653c075b633257,kept,Representative
g000859,esca/esca527.jpg,esca,vl_black_measles,3385dcb00d5fcb6d8b67bcec46176fdfef6052f73bd546f6a99038ed63f7f8df,90c99581b57fb358,kept,Representative
g000860,esca/esca528.jpg,esca,vl_black_measles,7705f5ccfe42e36e1a469312568eee0a6ef9ddd7e0035ea558a1eaecc6fce42a,a518f23597d988f1,kept,Representative
g000861,esca/esca529.jpg,esca,vl_black_measles,330df7bdee721001f914d04d54b3e0c1a88764f3cc6db164af8435cbb62190b1,90e42debda529c5c,label_conflict,"Multiple labels: vl_black_measles, vl_leaf_blight"
g000862,esca/esca530.jpg,esca,vl_black_measles,1f4820fa8efa2730356b6fe14f70d13c9e3f27251284be32fde125c0c74e17b5,eb58acc3815e06bd,label_conflict,"Multiple labels: vl_black_measles, vl_leaf_blight"
g000863,esca/esca531.jpg,esca,vl_black_measles,ca53fa2f99452657299ba5c497eb03196b16116a9ce98d1cbdefbebee3aea53c,9b68b84e553df540,kept,Representative
g000864,esca/esca532.jpg,esca,vl_black_measles,9f3b646773b14a5de884993cb8240ccf6d68515e91df709c4b1746c94b137bf9,f565ad96c0b69a0a,kept,Representative
g000865,esca/esca533.jpg,esca,vl_black_measles,dd9d8d04e1bed6f672cadcae4bd5bca8679dd3b2d041cefc746e76f34a8e4543,a33cd5ca422a987f,kept,Representative
g000866,esca/esca534.jpg,esca,vl_black_measles,530c57ba9e26ec0df9faad171b8ec03ffa098ff92f1d1757e5ebccff92163286,e018e1cf122cdf79,kept,Representative
g000867,esca/esca535.jpg,esca,vl_black_measles,6af14e50ee96a78ef153154e93b0b635d44c6b2f6877065cc5c26f0d230ff2f5,e9869353b19a6cb1,kept,Representative
g000868,esca/esca536.jpg,esca,vl_black_measles,32b8b0efd49bfcd04baa34c90fc19dd5fc63578505ec2f768b96a955e37d3190,da1602d4daf4f8b8,kept,Representative
g000869,esca/esca537.jpg,esca,vl_black_measles,3e760a4f230e0760abfaef9eeda72f761121dc35d22493cc1bae213a35fe51ba,f997c224e258acb9,kept,Representative
g000870,esca/esca538.jpg,esca,vl_black_measles,142969c77da1b11cf4c3df86cac9403bb4313fa13de2a05c7be7760558d1d03f,e3edd7bce0010f50,kept,Representative
g000871,esca/esca539.jpg,esca,vl_black_measles,533f35915b98998ec05d560394152a93fc4b3ff19db8b15a06eb3c6ef17c545b,81fa9c9cf0f16166,kept,Representative
g000872,esca/esca540.jpg,esca,vl_black_measles,bfba63f2efbfc6e267cff925e136771e4ec45c8510d91260da1f2adc94df0113,e189de731b1903ec,kept,Representative
g000873,esca/esca541.jpg,esca,vl_black_measles,ecbd1f7cf356fd9431c9fc10534789bda367529852959826eef8fac8855e419a,f9fb3038d0c60759,kept,Representative
g000874,esca/esca542.jpg,esca,vl_black_measles,d878fa819956fcf11a17b8419bafe92ee4e863b1ee7bd4435c3e43c007e59c24,cb41f4fb9191e988,kept,Representative
g000875,esca/esca543.jpg,esca,vl_black_measles,197c3d3180590b045350209f86c0b64c961bfff8747a9d9f92de2ce9ab822075,aa764421d1d67f0d,kept,Representative
g000876,esca/esca544.jpg,esca,vl_black_measles,13ae653131b6fbca149ac0c487c125963819b21efadf76b9509afd66ab2b3cc5,ae55a370918adeac,kept,Representative
g000877,esca/esca545.jpg,esca,vl_black_measles,c0c6024468afe3f93a620c4132d8a93654049a60035eb2839f7e207dc0175741,e1d3834a581af8af,kept,Representative
g000878,esca/esca546.jpg,esca,vl_black_measles,f48f9424665380b33a1e426ba21d53e7fe92e2ae36f8b9522938251769ae0410,a021dd4ee0bced99,label_conflict,"Multiple labels: vl_black_measles, vl_leaf_blight"
g000879,esca/esca547.jpg,esca,vl_black_measles,2c2adf9c89b2ad1b1073809fcd1a2175b172f3c7bf463d886dfc9e3161a6ae2d,ff5854a75ab44990,label_conflict,"Multiple labels: vl_black_measles, vl_leaf_blight"
g000880,esca/esca548.jpg,esca,vl_black_measles,3093feb76acb8098f30debda701b18fe55b783c87078949073f4a5a4c826d7d0,81bb9307ef7660c4,kept,Representative
g000881,esca/esca549.jpg,esca,vl_black_measles,d3d0981d8b7119ab913fc3296f2a08fbc1fb7ec387d8aa6a84b7ac098741df3e,9fcdcda6e15244a8,kept,Representative
g000882,esca/esca550.jpg,esca,vl_black_measles,d33cbad5aff8a779f1ed2a312d838b004083f2583eca52b0f988344c5641c02a,9acacde16525349d,kept,Representative
g000883,esca/esca551.jpg,esca,vl_black_measles,7ca0f9353c8aafa349009904b5c65416f55d12dd1ba7fb7cd6290f34fb4b610f,dc901e8f284be357,label_conflict,"Multiple labels: vl_black_measles, vl_leaf_blight"
g000884,esca/esca552.jpg,esca,vl_black_measles,32d142c1c628c29b7c79323c5695fc01aac8813e882b55ad206e21825daf6332,c1ec3507123b7799,kept,Representative
g000885,esca/esca553.jpg,esca,vl_black_measles,0320a2671e93c815792a3c3f4121ab1f3cc3d069c4c45383affff4161b7a0e12,a9a8a4f5749c169e,kept,Representative
g000886,esca/esca554.jpg,esca,vl_black_measles,1b9ced678aab2af27155fe6cce9bc9daa85c1ca00e2b77887528a41c9e50798d,ff00da1af2d68097,kept,Representative
g000887,esca/esca555.jpg,esca,vl_black_measles,c5656139e0a8c05f5e9ce55b259812db4c50ab52197cc82d3284c04149b612ad,bc8e0a2e4fdce283,kept,Representative
g000888,esca/esca556.jpg,esca,vl_black_measles,de7d026b08e1483f52a12e5bcc9db6d7adc3a3a7e178ef5322e602dce77a1606,92b2bf2f246864ae,kept,Representative
g000889,esca/esca557.jpg,esca,vl_black_measles,215adc30060fff50a9deec79cb67dcaec505428fe5bfcbce8c27ac0caab41370,ebd67c9ec151068c,kept,Representative
g000890,esca/esca558.jpg,esca,vl_black_measles,9e19aa8b74e9680f008416b757405315f53c9e148b1c0a3772e26a8e326bd922,e5f85c0f4b84d833,kept,Representative
g000891,esca/esca559.jpg,esca,vl_black_measles,639f42f2db8b845b32e46150be26a905d6f36831afea43f9d4ac15dd11270f82,e4d543adfd0a096c,kept,Representative
g000892,esca/esca560.jpg,esca,vl_black_measles,b73a3b7810f6bdcda0c9d2bb7c4be095de23f5a0acbf72b234e22620e92ef709,95982fcde66c2516,kept,Representative
g000893,esca/esca561.jpg,esca,vl_black_measles,946027e6a7b0c36bddd21897777c122b5b3105e9014a788bbf9d50225360b040,c8662b811dab3773,kept,Representative
g000894,esca/esca562.jpg,esca,vl_black_measles,655efcce55fb3e4a0d773aa624517c015632eb953b0a8b688904ee20196fa741,f031e317d66c5962,label_conflict,"Multiple labels: vl_black_measles, vl_leaf_blight"
g000895,esca/esca563.jpg,esca,vl_black_measles,59cfd8f6a497c477beb658ed1b4ef097d0dcaba403257ccf18913978f640c872,89bca2d93299b47c,kept,Representative
g000896,esca/esca564.jpg,esca,vl_black_measles,7bc400d26288d6aae3b24017d0864e7110ccc71f5973bdbebdc330599a329467,8ac4773ecab1348b,label_conflict,"Multiple labels: vl_black_measles, vl_leaf_blight"
g000897,esca/esca565.jpg,esca,vl_black_measles,5d3edd2d8d31a20021d8131a9700c7faf0cc24e24ba61e3220462fa1cee4dc40,f0f070f067f0d2d2,kept,Representative
g000898,esca/esca566.jpg,esca,vl_black_measles,30ae1a48da72965ca2992224a22348328a2e9ac4db38c2acb37edbcad89ceca0,e4f173e39fc48103,kept,Representative
g000899,esca/esca567.jpg,esca,vl_black_measles,546e959ab8558c034d32e03ce235f3d2d3d73d2d82b2cfef37a8621e8a16f7c5,d9ccc9ea94b0ab34,kept,Representative
g000900,esca/esca568.jpg,esca,vl_black_measles,1e19ea526a66019dfd73ceeca888901468f44cb90e085db5af754da03802a78d,d5221b1dfe121f8a,kept,Representative
g000901,esca/esca569.jpg,esca,vl_black_measles,a0d2f229542bf3f87704e73746d938dafa9e1ec8ebfe28f9db7cde55fe37cfcc,dc9df40632c42e6e,kept,Representative
g000902,esca/esca570.jpg,esca,vl_black_measles,81abf14049d7f02a0fa4fa23f742081ca69de918ed5669e1d7a156cb0bc6c4ac,d54276453c8730fd,kept,Representative
g000903,esca/esca571.jpg,esca,vl_black_measles,4edce138556be3de039d4ebbb532aac18ff798f5ee5d18f33f849d98831a5f1e,c64e5b6578ca0f31,kept,Representative
g000904,esca/esca572.jpg,esca,vl_black_measles,fb0996374269ab281933d54ed08e025e3578d986a2ebe6d27a5b8ac6203141f6,e3f1f4c418043dbe,kept,Representative
g000905,esca/esca573.jpg,esca,vl_black_measles,5b6b9b9409f4391f9628c044623f2cfcf41652b29c5bfdf27d81992beccde57a,e092db8102ceb73f,kept,Representative
g000906,esca/esca574.jpg,esca,vl_black_measles,51b139441eb6aa6ef2b559c42efe1e96a9c2cae8814b4a16532637be7d25bde7,cde671e14ba086d3,kept,Representative
g000907,esca/esca575.jpg,esca,vl_black_measles,f19e88834b5123a87ac338d7f4fd229fbcfc03f6dc916022c704b0b198bb90eb,fceac88203dbf84a,kept,Representative
g000908,esca/esca576.jpg,esca,vl_black_measles,6bbda9d49ace09959dc423066db4b219a836c8b999f2d6e34c1ec2d423672d08,aec8da0d455d45d6,kept,Representative
g000909,esca/esca577.jpg,esca,vl_black_measles,467b731553a90d2a41d65198676056b01483cec73bfae235cf4cdf2af289f0d5,b3726c2d3afcd0a0,kept,Representative
g000910,esca/esca578.jpg,esca,vl_black_measles,461972e8ccd1e28d14521875bee12cb5ffba4e5713fd39e131fdeb687f09997e,d82cd96d50dd3352,kept,Representative
g000911,esca/esca579.jpg,esca,vl_black_measles,19d34d9727bde3a7ea8bd80d68a3f84b7a75005ec388b14047c8ebc177987583,cbc4dc6df321342c,kept,Representative
g000912,esca/esca580.jpg,esca,vl_black_measles,27e89fce231a2124a40568844948e6ab979b7327c144cfee73de65d22d8a27e2,c12330043bf2fbe7,kept,Representative
g000913,esca/esca581.jpg,esca,vl_black_measles,e8c30de04a54cfc4f2d8d8e20b34d7e0a5b3481fab0ad32226e92507a9f29cf9,e6b8c10787c4fcd1,kept,Representative
g000914,esca/esca582.jpg,esca,vl_black_measles,1578026cb4b86a14bd5c1922c7979aeb4b0722c0aa4180ec234f3a56b22edefc,84157cada31f68ea,kept,Representative
g000915,esca/esca583.jpg,esca,vl_black_measles,95e32a5654c6ced3bf7067aff6cb15260846f067c46b7437427b7880742251c1,c6837154365956b7,kept,Representative
g000916,esca/esca584.jpg,esca,vl_black_measles,cebb1de1632e52cdfe0caa96864093437657ccbd9544af3361eb67b4b0137ab2,c03c0fd033773bc3,kept,Representative
g000917,esca/esca585.jpg,esca,vl_black_measles,fc74e2aefc64e0b38e3c0d3365d9097dd3355cd52217221fb46b0dfd4111d71a,e52c3d13bd18e54a,label_conflict,"Multiple labels: vl_black_measles, vl_leaf_blight"
g000918,esca/esca586.jpg,esca,vl_black_measles,19cfb7a37b2dfcbad25b548168148f2bc84741061c968ab4eddde71039d21cb4,dec2585b73b42b60,kept,Representative
g000919,esca/esca587.jpg,esca,vl_black_measles,b5ef386844b13b969ab94e54f8e1023f2898bd297b7fa3a4fc86fc2a53c6e5f0,bf2f493116179455,kept,Representative
g000920,esca/esca588.jpg,esca,vl_black_measles,3e7dacebbf3f0f796d77b183ea7117eb550c3f66d0b91b3f16fdb2b7059a9a65,b763e76d8d489481,kept,Representative
g000921,esca/esca589.jpg,esca,vl_black_measles,26a6e3b799531ab37523d4ea7c1cd5668d5ab00671f4f8559fa95400ca4d2035,9c734cf825ddb242,label_conflict,"Multiple labels: vl_black_measles, vl_leaf_blight"
g000922,esca/esca590.jpg,esca,vl_black_measles,6af642e640f051d1caddbb9f6dcf18f33753bc8cc8fbccffbac977755bb5e073,fb9ee5000fe17e80,label_conflict,"Multiple labels: vl_black_measles, vl_leaf_blight"
g000923,esca/esca591.jpg,esca,vl_black_measles,cac510bba451574c39113eae3db527059afc8982d806544c4eebf5ad2ddb0ebe,ddecbcfccb04a420,kept,Representative
g000924,esca/esca592.jpg,esca,vl_black_measles,57b8e275418031a708c8be9797d9921f0dc18e538b6bf488c006753f0058cb2c,9a929b4a495b6db4,kept,Representative
g000925,esca/esca593.jpg,esca,vl_black_measles,666dd81a115457c77d7419fdcd63d632f5133ed4b2fd6dbadbb1ceb6b88adaea,de6183438454ebf3,kept,Representative
g000926,esca/esca594.jpg,esca,vl_black_measles,86a92fef543724fb28bca68fadb1d8a11edc76e1cca88f94f70145e9af4191d6,dd5efe342ce00331,kept,Representative
g000927,esca/esca595.jpg,esca,vl_black_measles,054daad104aa4ed72c33b67a1e1876d2ed61b12a006a6c74fdbd5dce59efeb36,b1af1144e2c70e5f,kept,Representative
g000928,esca/esca596.jpg,esca,vl_black_measles,b822d29d929b67e9d23f8862d9165a099ef03df631ac707ac36e6caf94ac7a5c,b71a5d4c466a81b7,kept,Representative
g000929,esca/esca597.jpg,esca,vl_black_measles,3dcc28d5d015d423180151aaae266c66fa753e769ad652c5fcdad65eccf3072f,e35950736379d18a,kept,Representative
g000930,esca/esca598.jpg,esca,vl_black_measles,0825719cd30acb89daf9fc9066051c0a1fa0567e1634e474e5fe331b91f1e49d,f1bf550ec9010e3e,kept,Representative
g000931,esca/esca599.jpg,esca,vl_black_measles,0249c2cf5c52334d6d6ee1fd16ad30087a76816fa42ffafda7a974a134cb3e03,895239c0d33e1f79,kept,Representative
g000932,esca/esca600.jpg,esca,vl_black_measles,2fc372713e34ab8fdab39800f7de8f2271bf63256fcc9e10c138520280197639,cfc482211c1fffc2,kept,Representative
g000933,esca/esca601.jpg,esca,vl_black_measles,b4f8b5d6b9d1ec306f78bdeb06c34f14488b7f5def598111403de14d1f992780,a6a3259b134e8d9d,kept,Representative
g000934,esca/esca602.jpg,esca,vl_black_measles,7f40f1ecb26842b359b56ef989bcd64c42d9e464c28d8d83ecce9a1c4840f6c1,a84278f65329b9b5,kept,Representative
g000935,esca/esca603.jpg,esca,vl_black_measles,ec0c50255614dc208ea101e03105dacd5abd89cf7aa61f87d83e45a522a92ffb,c08c2c6baf98935f,kept,Representative
g000936,esca/esca604.jpg,esca,vl_black_measles,438e65c2c4ed2452596781bd9bae5f49edef2d628bdeb5e471d68ba8f242c789,e7f31f87d260a016,kept,Representative
g000937,esca/esca605.jpg,esca,vl_black_measles,5d6cec02e49786e2cd3579299e5457b945dbadc6852594dfdf2d6a814586fea5,e76d8e067b3a6418,kept,Representative
g000938,esca/esca606.jpg,esca,vl_black_measles,9c0b54b9f0a783d86264ec9a6e86532a8034114c07dc769457ee3eaaa34b9447,c1a665dba960c6f8,kept,Representative
g000939,esca/esca607.jpg,esca,vl_black_measles,c0bafb6e476579ebb1687c8e96d3e93ab91233bd22080927bb31d6d71abd2719,d74acb962f271690,label_conflict,"Multiple labels: vl_black_measles, vl_leaf_blight"
g000940,esca/esca608.jpg,esca,vl_black_measles,95f7d398824ed48187fe419ed142446ae375547363e3abc0bc201a7aa4b1509f,d78104fff120cdc3,kept,Representative
g000941,esca/esca609.jpg,esca,vl_black_measles,7bdf1887fce46e745cb8faa08b6ad54586487380b5e4559606b02f3e6e3db53c,96ccc0f5e4c3e546,kept,Representative
g000942,esca/esca610.jpg,esca,vl_black_measles,acfb73399ffc6442f7973b1328a7001dbb4b323fb2477a9516bbb3edd8580c78,f4db07ad61310ecc,kept,Representative
g000943,esca/esca611.jpg,esca,vl_black_measles,5dc2f01511b4af75e8b15ff184a5d69cfe3ea5d4c22d4a7c72d064f4f6be8737,df58e4909b47604f,label_conflict,"Multiple labels: vl_black_measles, vl_leaf_blight"
g000944,esca/esca612.jpg,esca,vl_black_measles,7520e1a19558636c9beb9bde5c4d76ad52d0f6145279eebd9b96be1ae250c6ab,f1aaf5f50e0f0115,kept,Representative
g000945,esca/esca613.jpg,esca,vl_black_measles,797f26f46a3fecb370f916f1c50549c534991bafb725e38cb3be6d125e6c5a39,9e886b8f8d51de44,label_conflict,"Multiple labels: vl_black_measles, vl_leaf_blight"
g000946,esca/esca614.jpg,esca,vl_black_measles,d5eae0a34d9e9aec3a0f6786767959d3c0ad0c607fe5cca12fb9b6b84347db21,87d3d6604d7cccc1,kept,Representative
g000947,esca/esca615.jpg,esca,vl_black_measles,e25487f087a51a5bc1e909e6abda5bcdf11b5152de749c6d52c0e150f9678873,f762c52429faf250,label_conflict,"Multiple labels: vl_black_measles, vl_leaf_blight"
g000948,esca/esca616.jpg,esca,vl_black_measles,59c32d110290b2dd2eb72595ce1a1adc879135e558fade5f3a25c0755d87d80c,f2d7d986cad840cc,kept,Representative
g000949,esca/esca617.jpg,esca,vl_black_measles,3bc8c02c86452db4e7ce8dd1833a122a802274bccd79439f8c5f5ab96ce18199,dea771ba34932146,kept,Representative
g000950,esca/esca618.jpg,esca,vl_black_measles,096e48b1787b1cd8eb95e0d992e83c1ab617558a653caa35665561e17d1df1b6,8aca2abb5e8de1c8,label_conflict,"Multiple labels: vl_black_measles, vl_leaf_blight"
g000951,esca/esca619.jpg,esca,vl_black_measles,29ddeedd178ae0d7b526b8c2205e52eb799ca183f9de888a9395efa2f74c92ad,8b847ea874c7a0d7,kept,Representative
g000952,esca/esca620.jpg,esca,vl_black_measles,768236e7f50e675b82891c6f5bf014fb54d5be5fdfd151c1748e587638938596,d99069eff2930178,kept,Representative
g000953,esca/esca621.jpg,esca,vl_black_measles,eab456c5509cdd70ade166c12d96653a342d1f27d062042aaf2c5dba8f80d09b,fcfbc181d1cc8b90,kept,Representative
g000954,esca/esca622.jpg,esca,vl_black_measles,9f86fc3c0b820cc6cb450061a13ad33e8a16c34371d7d7a0009a72b846c09f42,e6b3390e4a46e497,kept,Representative
g000955,esca/esca623.jpg,esca,vl_black_measles,692934bc82b485ecac5177238e76cafc21b3eb96b9bb1bb7433ac0ad4069fb61,c48d949e97736247,label_conflict,"Multiple labels: vl_black_measles, vl_leaf_blight"
g000956,esca/esca624.jpg,esca,vl_black_measles,e9c53a95d9fd6a9f198bdd84aae5b8e1bd0e33dc763140cd46e1adb8c714e499,8ca1b51abc31bea3,kept,Representative
g000957,esca/esca625.jpg,esca,vl_black_measles,93c9d3662c77419c8276073135eeba081c71554526324b5c4e04c072534d255c,fbd9920724ba496c,kept,Representative
g000958,esca/esca626.jpg,esca,vl_black_measles,7aff3a3c694a184145ddadb1e849005aca85a68aca69d26d1f1e8ab1535b8167,fe0f153aad61c270,kept,Representative
g000959,esca/esca627.jpg,esca,vl_black_measles,830edcade026f09d50505fe1b035a329fdbc58dadbf042ec26b3f846622e8095,ca92156b6806be7b,label_conflict,"Multiple labels: vl_black_measles, vl_leaf_blight"
g000960,esca/esca628.jpg,esca,vl_black_measles,6b70f446d140c052ddc1912b11c810c533d1564aa3a896437a7a6fd02ccae6a2,f207ebe1c442e3e4,kept,Representative
g000961,esca/esca629.jpg,esca,vl_black_measles,2d9ef989074d9505793cbf0b8b97e086ca3b95b22a67b0c8f8d70de3a0b14020,a8e868726edaf035,label_conflict,"Multiple labels: vl_black_measles, vl_leaf_blight"
g000962,esca/esca630.jpg,esca,vl_black_measles,e5a8a5fa4d7952041b9f6b2c80a8baba22920dcdf293246436e654e53a8932a9,a95658b374d5a529,kept,Representative
g000963,esca/esca631.jpg,esca,vl_black_measles,8d98ca512c6dea0b24b74c53e7e9b8eb3984d90eef205ee2d4627b9645f79ee7,c2d5f526b342f413,label_conflict,"Multiple labels: vl_black_measles, vl_leaf_blight"
g000964,esca/esca632.jpg,esca,vl_black_measles,41de90e22c12cca2664d5eaee56f916bfc43a5a67d5369de16fdf0e76fb1aaf8,e4d38db4512ca75a,label_conflict,"Multiple labels: vl_black_measles, vl_leaf_blight"
g000965,esca/esca633.jpg,esca,vl_black_measles,63633a74bf3f8e0aaef9ee8f6ee671ecb4b1fd2137db8d9c6e3cdebeb3abcd86,aa55ba6653b0dd60,label_conflict,"Multiple labels: vl_black_measles, vl_leaf_blight"
g000966,esca/esca634.jpg,esca,vl_black_measles,03ea1a8f5b458c93ee66d3a952fefb4c6bd283961729d59e059e3add67e93887,c758e603f506f30d,kept,Representative
g000967,esca/esca635.jpg,esca,vl_black_measles,dd02851190b80d8ff011be6f20f8fff4aec7e47e7c6422d9e37bf230c58b5aa0,c7855cf3130c49f6,label_conflict,"Multiple labels: vl_black_measles, vl_leaf_blight"
g000968,esca/esca636.jpg,esca,vl_black_measles,1e7ff7c1455d444902307b07991d6003fba83a33f5eee1fa9143ac22e45a7097,c533c807e834f33e,label_conflict,"Multiple labels: vl_black_measles, vl_leaf_blight"
g000969,esca/esca637.jpg,esca,vl_black_measles,789da5ec397881f41fe4d34d2682675451b4f121d80de614441b683c32d1d11f,a84fd854239fe8a3,kept,Representative
g000970,esca/esca638.jpg,esca,vl_black_measles,f100b49ade7836ad7b38212bf503ac3747dac866a35265aa03886c6982aa6c5d,c275309dfc4aa5f0,label_conflict,"Multiple labels: vl_black_measles, vl_leaf_blight"
g000971,esca/esca639.jpg,esca,vl_black_measles,881f3de817ecb5469d681adfca925fbbdce7d2fd9485c5658b3c7b9a752ae99b,d96ab7c1486e34d2,label_conflict,"Multiple labels: vl_black_measles, vl_leaf_blight"
g000972,esca/esca640.jpg,esca,vl_black_measles,cf8d891b31ec8753477e42df7338f5aafd7ed8876df567c3df353ef9c5c1c91e,ff6ca95153439303,label_conflict,"Multiple labels: vl_black_measles, vl_leaf_blight"
g000973,esca/esca641.jpg,esca,vl_black_measles,60a7d9d617bfa7d86985e753a84b113f46e6988d76264a6296b830c9b3e36847,c22d9f629e4ff028,label_conflict,"Multiple labels: vl_black_measles, vl_leaf_blight"
g000974,esca/esca642.jpg,esca,vl_black_measles,09d317019e1bf206b5a68916f545aed0cd6d79eb92d835a9177cb74b9a65838b,e34c56dd087962a7,kept,Representative
g000975,esca/esca643.jpg,esca,vl_black_measles,a988f4fd107d63e06afdf27f2fcd7da33e3f3e5b4ae45248c5b086bfe95ab4d7,ea2b7faa1150345d,kept,Representative
g000976,esca/esca644.jpg,esca,vl_black_measles,b6bf48f35877b8372ec4551954b57dfed98212bc9df73073420914a147b46349,cf4936d189731acc,label_conflict,"Multiple labels: vl_black_measles, vl_leaf_blight"
g000977,esca/esca645.jpg,esca,vl_black_measles,d04f69d794693f4a3d21489f73dc854ce4239cadf2b2aea4aaf74806a46d22c4,d9779827902e516e,label_conflict,"Multiple labels: vl_black_measles, vl_leaf_blight"
g000978,esca/esca646.jpg,esca,vl_black_measles,5b613253fe6996c40f361c082fe35c55e002329e4e64d2c91152a53dceb64c91,a95c894af15cab55,label_conflict,"Multiple labels: vl_black_measles, vl_leaf_blight"
g000979,esca/esca647.jpg,esca,vl_black_measles,c7fb964f59a958ea778504a4d620d7cd5b105fc0ef3b08da5264e23bd1e7cbe0,896ec3c67a3bc419,kept,Representative
g000980,esca/esca648.jpg,esca,vl_black_measles,6df17486f16df8fd18dcfa5f892763b263eb72c4e2866fe26125a8199f744c29,c8686abcfc455571,label_conflict,"Multiple labels: vl_black_measles, vl_leaf_blight"
g000981,esca/esca649.jpg,esca,vl_black_measles,fadcc95cd34cae974bb6e63cb8b2e494f6031c8122ebc364073fad653ab6ad9d,c8d9f36e38b04707,label_conflict,"Multiple labels: vl_black_measles, vl_leaf_blight"
g000982,esca/esca650.jpg,esca,vl_black_measles,8729631f65b4349c6fa580366f56472646681a3b12bd20ed405ab3f8e454fc06,d3774b6281273dc2,label_conflict,"Multiple labels: vl_black_measles, vl_leaf_blight"
g000983,esca/esca651.jpg,esca,vl_black_measles,3d89d08a05c78b5db13b02c46c4ed5c4342c4658a646dbad2f7a555c336633cc,8ea2ab5255aba1ce,kept,Representative
g000984,esca/esca652.jpg,esca,vl_black_measles,c18e60c0a984df8926a938e3171545df72df18da7adb65e43846ffe22857711a,b6564c8cdab08df2,label_conflict,"Multiple labels: vl_black_measles, vl_leaf_blight"
g000985,esca/esca653.jpg,esca,vl_black_measles,6cb7a3b8a1afd2cc6d504c72c77f818f7a1c3498d8051401c3de4670acbad44d,b350b059b54b57a9,kept,Representative
g000986,esca/esca654.jpg,esca,vl_black_measles,7f9dbfe8d36de64c6121340448044b870c4ef75dd7f8c57ab044ec211064fce5,991bf00817d9a7d9,kept,Representative
g000987,esca/esca655.jpg,esca,vl_black_measles,d7601e382b95b6390c140d89b320a8a9ee7031d5108e25a80636673abc54cdd1,f097253cf0121fe9,kept,Representative
g000988,esca/esca656.jpg,esca,vl_black_measles,2bd8ff4acde180fae0d450c5a325832f2282cc4452c26cd6b73b12e5b7f7103b,8f5d6b8c546cac89,kept,Representative
g000989,esca/esca657.jpg,esca,vl_black_measles,7ceb86cfa23a359b508de11b63a428a6a4b1ccaa85b05c78a55e79ba2ce576dc,f46b87223cc8b05f,kept,Representative
g000990,esca/esca658.jpg,esca,vl_black_measles,24ea1906c8d72b715d578d05b165709ff09a555339e4c4f3b65cf130124052ac,9d0c897621d6bb55,kept,Representative
g000991,esca/esca659.jpg,esca,vl_black_measles,2298135130948f026496047140b31e0f4f7722060b48c561677e86c6c76368f1,ae3c6436e348897d,kept,Representative
g000992,esca/esca660.jpg,esca,vl_black_measles,8c0e7b864338fc1b5c4f0dbb68c27aa304a230a032a68d3c1391b2bcd0040a0e,c6371b67a1722e8c,kept,Representative
g000993,esca/esca661.jpg,esca,vl_black_measles,e5c57b15af547614b94fa2b607264e9377c53fbfdd4475c149f265170eb16feb,b9d1f251e5646564,kept,Representative
g000994,esca/esca662.jpg,esca,vl_black_measles,2ceb01ce1278bb91ac98aff0cc9dc297db64cd7156d698b63af2f419646721f9,e22657e70a94e4ab,kept,Representative
g000995,esca/esca663.jpg,esca,vl_black_measles,ca8847c5ca8bbf0500e3f6bdbec6261508f5b8a311d61dafae7d0ef46e6c247f,f2f22502d77564a5,kept,Representative
g000996,esca/esca664.jpg,esca,vl_black_measles,a56163b2f20767db50c00fa9b90c39b30cf119756ef6b87ebfe947946f5a6bea,c1e423cdbce25d58,kept,Representative
g000997,esca/esca665.jpg,esca,vl_black_measles,dd60076a72282c8001b1e1f15bcbfb213c8db9a6826d8cd409607ef3e8054716,a00e4e71d7bfe00b,kept,Representative
g000998,esca/esca666.jpg,esca,vl_black_measles,6fbc39c1fe2c68d5154baef6b81d0835302fa5e9785ae8670e5a49f9bd2aa143,d5702a6d686a6aa7,kept,Representative
g000999,esca/esca667.jpg,esca,vl_black_measles,76a34db498f2aa0adb0a61c02d4f55ace8718815e1979a896c713b83bf9e307d,d47708ad51a357b4,kept,Representative
g001000,esca/esca668.jpg,esca,vl_black_measles,ea97155523e7831bc98da134429db124993324ca189c36d8a02c1f374abe6382,b8e5a74c1e7ae103,kept,Representative
g001001,esca/esca669.jpg,esca,vl_black_measles,61eb297b8d7202b6df6132db3f55792f688f33b40a7e8383c0d5b9dc9d9fad08,b6a9826bfa2a82bc,kept,Representative
g001002,esca/esca670.jpg,esca,vl_black_measles,dc9e4f4aea5fa3431b46f25c1faeb2054a0eefc3c1db4831fbd1cec06dbd53cf,ae74f02fa14dbaa0,kept,Representative
g001003,esca/esca671.jpg,esca,vl_black_measles,3b609dcdd5840055137ab7308e8bfe8f28e65934c77e20e4ce743496212214ff,9c701b2fbccf4660,kept,Representative
g001004,esca/esca672.jpg,esca,vl_black_measles,60bcccc48f731f162526af12e0d202ed960cba8fd35c9b021181e04dc07aa682,d0d82ac87aaf40df,kept,Representative
g001005,esca/esca673.jpg,esca,vl_black_measles,422175673df9ab57a43aa5eb6b0d72a4a5c50d09b066ff45db0e5de65cb17fa6,bf651e10ee84f8c8,kept,Representative
g001006,esca/esca674.jpg,esca,vl_black_measles,5387e3bf632f308153c6130bccd00b697d65bc9781b094e987c421555b0a7c3c,9df219eca20ae91d,kept,Representative
g001007,esca/esca675.jpg,esca,vl_black_measles,f2486b88ab87fbceaf327f7ae0ff24857e1a4d3d012004072d0e8a7569e066d9,e32eb329aec7b101,kept,Representative
g001008,esca/esca676.jpg,esca,vl_black_measles,91f58570e87d5b0b2134859e46e0dec308b5770876aad95cfcfb449d40cbc823,fe0738399502ff42,kept,Representative
g001009,esca/esca677.jpg,esca,vl_black_measles,3a0d2535104f8d72a70464820cd24d0563b22ad5d3ca4818aef7cfe54e9089d4,9e9e9bb808496cec,kept,Representative
g001010,esca/esca678.jpg,esca,vl_black_measles,6c46729880281aa039786bcf70d4df1863b2eed9715dac09ca62137fcb8f52ea,bff46fd00c0245d9,kept,Representative
g001011,esca/esca679.jpg,esca,vl_black_measles,6e9f2bb62e9812435ce166c3a4256fb89a9864041526fa011825d622cb7ea587,b83e6174576d161a,label_conflict,"Multiple labels: vl_black_measles, vl_leaf_blight"
g001012,esca/esca680.jpg,esca,vl_black_measles,a4313288df642be8adc88df940e912678df88274c7a8817667f507fa8e6fec14,85906718ffa4578e,label_conflict,"Multiple labels: vl_black_measles, vl_leaf_blight"
g001013,esca/esca681.jpg,esca,vl_black_measles,566216d5eff7348b20a3bda0516bdd8643024ca75b78c3b0c3a9419137eeb9d8,cbe3a669b8982565,kept,Representative
g001014,esca/esca682.jpg,esca,vl_black_measles,e7a853d759d93be4aff8711fdac137956c151c878362959c7c02674f39029ac5,b0344b5b8dfba292,kept,Representative
g001015,esca/esca683.jpg,esca,vl_black_measles,e3b2c4ec691d1a29b19485c84e1bdf2742a74ac076c48d1419b9a62d40114346,a23de532496719e5,kept,Representative
g001016,esca/esca684.jpg,esca,vl_black_measles,6633953ace18b6bfffba5382d972a80029d0aed210994f947ae4394f6e44c92d,e9268ee5748c54e5,kept,Representative
g001017,esca/esca685.jpg,esca,vl_black_measles,84e98f5a95f2141f6ae69e4cb5c695afe2d82d437f2cd2c86c4245f55195f72b,c058d3b7243e19f6,kept,Representative
g001018,esca/esca686.jpg,esca,vl_black_measles,b5119d1e372cedcc60f7ac405aa8f7bcb89516e1a1085e66443988dc662f408f,eed520e0de54a8d3,kept,Representative
g001019,esca/esca687.jpg,esca,vl_black_measles,555eea11598103c47fd7165b2bd34913156ebf9ae081cd9dea45785ec04a08e0,bfaf002244debb31,kept,Representative
g001020,esca/esca688.jpg,esca,vl_black_measles,2d92aaa551daa6c9a317f5ec6cc1b181337f3209fb560219b79786e6ca9d89a6,ba53d5606ca359b1,label_conflict,"Multiple labels: vl_black_measles, vl_leaf_blight"
g001021,esca/esca689.jpg,esca,vl_black_measles,3d9f3da79fbb983dfca60273ab08f2571a61b3ca3cf6b85266ace8e5d2baf040,8a6533830f59b2af,kept,Representative
g001022,esca/esca690.jpg,esca,vl_black_measles,70abfe71742891b64a85149820332771e6a36d776e15779c671a8297bbf4e6d0,b6e961d2b6654983,kept,Representative
g001023,esca/esca691.jpg,esca,vl_black_measles,258a4d089b0289130630665700f8dfe37681a00308ce2214c1012fff5d260ccd,9ca6e3841739cf58,kept,Representative
g001024,esca/esca692.jpg,esca,vl_black_measles,662f7059a982c9a1817e8670b8a2565a4cf4f2fb193ac78d0a6964c6ce1c668d,e2d8a0c3c88e4fbd,kept,Representative
g001025,esca/esca693.jpg,esca,vl_black_measles,d173bdc179aa8962c84812d2e8971437650197c50b9e3a9f2655155bdbf910bc,ea53c22a16aef62c,kept,Representative
g001026,esca/esca694.jpg,esca,vl_black_measles,f602fa760ed95c71240196ad2ca04643c5213c785eb055bedd2d2e2f6efdc818,c59ab418324e7df2,kept,Representative
g001027,esca/esca695.jpg,esca,vl_black_measles,564080cb418c69223ce443e74ea2eacb9731afef2411327696d6029a15339036,be282ab24a5574bd,kept,Representative
g001028,esca/esca696.jpg,esca,vl_black_measles,2084c642121a42cde7989b81e55e77fe653f351d371e10b13e9624c3597cb174,be20c5fec0ef1509,kept,Representative
g001029,esca/esca697.jpg,esca,vl_black_measles,dd8601c3fd46325196a36b665e97fcbf2d76c77ee99ba914d53d012cabe5ec3f,c5ca12664e1f9e3c,kept,Representative
g001030,esca/esca698.jpg,esca,vl_black_measles,3393801499aefbc64b5d360f9502e99ac7598b60e08dadf495be47f12d11925b,a5d87a2b1cadac58,kept,Representative
g001031,esca/esca699.jpg,esca,vl_black_measles,743f756df92826fbd783dc4bc5254d6ae43e0ebcc86f35f1f04f39c1f1871d48,c7e447680e5a85f5,kept,Representative
g001032,esca/esca700.jpg,esca,vl_black_measles,0389ac9fa6b817d09f0057675641390fe3f85fdb90f265a8a53dbc250a5c6665,e56350872f975499,kept,Representative
g001033,esca/esca701.jpg,esca,vl_black_measles,88f5115715a0cd1df738167f5c1b50cd31b1bc340ab059ead439c4184dc0eadd,ff067a02f07e8e03,kept,Representative
g001034,esca/esca702.jpg,esca,vl_black_measles,c2f607e1a9d0ca6994995b0cd44fd94c604b80381b2b70812ab5f3b1733ac6b3,b07450d8f9dbf026,kept,Representative
g001035,esca/esca703.jpg,esca,vl_black_measles,f0eb5cb5619fb22f9707c0e7d60903a208129c91036f3407b4cc3595f74a5820,ce796124869ceed8,kept,Representative
g001036,esca/esca704.jpg,esca,vl_black_measles,61b8b2a803eb11cea5945f34f4f31246bac18d09f92db985d10c09d5cdc7b1d8,c01d253db674aee2,kept,Representative
g001037,esca/esca705.jpg,esca,vl_black_measles,3c39f80ad2feee33d677293b8fecd06afd275060aa04a4499bcf56ea62f904cb,daa5e14b1e82b43d,kept,Representative
g001038,esca/esca706.jpg,esca,vl_black_measles,740c55f73ff95a3d8302a0993f20f7dffeb49761287c7d866233cc8feb52fd60,f9bb6d0408c9cde2,kept,Representative
g001039,esca/esca707.jpg,esca,vl_black_measles,d9845a94be2c026f8c709b6dc18083c7d0c6fd2440cfd5ff5c782370ae5fab8d,f54aa10ebd5016e7,kept,Representative
g001040,esca/esca708.jpg,esca,vl_black_measles,4710fcc1b4d0c2e4d3a9de6777f56781ea9e0bae3084ab2da57e427996093bca,8f86065af3ff6401,label_conflict,"Multiple labels: vl_black_measles, vl_leaf_blight"
g001041,esca/esca709.jpg,esca,vl_black_measles,d5e486c47a5a97b2a61c939b874f17c08343ebbb4264e3a59df7036b4e8a2ec1,a91cf01f45721fc6,kept,Representative
g001042,esca/esca710.jpg,esca,vl_black_measles,a7f7d1863ddbe9684a8cb5c35bf3d9aa2ffbf91a4d50a82954363f0e550659d6,fe78f860c120c3ee,kept,Representative
g001043,esca/esca711.jpg,esca,vl_black_measles,d538fa723dda8e0a77e0780330c2d4d438e69cbddc3a243fcee2b9f32177f5a3,b03e4a15a1b1fe53,label_conflict,"Multiple labels: vl_black_measles, vl_leaf_blight"
g001044,esca/esca712.jpg,esca,vl_black_measles,ecaa4623cf10d95f18ec4237e2ab6d6b4d9e22bc8439eadf6c8fb524cd874461,ae55844f2ccbc157,kept,Representative
g001045,esca/esca713.jpg,esca,vl_black_measles,efd38e90819454787bd9be638d8174f3602438efb0a5553b92aaa2aa92d93d55,dbbefaa8a620a0e4,kept,Representative
g001046,esca/esca714.jpg,esca,vl_black_measles,0e5c438d14bb8f41f4b245a390a763c377e568004e421f865d77d766b7f04999,d68d3aca1aa51b4b,kept,Representative
g001047,esca/esca715.jpg,esca,vl_black_measles,450f44a465047777c8d02cfc46105519eaac1d52b7f45b33454eddac6c713560,aa7c0ba2c534b8f5,kept,Representative
g001048,esca/esca716.jpg,esca,vl_black_measles,3f5b7655e40002f7fa8fea2d6bd8b29cdbf2138c5e9b16d3a1cb3a9d253234f4,91ea65955b35031f,kept,Representative
g001049,esca/esca717.jpg,esca,vl_black_measles,9f24685c6b759f46d7fc57de182fb5a3cf8f7de81b06a27b5b2be82727ba178d,b947a287f9f09219,kept,Representative
g001050,esca/esca718.jpg,esca,vl_black_measles,ab82da7ec86d1b5ef97d975092c288ecb04832c9e6642d76be184c4b8d391580,aa34b436d6b0ab55,kept,Representative
g001051,esca/esca719.jpg,esca,vl_black_measles,a87c1b4bf1ab6813994638e356249bf5e4c0698145b7f54343ee0c0e0d4adc21,857677c8dc26d01b,kept,Representative
g001052,esca/esca720.jpg,esca,vl_black_measles,3aa1e7cd24a46e376362c39e2983f39e6218191aa2846020fa03453361d3c1d4,98cffaf8a2592c06,label_conflict,"Multiple labels: vl_black_measles, vl_leaf_blight"
g001053,esca/esca721.jpg,esca,vl_black_measles,07aee893092e3314b4ca2305128d60a71617ee3263a3c857a92807382d08abba,dcd1fc2571cac4c8,kept,Representative
g001054,esca/esca722.jpg,esca,vl_black_measles,d1f81df700adc8d6b5b253936938b921b734a6ee24e0643864c6e639f0cfb980,c7e6e05184a57c9b,kept,Representative
g001055,esca/esca723.jpg,esca,vl_black_measles,e7dfb6711d7d4b6b6b247ba5dccdffb22c43aca13a12259d5ee878352af1af6b,a098d5c9fc9217f8,kept,Representative
g001056,esca/esca724.jpg,esca,vl_black_measles,f07eef26c430c411cc1f3ea7df3ebbb8b107d9379bd43955298af145beac5d2b,ce212f166b98b867,kept,Representative
g001057,esca/esca725.jpg,esca,vl_black_measles,c218e3e1b52264502adc5fd619f65c1388407b06bece2f65ec9afb759c6e61d5,b6cac81d2da9622f,kept,Representative
g001058,esca/esca726.jpg,esca,vl_black_measles,4058368a81a074f04f25047b6083381f38a23f22c77f8dd077d7816597239262,eb61109e674af4cc,label_conflict,"Multiple labels: vl_black_measles, vl_leaf_blight"
g001059,esca/esca727.jpg,esca,vl_black_measles,19b0447056696bf2c63b78c897d3c56dcd35d87c780aa56e36aa73fdb08fc9d9,9a37b68ca1645de1,kept,Representative
g001060,esca/esca728.jpg,esca,vl_black_measles,f9ec26f4840df7f1935d1f986fdef28c1ef0e4048a730954c3dc5ad8a1d053a8,f2c59d1a6df0e806,kept,Representative
g001061,esca/esca729.jpg,esca,vl_black_measles,91b5e6c8c724d5c875a7124a4ab37c2f553c58d33ac1fbc6bbd68b5980d88f29,c5e0e2292a6e7b4d,kept,Representative
g001062,esca/esca730.jpg,esca,vl_black_measles,1d3674c9f7cca28333689af0f106f1770d4aec0ad9e7c2e8fc7f9d4e2ce0bba2,b44f357002a7e793,kept,Representative
g001063,esca/esca731.jpg,esca,vl_black_measles,660d350070c833a870883fe142fa5d51a52b1894dbbba2951f694f6b3fbc1e9e,b1681846267e7b8f,kept,Representative
g001064,esca/esca732.jpg,esca,vl_black_measles,685b996e15ca6c702b71315da8594d71899ed6dd49608bc3fb1f927b1282fd48,cdcb9330b094d4fc,kept,Representative
g001065,esca/esca733.jpg,esca,vl_black_measles,8a9422c8240b3ec9d77dff3a8d5c01fb2d08afdf756a2f00f30608a6349de238,9b949353772446cd,kept,Representative
g001066,esca/esca734.jpg,esca,vl_black_measles,1a4a3bc572e9b07195a0a4aac70ff5ec6b74ffe9a25fae457dcc8938476a8812,ffbdfccc1d870000,kept,Representative
g001067,esca/esca735.jpg,esca,vl_black_measles,76463446502188098bfa28a88a87a51cb9a41790f6ff675dd693ea2fbe4837ad,f6078a0587cdecb2,kept,Representative
g001068,esca/esca736.jpg,esca,vl_black_measles,303379d942473f082fa9e0b09148696823c69146cc1c25e5abca55c99d75aaa3,cae43c22ca89b5ed,kept,Representative
g001069,esca/esca737.jpg,esca,vl_black_measles,c5deb58c4d346b4b05c20205255363956099f3df4a507c151a3a16c9687bfbd6,fb4cc4894e739ae0,kept,Representative
g001070,esca/esca738.jpg,esca,vl_black_measles,fe82b2e334b7b4d87a9542124b89d260685cfcf104ce549f2d7c4cecaebe8672,e1c21a34385bff4a,kept,Representative
g001071,esca/esca739.jpg,esca,vl_black_measles,980f3055a2d278a3bd2a8572fbe4c75a8b878298c194bb018346d8a340f1ec11,b2e98e3cd0a8e62d,kept,Representative
g001072,esca/esca740.jpg,esca,vl_black_measles,41f8a17d679717e570f44fc40e1a683a9af74b908abcf7090bb897baa84f2021,e5a5a32531cdc4f2,kept,Representative
g001073,esca/esca741.jpg,esca,vl_black_measles,bdf4ebbf2561f4c1668c38f740215db7d100f7d90fb39a2e3c7dcb5f2b09163a,9a9234756b23b8dc,kept,Representative
g001074,esca/esca742.jpg,esca,vl_black_measles,dafdb91ae34b55f3a6f695d1bbf07bf28bd9e729e8406ac10ad0fef69b0273c9,b7bb6b6890b75041,kept,Representative
g001075,esca/esca743.jpg,esca,vl_black_measles,01c8e6f655d9f37ffaf51f7f5aed7136c6ef6c1a3acade7d7ea2ec78380fb854,f4d08f899c71f027,kept,Representative
g001076,esca/esca744.jpg,esca,vl_black_measles,ee5cd9fa0d03091a9fd373023cc5460a525fbff73dc0187926a9768a07ce0f2a,a468b9633be04a3f,kept,Representative
g001077,esca/esca745.jpg,esca,vl_black_measles,61818b401c48a40dc82b262adb6b31b2c5f62c2aa63c595dafc630af2174f702,cdb1968da555b88c,kept,Representative
g001078,esca/esca746.jpg,esca,vl_black_measles,c683c7c8b04f69245c06bd6810ffa0c85ab9733fd39bc9974d788b7368b88073,e00fb0cf23d4daa5,kept,Representative
g001079,esca/esca747.jpg,esca,vl_black_measles,49b202592ad4519d53d04a5bc2c2005347d0281769bd23e9805362ec1b753287,a557ad954b44da19,kept,Representative
g001080,esca/esca748.jpg,esca,vl_black_measles,2f905106f121cce090ad4f14213544f1617c7c7d3f232ce5ef5e917455fbaf33,f78c439872b9929c,kept,Representative
g001081,esca/esca749.jpg,esca,vl_black_measles,407b94adcfb04c8221e9c432eb53a9bff022460a9b4e432d2bc4eaf8b20e048c,c11a33f5de438d19,kept,Representative
g001082,esca/esca750.jpg,esca,vl_black_measles,935636cbcca960439a6d138165bd059880fc73a0613ebdee3f52061f2d9ec62d,b1a5c4c3d1d7264b,kept,Representative
g001083,esca/esca751.jpg,esca,vl_black_measles,bfc38e828c5d4a598fe7553cd13e24d3550bf556bd6dc93ca29d6b0a2ae441e7,d4f5160a133fd589,kept,Representative
g001084,esca/esca752.jpg,esca,vl_black_measles,fc686d440b772b1bb67cb5a44463ff6fd8ae66f84fc448ed3e38e0b3d6d88728,c5d30bc23c2de378,label_conflict,"Multiple labels: vl_black_measles, vl_leaf_blight"
g001085,esca/esca753.jpg,esca,vl_black_measles,e7fdc78a71e906504bc80cc4d14205c62b15d20050e363bf64ba2f3eb4743e31,9f9f140463f3b832,label_conflict,"Multiple labels: vl_black_measles, vl_leaf_blight"
g001086,esca/esca754.jpg,esca,vl_black_measles,bd8c5c0af3847843b99cacfd14bec2bbd1a2913c63ddf86549999b47256d93de,d801e763f0ea1576,kept,Representative
g001087,esca/esca755.jpg,esca,vl_black_measles,6ffd218002050842c07c940bda1b2aac6b099dc1cdb9f3eee2330be17b2c4c4a,e3e0043c5dd79e26,kept,Representative
g001088,esca/esca756.jpg,esca,vl_black_measles,9fd362076253113eb206167d9359abf52fcaa332e0a48b0425590c8ccd44aff2,ae5b969b0be4c815,kept,Representative
g001089,esca/esca757.jpg,esca,vl_black_measles,f17d06e1688cee1db1c5dbf74222e6e5ea5785ff08b09d583502693bf800dd76,d7ada5a1425634f4,kept,Representative
g001090,esca/esca758.jpg,esca,vl_black_measles,f1580856265a54c0ff9896d445b0fe1076421cc49280f126d5692a827ca580df,f0b18b4b3ef6821a,kept,Representative
g001091,esca/esca759.jpg,esca,vl_black_measles,a75034518e05f81704d62aa2f3933359fe1e65d46edd409c447dca1222e517fb,f486a26f03ccdc8e,kept,Representative
g001092,esca/esca760.jpg,esca,vl_black_measles,914040fdabcea7db13139c5247e534d82d1be267015933f1b806b6474041c2d9,a4511ee7e970e10f,kept,Representative
g001093,esca/esca761.jpg,esca,vl_black_measles,c28392886f5ea2c895b80b52dee295d9a12e18df72494d7ce283bae7bf2892d6,844d36916f2e69f2,kept,Representative
g001094,esca/esca762.jpg,esca,vl_black_measles,2e18c8c373548d1d9c221bb4b0e6ddb5ebc43a9605caef40cf3c84b2d4249de9,85d35fae9c9b5012,kept,Representative
g001095,esca/esca763.jpg,esca,vl_black_measles,086228f191c4ed7b8f9e9f43a26f3bc7b8669acffb0bde37498d1bf617d0a801,ebfe82261ff1c480,kept,Representative
g001096,esca/esca764.jpg,esca,vl_black_measles,0cd7552ff2b75a3e94d6aecb3f3c6af598680d8c47d2725261add25f96f8bb10,fc3880c78f35362b,kept,Representative
g001097,esca/esca765.jpg,esca,vl_black_measles,8f1d76e431fadb441bf9c199171704550f3f8bb704d3e6752f097d77d89b4b57,f8f9b2ca9214136b,kept,Representative
g001098,esca/esca766.jpg,esca,vl_black_measles,8255975553935ea30a3ddda94e6a446666b3000ee2e8b8685a472821cf6f5795,c08f687b3330bcba,kept,Representative
g001099,esca/esca767.jpg,esca,vl_black_measles,00d3a5180a4d5873cbe07fd6b6d06ced8f11ea3f0419478f28c34e7f05bbfb6b,f2d98718db0d4d31,kept,Representative
g001100,esca/esca768.jpg,esca,vl_black_measles,ae45c8de51200b51c8554c69f37ff53adcbe6977e112572d1655be296a3af755,d3cb4cc2c9318ef4,kept,Representative
g001101,esca/esca769.jpg,esca,vl_black_measles,c0223a47f4078d1981650739356e610831853f71ba91f3cdb61bcbfebb2fe371,b3f54516b705a06d,kept,Representative
g001102,esca/esca770.jpg,esca,vl_black_measles,e81788c90c1121fae0e1c3a4a6ed5f5600a853771201f8e279be76303de4e330,89153eafb0b27b82,kept,Representative
g001103,esca/esca771.jpg,esca,vl_black_measles,ce55e517d5f105d38749abd890dc572ed46e97901ff2f5ff76d9b7196f207b09,8cd99dbd38227323,kept,Representative
g001104,esca/esca772.jpg,esca,vl_black_measles,ece85bd929a38cb003ab9fe493bbce7f8343e0713131c6a0e301362c6419644a,c3e6f2f344c0ea58,kept,Representative
g001105,esca/esca773.jpg,esca,vl_black_measles,f84dcb0e57e31d529f10f0b2b017974c540833fac821dd406676c362b362ffba,82693b2765b83c97,kept,Representative
g001106,esca/esca774.jpg,esca,vl_black_measles,8d42cb167ea227d27f0b8375501cca3dbc583d6410d487b8db792309270bb097,951bf8e6463251da,kept,Representative
g001107,esca/esca775.jpg,esca,vl_black_measles,90a98acd97649b0dd2016ed50cad7055df7049b2e5042be9de8eac258c90c6e6,87cc2c1ab9672f61,kept,Representative
g001108,esca/esca776.jpg,esca,vl_black_measles,1ada1f0919c59659b7d36c70f2da55300523437ed8108f0332b48f34ac7fa18b,dafa32b0f2d89494,kept,Representative
g001109,esca/esca777.jpg,esca,vl_black_measles,f195f2697889deaedd2d8e17b17d6568993317ae1a2a5e1c6d58787da563efa0,fbefe8e18710c490,kept,Representative
g001110,esca/esca778.jpg,esca,vl_black_measles,5820cddf27204ab778860c863bdce09f204df30f5472145dad00969a7e662e42,a81d619be1d7c88b,kept,Representative
g001111,esca/esca779.jpg,esca,vl_black_measles,d5e2137fc88d62d2a98dd3fcf9bb4bef85df8e4fc039e730c2ed33d476c3f084,87788668798eb0db,kept,Representative
g001112,esca/esca780.jpg,esca,vl_black_measles,d1857ea806aabe9265dcf2113e2841a32b6669851f4bcc5d67afb3ba7296a67a,fb2dcba449b0c1aa,kept,Representative
g001113,esca/esca781.jpg,esca,vl_black_measles,9fd16a5fc6a72c13d0fbc68725b709bc46a828d9e42ffe583ea2d92c21b4b7fb,e5306a7b451bbec0,kept,Representative
g001114,esca/esca782.jpg,esca,vl_black_measles,f76346893a984f7c8da1a8344f42581d60809a1ae221c76b13f5ff093f75e2d2,f013ae1d68fd071a,kept,Representative
g001115,esca/esca783.jpg,esca,vl_black_measles,05de53e487c00a8be4ac2b74eb1e08957ab01a9e7efe16eed2c2d8b55cc851d9,9f983e8770ba8827,kept,Representative
g001116,esca/esca784.jpg,esca,vl_black_measles,40485d9728d19f6bc252b4e3e4079dda5b11b934aa28a95e40976676172a4e88,dde3c9c998b1c8c1,kept,Representative
g001117,esca/esca785.jpg,esca,vl_black_measles,c291490b782949d0e31ce20ba18a4e8c9bb1c0e3a26243b93afd784b13a257c3,cd572ef81842e50f,kept,Representative
g001118,esca/esca786.jpg,esca,vl_black_measles,4b07dea8ac3e39d1d2780e2a229854cd1e62caff0a88caaedd198fd69fee2d73,b75a01b0974ee5b2,label_conflict,"Multiple labels: vl_black_measles, vl_leaf_blight"
g001119,esca/esca787.jpg,esca,vl_black_measles,a46f770b8f50ea76aad4281d1a60572d07cf302227ec6675e1d65553c6924c66,f8c12726c6449f9e,kept,Representative
g001120,esca/esca788.jpg,esca,vl_black_measles,5a7c06a39a7b5bbbaf85fc1bf7a060c0048cfd8f72c9f9b87ee0d53fdc556684,96b3a6da8b92a632,label_conflict,"Multiple labels: vl_black_measles, vl_leaf_blight"
g001121,esca/esca789.jpg,esca,vl_black_measles,ed602e1573b83c9cded5b48fd6bc71b47c07f2ed88bff37abac0d01e2e63f107,fcfcf0b153a140a9,label_conflict,"Multiple labels: vl_black_measles, vl_leaf_blight"
g001122,esca/esca790.jpg,esca,vl_black_measles,298385a587db036f41a531771d732706a7b47a1f4753ea7113daa3e4dda28290,ec516cacd28969bc,kept,Representative
g001123,esca/esca791.jpg,esca,vl_black_measles,222cba9ccb67031ee2a71f5f675eb0f56cc43c3d1979601c05a8d97109805e6f,d0ec48f43b78861f,kept,Representative
g001124,esca/esca792.jpg,esca,vl_black_measles,6c114e6a7332381c4698541ac951642b553bc07210c2177f0528ce38b3c55fdb,dfd8c8dd2148743a,kept,Representative
g001125,esca/esca793.jpg,esca,vl_black_measles,842bc68c54de439f2d5c093ae9ed1e4f2499d9564a26b1a04ca0feed5f18939c,e6dca84b788d9835,kept,Representative
g001126,esca/esca794.jpg,esca,vl_black_measles,77505c582d5de129faf56f5f3b21d4be0871efb94938dbc177aca7ff62018aab,9f01373a1cf3c943,kept,Representative
g001127,esca/esca795.jpg,esca,vl_black_measles,e195814de2039792dbb1448978f362b83a9781d4e488ce94c401c61ec9fc9885,a2562b85f6aa471b,kept,Representative
g001128,esca/esca796.jpg,esca,vl_black_measles,69ed9b0e3f32f14e84b8103f4353925c8e7f73dbe12c611884384acdfbba95fa,c42c7a75418afa7a,kept,Representative
g001129,esca/esca797.jpg,esca,vl_black_measles,0b80a47081e1956fe018687ef3d2e6f9ea5625c715eee4587032ef8cf3dee07f,c8c0aa5abc363e67,kept,Representative
g001130,esca/esca798.jpg,esca,vl_black_measles,e02704efec583fa97c0c137f8ecb080d362017242fa1f429c9c82141aace613e,f2761302d9487b6d,kept,Representative
g001131,esca/esca799.jpg,esca,vl_black_measles,d81b45afbb2d701e2fbe32d8049d3ae460369298fa78cc1b75f3bc2992a7c007,8c9e714fc9067ab1,kept,Representative
g001132,esca/esca800.jpg,esca,vl_black_measles,b86f6722fc04874890febe13bb65ca0ecca73a7df19a2f64bfaa1f3a294d3ee7,c836373b4587a78c,kept,Representative
g001133,esca/esca801.jpg,esca,vl_black_measles,bb8a6a966328182f12141fcb6a603844ea9646596f2bcd16e3dcc20e6cb5dafc,d80f631d1517f1e8,kept,Representative
g001134,esca/esca802.jpg,esca,vl_black_measles,720c4d2ee5c042ae3faa5689405008587c6f24ff27f3a9904f0bfcf11d0905a3,bc6f99010ba5ccb5,kept,Representative
g001135,esca/esca803.jpg,esca,vl_black_measles,b74b63cab2b6741408a82da3332b7c65aa1d5e8884b50bcb734d8f3a59d68701,b3c4e32a491e69ba,kept,Representative
g001136,esca/esca804.jpg,esca,vl_black_measles,6e7b4f2f203204cc128d467b892b4ea881ad43652030ff2c29ea9e9946bd9720,d662c97c4a2c338f,kept,Representative
g001137,esca/esca805.jpg,esca,vl_black_measles,b496a41c4e0f02e3a8ba498958cd880f52330f57d2680d94ba73350f88d74a85,8cf573ce6609cd60,kept,Representative
g001138,esca/esca806.jpg,esca,vl_black_measles,7ad6adeceb3c18b7eeaf173d8bf3ec6e2df018e110d318450714bd2ae12f0949,d998c82c87b1c6e7,kept,Representative
g001139,esca/esca807.jpg,esca,vl_black_measles,79ea13e97c9c80a9963f7c7a0d2d41dea0e02b235f0906050aec2c4dd1e6f8cc,ca7ef906012537f1,kept,Representative
g001140,esca/esca808.jpg,esca,vl_black_measles,00dd139f8bb07ad205befd5add7e3f792e47b1864372b9ca022cdc27b93c56f2,9115272ce88cd77e,kept,Representative
g001141,esca/esca809.jpg,esca,vl_black_measles,21d921bd1814f2a0bb032106753d2da6f085b07aab23fbe741d29fd3cb63ace5,cc26669826dd6ecc,kept,Representative
g001142,esca/esca810.jpg,esca,vl_black_measles,e5dfaf6bbd7f3b6abe25d74c75f86e21e132816c17bbcb49d3a9c8e2f27c7e06,943c9ddaa248e8ee,kept,Representative
g001143,esca/esca811.jpg,esca,vl_black_measles,29fa2ce388a425978e22a530090e0368c34f5ac8ceddd17cd6454264da8ea323,8fdfb016da34a1b0,kept,Representative
g001144,esca/esca812.jpg,esca,vl_black_measles,0ed7f8ea2a14abdbcdaaff6f73d73359bed08dab1ae8a9cefe4d30a31c4bc9e8,f567e99a78021e98,kept,Representative
g001145,esca/esca813.jpg,esca,vl_black_measles,10b883d4937e9204a660235d736ce3515c76f37e797feaa327423975932a36f0,b1b5d73d2182ac4e,kept,Representative
g001146,esca/esca814.jpg,esca,vl_black_measles,85e3341ca5a3478235be297d9a74c795eff9c38adb064ee5817e506fe5921137,e14463cbf876c613,kept,Representative
g001147,esca/esca815.jpg,esca,vl_black_measles,675d43015051f7d4bb18261450ff6e08660d1c5d161327ee2b58011b24458d12,9d9599066cc8bd9c,kept,Representative
g001148,esca/esca816.jpg,esca,vl_black_measles,48053e6e3cd9d02c506dcc9b6116d8f6dd63a6452ae62729a80e54afa69e0cea,ac60493f44b973da,kept,Representative
g001149,esca/esca817.jpg,esca,vl_black_measles,50f07149c7bbe2dd2adb89b9d35b6da4cc6ac37bf1325a23ce0e3b7c6e5971c8,ebe1082ffef0230a,kept,Representative
g001150,esca/esca818.jpg,esca,vl_black_measles,7ab6a729a2169409ccc9a124261f8d1350015bb751145fe455a2595764f24264,9cb4b5158596b89e,kept,Representative
g001151,esca/esca819.jpg,esca,vl_black_measles,9ead16bc665314e238dd0227ff317575ca2a525cbd375f74e57aade16b942c73,b2b2254bb070f64f,kept,Representative
g001152,esca/esca820.jpg,esca,vl_black_measles,d5ff3796597fb632274679725e2cef9cf96546a933d50d5591c6061c78c78da6,83b84e63bbe9468a,kept,Representative
g001153,esca/esca821.jpg,esca,vl_black_measles,4ff81dedb9aa00b234549970a00a7ebcda87ce28dec70835e177ae4852ff5aa5,bc570e08c3ef0a97,kept,Representative
g001154,esca/esca822.jpg,esca,vl_black_measles,0ec4524c99ed02d3baf869b6c96f5328b05b3ab93cfecd39909cedf75d3f1d0c,ab3bc8a9ab983156,kept,Representative
g001155,esca/esca823.jpg,esca,vl_black_measles,9364df142a4854b808e6aaf949d460f47117e7e16888fb27b5ae554af747221a,ce4640e3d77b4a1c,kept,Representative
g001156,esca/esca824.jpg,esca,vl_black_measles,20dff1ba65b3c8b82376894e5cacd9c2ba6bdf349ab0f80705c259efd4473326,86e5c96be6746238,kept,Representative
g001157,esca/esca825.jpg,esca,vl_black_measles,2541ad08b7a421178484676d5788bdf481000c1dd296d792ab247cc011cae858,e1bb3a464e2c9999,kept,Representative
g001158,esca/esca826.jpg,esca,vl_black_measles,41bd567e30845d775f9199ae35a32ce4751fb787b54ba27044384541121ee333,8dcde0149696f593,kept,Representative
g001159,esca/esca827.jpg,esca,vl_black_measles,5d6df2b076e37a91b164f08c1922138f963866339464f9292e90d64cb1bb2727,8f6d1994aa4a58db,kept,Representative
g001160,esca/esca828.jpg,esca,vl_black_measles,1296faa7f58370f5f9e2d9a809e85c250ffba71136a94df58b32f213eb8d0085,94bef2749ce482e2,kept,Representative
g001161,esca/esca829.jpg,esca,vl_black_measles,d069bf9d407b07edf74d0f8d8c6af42286470bc15746bbc34026339aad405573,f239edf9482e08e4,kept,Representative
g001162,esca/esca830.jpg,esca,vl_black_measles,88a4fbbede20ce5a52a417bc94fcb61d925bc271fa187f95b65940117b682f39,d1301b62ddd8e87c,kept,Representative
g001163,esca/esca831.jpg,esca,vl_black_measles,f01107688b8c5d9988bf7252a02a0f5143eb1ea47240aff9fc9a11c3a126e0bb,e6841d4de7070f59,kept,Representative
g001164,esca/esca832.jpg,esca,vl_black_measles,08c9e5c1fe8e896899688d7b118c3f2b2f51e2e60618c9e4bcab9ab6a08a5f14,d55a6d6c92aa5447,kept,Representative
g001165,esca/esca833.jpg,esca,vl_black_measles,1ab19c9505911864a58293460d76707246839dcba49b07ea61f8ac310878e1cf,d15c6b7ac8ed1093,kept,Representative
g001166,esca/esca834.jpg,esca,vl_black_measles,56abd70af5d1077e54f0ec6d87b83a7763a95b4284c646359965266f8591a511,aaa2acb4b6b1e43a,kept,Representative
g001167,esca/esca835.jpg,esca,vl_black_measles,5d999edf58872ff15166f8b74416f508f87026adf730d523530a94f25a235cda,e962071355e9aa8f,kept,Representative
g001168,esca/esca836.jpg,esca,vl_black_measles,f0ef3f92beda39e6169d9e9a59fc5ef46e7cb57b217b1b7f92c686bff8799629,c9c42999e49f1ad6,kept,Representative
g001169,esca/esca837.jpg,esca,vl_black_measles,8c63ff657bb0862c31cfe8a3e7e6e2573c21374df944550fa3bec2e80278ee6e,8f190cc9678ef217,kept,Representative
g001170,esca/esca838.jpg,esca,vl_black_measles,0317f493795f11677026815280d7de66a754bb48fae2f0495bad72263fa4c778,c9853e0ef79b4434,kept,Representative
g001171,esca/esca839.jpg,esca,vl_black_measles,0a0f258bcaa7c2d344a1bbbe49086eae983ca34025f602d5ca6a29b4e05bcc71,ee879711105dc8cf,kept,Representative
g001172,esca/esca840.jpg,esca,vl_black_measles,704b4514a52cb0d5dc871624c900db51884101b1b8e6b80ffe039e5bc1d64e49,c7b3056f9c9264e2,kept,Representative
g001173,esca/esca841.jpg,esca,vl_black_measles,4c7d62007495c192c393b2acdfb9e08870ae3bade2d39912b6d75c1b662e3d23,f096ccd19b15e711,kept,Representative
g001174,esca/esca842.jpg,esca,vl_black_measles,2d571332fd92e923777774f2ae850f45e59d3f4492bd9417940e1ac54c0d9edd,aeaaeaabe0d25145,kept,Representative
g001175,esca/esca843.jpg,esca,vl_black_measles,cbfb1a52b9789fc312712429dcc93fd233203087f1bd2661e3d8d95e72eb37a7,d4af1b32a4c91e59,kept,Representative
g001176,esca/esca844.jpg,esca,vl_black_measles,ea28aa0c0e0c89796211fe477ebabc56017f9c692ed099b9723550f99396fb54,cd9b1c9c90ae27ca,kept,Representative
g001177,esca/esca845.jpg,esca,vl_black_measles,ac5ee8decf95ea17f2b7b5a1e17c5b82918c0400f4e9b2923e16bf9b3df41e71,d02715ef527bc036,kept,Representative
g001178,esca/esca846.jpg,esca,vl_black_measles,036ec92f4e5c7eef7db9d7f5d80eaebf6605bc80e0a8b0db3541a4b93b251d33,f9c33c0c63ea0be1,kept,Representative
g001179,esca/esca847.jpg,esca,vl_black_measles,731866072967eb6d18d0e0abbec39aa032962aa34481ef4437e097ad7bebefa3,9312d0517b9f5f18,kept,Representative
g001180,esca/esca848.jpg,esca,vl_black_measles,5114d9e38222ae3b910537604f5216811b2ce342a81d17d61b445557073a4ef3,c395b9acc6ac31ca,kept,Representative
g001181,esca/esca849.jpg,esca,vl_black_measles,e6e8c7d532d7734313b02a27344375b32e3b3dec3269a68e92db9b8d1c6354fd,93f42c8bba836b68,kept,Representative
g001182,esca/esca850.jpg,esca,vl_black_measles,dd5f2b5572cb1838050a216c0d38cf53030a926bdf63f9921d9522f455fe19f6,d7186956379a22e3,kept,Representative
g001183,esca/esca851.jpg,esca,vl_black_measles,65016f46fd7b327cc22b8d5fe56c306ca5a708a9576b4f21f275ca8bce18496d,dca1a191091defec,kept,Representative
g001184,esca/esca852.jpg,esca,vl_black_measles,e8b2c80a3378f242981b91e201a427713cd7ed33ee239acb687375d61ac9a16d,85b52c937ddc12e8,kept,Representative
g001185,esca/esca853.jpg,esca,vl_black_measles,935dfbc899bb75b0baa5b043642bcb7009dae0a41b565ae707039342b562383e,d71507f4ba871136,kept,Representative
g001186,esca/esca854.jpg,esca,vl_black_measles,22495ec8488a7f8115c0803c586df5f3eae13c667b357bd62dbd2b98e0807d95,d52886d8ef02798f,kept,Representative
g001187,esca/esca855.jpg,esca,vl_black_measles,9710bb2db248bcae18984d34ffc67dd998f36775a6704668f919087b973af695,cce8ec7bb0618ba4,kept,Representative
g001188,esca/esca856.jpg,esca,vl_black_measles,55b353b2794a505ce09ca7b66c86241ce6321732cef1bf6010644d6decce9655,f82c2e9c7013e5b3,kept,Representative
g001189,esca/esca857.jpg,esca,vl_black_measles,d559c12ae7d9596b02b7619932641c25ba15d0c88695dcd36a726ed1d7494991,9c945b53f7242963,kept,Representative
g001190,esca/esca858.jpg,esca,vl_black_measles,bbb6fd15911294be8ed765cafcc83a614ff0d0f28251a75f23b188fe1b7e6c9c,d60958472d95e1ee,kept,Representative
g001191,esca/esca859.jpg,esca,vl_black_measles,3fd50d973ee4157253e3e8dc80ed1d446762e425b7fec96b51ba76b79db1171c,96a9685610e5ef1b,kept,Representative
g001192,esca/esca860.jpg,esca,vl_black_measles,8c060c397e81a8a4b6ae93257024f345e00f63e4770b2d73dc7f5d5e81331811,ff10abc28c54c4bd,kept,Representative
g001193,esca/esca861.jpg,esca,vl_black_measles,e8ff5a70471fe711458547917c6b8867e1f3c10b0c8f43967abb6ea986e7e41d,85878f9cba9d4872,kept,Representative
g001194,esca/esca862.jpg,esca,vl_black_measles,10835292a4e7be3f16a04bddc47878c0d62a5e4247e8533b2adfa3c6f29550aa,9b07807c5aacd2fa,kept,Representative
g001195,esca/esca863.jpg,esca,vl_black_measles,867bf1ce33936053f5a6ffad8e4e9c11b2111b183eec63118ff5759a3c16175d,8b9f347666685968,kept,Representative
g001196,esca/esca864.jpg,esca,vl_black_measles,1288dc4d48bddfcd8229bd11f3c0d5ae636efe188edaf226efbe01ae50234c1e,97a4c2838aabc9be,kept,Representative
g001197,esca/esca865.jpg,esca,vl_black_measles,77c8d8af6a4da5e1424b07390a313a732eea4ce3a67de01a633c00b5f12c1b93,f75a628718ec41dc,kept,Representative
g001198,esca/esca866.jpg,esca,vl_black_measles,0dcb794623240507974db3fe96f71994c1f6ddbff96cc6c134f704b62ffdbfcd,eccd724a789fc805,kept,Representative
g001199,esca/esca867.jpg,esca,vl_black_measles,a354faa261962629a561484705534f58a24c6ee260587684395c32e69a6048c2,c7633270f3d99425,kept,Representative
g001200,esca/esca868.jpg,esca,vl_black_measles,12d2e4074173d3391a5b2b63d0ff85dd82d5566db07c10d509bed2bd21fa00d8,e6969e96187c3931,kept,Representative
g001201,esca/esca869.jpg,esca,vl_black_measles,f4b22b494e2e50f15e5e2795d7e736039d4d21a22d3ccbe04a26f4b020f84377,ec037f301edc215e,kept,Representative
g001202,esca/esca870.jpg,esca,vl_black_measles,3fc4adc43783ad750da16153d45c074882dd308ed91a7b0c973b6296ee563640,d28bdd49c13d8655,kept,Representative
g001203,esca/esca871.jpg,esca,vl_black_measles,76f39b8885a33828f0524b979ac66658459d322f8d05ea531b16ef8ee3e3f7d5,e2343dce373b10d2,kept,Representative
g001204,esca/esca872.jpg,esca,vl_black_measles,cf12d63f4401fc4903a2ff745af475a488ba7ec8b436be44ee05dc97e4b6c15e,cc89cf318581ef66,kept,Representative
g001205,esca/esca873.jpg,esca,vl_black_measles,f0f82a57442a6d3d543f31bffeac4f6616f482001044920a74bede2c0912dacc,c7ad39526a25f390,kept,Representative
g001206,esca/esca874.jpg,esca,vl_black_measles,5b8ed603df00441a3939e87f15487c285018ad142bce98a82c21d4cf89851590,e389423097dff415,kept,Representative
g001207,esca/esca875.jpg,esca,vl_black_measles,3eef95c19a5645ab5f861e8d8c303c76c18d73d2f0214899131fe4cbb2acb7a1,ee250e5227b0dc5b,kept,Representative
g001208,esca/esca876.jpg,esca,vl_black_measles,e7fa889fbbb4e1d9c2e73eb24aaa19c6aa4ee63d7509e60f514840ff19ebf0df,d1f72e0302df3878,kept,Representative
g001209,esca/esca877.jpg,esca,vl_black_measles,4eb3af79ce46fe55e9096b35bf9a783981a63831f9e21f2c55f40371ce9c61d3,a4a9bcaaa1aba533,kept,Representative
g001210,esca/esca878.jpg,esca,vl_black_measles,0856535d67e58b9d016180e6ddad7c13d3fd43e699b69ffaad08879f0be7691a,8627d2f597102e73,kept,Representative
g001211,esca/esca879.jpg,esca,vl_black_measles,c810dbf1f0267d582691c58c3165535439350947b6a652b18deef9e54dac9bc5,ab339589b5af0694,kept,Representative
g001212,esca/esca880.jpg,esca,vl_black_measles,6b7b348479ff46241ecf75fbc86c1052195729a574f8600b3fe47f51abbf970d,fcce8eac41021f5b,kept,Representative
g001213,esca/esca881.jpg,esca,vl_black_measles,643fb6af4246357a8578def28d4305259a0f37c4d3020c081fb74bfa33454a71,b9392e84bd42e33c,kept,Representative
g001214,esca/esca882.jpg,esca,vl_black_measles,2b76bf5612882ae7720b9e11243e9738d599287c532f8fe69bd372c7a9d82637,e4e2ca9e98a551e9,kept,Representative
g001215,esca/esca883.jpg,esca,vl_black_measles,41ed2134d33f67eaded0e859f54557ee5a3544d4991b9fd21cad0ce834e9a102,e05fe99ea46815e1,kept,Representative
g001216,esca/esca884.jpg,esca,vl_black_measles,ab6a21f30c85f5ad40abeaf8b0481d71c8ac3d870022ea4a53a68d698d3cefa4,cf1b84c63de00b76,kept,Representative
g001217,esca/esca885.jpg,esca,vl_black_measles,0457ca9716c36fb1394e32b821c9a4d142e494cdb26894e37cdcb7a4c82c1297,818684ffba096e5d,kept,Representative
g001218,esca/esca886.jpg,esca,vl_black_measles,92807235dbacb41d35f6a02ceb2ee54ba4871d68d59c0c01b8007452dd44e77d,a665c733546f106d,kept,Representative
g001219,esca/esca887.jpg,esca,vl_black_measles,bb611086effe9d91ccad1b4948c7bec1a82fbacf200eb628e2ad7f8f83620833,e1be369f9ea58180,kept,Representative
g001220,esca/esca888.jpg,esca,vl_black_measles,56e791892bdb459f339b1e975fdbcc6af10271017ff85e3a55e7dc457a154cdb,e4d8b52b5ee88c8c,kept,Representative
g000333,healthy/healthy001.jpg,healthy,healthy_leaf,f68b6cb42fafdf1663329e5a34b4fdc479c753a6b9292315a2098d2ca8c42f02,989986f9234e4df1,label_conflict,"Multiple labels: healthy_leaf, vl_black_measles"
g001222,healthy/healthy002.jpg,healthy,healthy_leaf,8c36850cb3b80b45b78fb7a355faf3deb2ac11466759b9dd88ad388dc95b6921,dbb6784e26049b5c,kept,Representative
g001223,healthy/healthy003.jpg,healthy,healthy_leaf,201339cc7433fc07905b7683c2c4efecbdf8f3212e22e7cf05012cada1b1e80a,d4c24c1fb382963f,kept,Representative
g001224,healthy/healthy004.jpg,healthy,healthy_leaf,1947873166b8233c589c4f54e90cf9b9cfab453830ca94e55724c38098dc7e7f,c6e48c9b6906ebb4,kept,Representative
g001225,healthy/healthy005.jpg,healthy,healthy_leaf,92e4d253f6230c7a6d8214e4dfb2004354c3410c3caae77ecd801c9a029f8752,a8ead16d36731658,kept,Representative
g001226,healthy/healthy006.jpg,healthy,healthy_leaf,b34b56bf42a34b3cb0b440033ae0ec741728922f1cbc687393a56ca695fd51d3,e08b72a7c91b9f60,kept,Representative
g001227,healthy/healthy007.jpg,healthy,healthy_leaf,a1896f76de933227c0b70a598df29e159e14b397439468b1e15c265ac361df51,9a071d49fc1ca96d,kept,Representative
g001228,healthy/healthy008.jpg,healthy,healthy_leaf,3b4497388c07e24ffa4af50d3fb840d74311e0a31374c5b17218b5cad729d44b,9ce442710f7564e7,kept,Representative
g001229,healthy/healthy009.jpg,healthy,healthy_leaf,97a128213a566a9b217570238729398b57e5e4efa2bae824188999d718541ea0,b1cfc837d89684a3,kept,Representative
g001230,healthy/healthy010.jpg,healthy,healthy_leaf,1baed3758a728d060f5c9b16e13525eee570fad77dcdb391c1205c46d34e2e16,d0af34136a67ac69,kept,Representative
g001231,healthy/healthy011.jpg,healthy,healthy_leaf,a6467d8b32a5ed63266510b314f9674976973183a81d8288855346ea0a6ff0dc,f12b0dee46b1bcc0,kept,Representative
g001232,healthy/healthy012.jpg,healthy,healthy_leaf,d6881e080067c6f1d44304124eb57c173a07303eea03d4d98acecd653895f939,94ccc9f03f1c34c7,kept,Representative
g001233,healthy/healthy013.jpg,healthy,healthy_leaf,466eb42439be135d30512695dc93cff409fea4fbdf883cadec2a245bf7dfe695,f18d91e96d389b90,kept,Representative
g001234,healthy/healthy014.jpg,healthy,healthy_leaf,75e55e5d9ef6a524e9be5a16db2bf4d06737752317fd9dc5d8dbc1da92e7b31f,fc18238e4fdd8cc8,kept,Representative
g001235,healthy/healthy015.jpg,healthy,healthy_leaf,717c30b66d7ac2ce94ba1d53d9a39d20df11c32f5ce3dcd2627ff05f142aa930,8d8866ff2754c8a3,kept,Representative
g001236,healthy/healthy016.jpg,healthy,healthy_leaf,e80db192579857d4fc210f6b8f941897a9d257a456887d37fd12323d37c704f4,c7c738dc8c191b9a,kept,Representative
g001237,healthy/healthy017.jpg,healthy,healthy_leaf,dc4398d511525acaf91e12cd61faa80caf2963b0824d83363243a4ae4ebdbe75,d82763d83ce79298,kept,Representative
g001238,healthy/healthy018.jpg,healthy,healthy_leaf,12469fef0610bc72210c5ac760329ac73d4187199b8f62e27aec554abaa4ed3b,cddd8632209879de,kept,Representative
g001239,healthy/healthy019.jpg,healthy,healthy_leaf,bbedf87ac4e62f37a8e47b5a10a878a2c3393c7ed4bb47480de912513bd021fd,e3669135857b2267,kept,Representative
g001240,healthy/healthy020.jpg,healthy,healthy_leaf,564940199b44510e99639b7a063c295f9ef0b3a3fab681fdeb3df0fb900e8e57,939938c7871de4b8,kept,Representative
g001241,healthy/healthy021.jpg,healthy,healthy_leaf,21aec0cfdbe01324622956100db22b0b19e80a9ff2c445bbb633250f555b5255,b21437b614751ebc,kept,Representative
g001242,healthy/healthy022.jpg,healthy,healthy_leaf,6c4b6317ccf8a8007629b09a7554652146c7d84fe9c91327cd804e244955139f,9616998d321569bf,kept,Representative
g001243,healthy/healthy023.jpg,healthy,healthy_leaf,1505f81a05ed8dbf74f9a4dfc1b8b26c0e48e0c3b42afb37e71d8b38cc8c2321,b9e905343633f11e,kept,Representative
g001244,healthy/healthy024.jpg,healthy,healthy_leaf,98b147df7839e6b4ba8f2c9bf843ac81ed0e618f808a206396f1a83fea2258e7,a16ecc3e4c9bd234,kept,Representative
g001245,healthy/healthy025.jpg,healthy,healthy_leaf,778c02faa45494fd7f0753123cf9d57a25d2df6a9ef355e87221d5b96295c76e,c1b450aa79f2ec1b,kept,Representative
g001246,healthy/healthy026.jpg,healthy,healthy_leaf,5eb29e7d9e90b8af15de1759f6619eb8cc7ea14dce51ced57e553a107924cd2d,f5d054d212aa373e,kept,Representative
g001247,healthy/healthy027.jpg,healthy,healthy_leaf,19cb352bf2c18f997352bdff9b35b67d3d95aec63653eefa4238c038946f3a89,c27b9d32c646e782,kept,Representative
g001248,healthy/healthy028.jpg,healthy,healthy_leaf,ac6375a024a14633b265775c33f74c4771002211d40de1648fae9b61a19722ff,f899ccf09ce1b988,kept,Representative
g001249,healthy/healthy029.jpg,healthy,healthy_leaf,e608b22d66dcb8dec232afbd60153b11681644707c5b47a348c28222e9ae3901,b7429620cbc30bf7,kept,Representative
g001250,healthy/healthy030.jpg,healthy,healthy_leaf,744924b811f5f0f2b393e5945bbcc4fd60508ac0383158201f31e46fda7ad6e0,a5267853712e867e,kept,Representative
g001251,healthy/healthy031.jpg,healthy,healthy_leaf,a5c4c910e48200d7c76ce83857f5ec187ccb7a02feed356a5abc7b7eb01f288e,84d7fbc6ad1e8504,kept,Representative
g001252,healthy/healthy032.jpg,healthy,healthy_leaf,4fa96e524c8a1cca616adc747d43e4ed70226f620813c9f91aa345743dc7217b,e28b51709eaefc41,kept,Representative
g001253,healthy/healthy033.jpg,healthy,healthy_leaf,749689631181790bdb52d8fceee7caadc23d1dedc600a717e98d4e1af42b7269,c84d916f56e0ce99,kept,Representative
g001254,healthy/healthy034.jpg,healthy,healthy_leaf,9d5b45a9e7d458a164c8e77fbaec0f38165e9fbcb1904e040a3b0b18002f8d51,f14801c43fb735ad,kept,Representative
g001255,healthy/healthy035.jpg,healthy,healthy_leaf,1f815d212ccb73f3712d4323a0fc2860c5a0bb656d77ad6d832c7d88cba97518,d4d32bae731c421d,kept,Representative
g001256,healthy/healthy036.jpg,healthy,healthy_leaf,24adac0cf7523ca76370e85c99694f0db354b8bb6794c559d468ddb57cba51d5,d8393cb825633e1d,kept,Representative
g001257,healthy/healthy037.jpg,healthy,healthy_leaf,039bd65a6b9c5523c6a9ec3ab29731079240377a1638c77ac30f4ca626ed9d11,9453293ade43c4ed,kept,Representative
g001258,healthy/healthy038.jpg,healthy,healthy_leaf,f66dcaebcb4257ece17a0b009d99bb9612591fc11313d131cb7d49b8f7bb77c7,8fb5b081396c59d6,kept,Representative
g001259,healthy/healthy039.jpg,healthy,healthy_leaf,81536cbc4e91f249c64138ca02620fb3a5b1aa4ad7f259d56c0a8450c5757e11,e52c3a4843e3f716,kept,Representative
g001260,healthy/healthy040.jpg,healthy,healthy_leaf,e5513bfdae34401f40308fe7aba589dc51bb60f54677e382eae3dbe47780dcd8,8561e6defc0c02ee,kept,Representative
g001261,healthy/healthy041.jpg,healthy,healthy_leaf,2b53941f2947bb0ea4859b031b01e3231ad29b9763ec035d8ffb04be72e92f6d,b92ffb606220b84f,kept,Representative
g001262,healthy/healthy042.jpg,healthy,healthy_leaf,0f1d44c9a9d84451294ce714ede3631a46f3f097e9301f7691834f6cfdefc895,e095f6ca98e10ef8,kept,Representative
g001263,healthy/healthy043.jpg,healthy,healthy_leaf,d8e390e3d4b549edf1f8e26c288a8cb2b8aeed8ecced32b429f6844b2877cc25,94eb861db1cc3ba4,kept,Representative
g001264,healthy/healthy044.jpg,healthy,healthy_leaf,196b4aa6f7fdf5a283ce1927e43dd5b73a6ee3a7cd39837096ee333aa65866de,db249926cd1df10b,kept,Representative
g001265,healthy/healthy045.jpg,healthy,healthy_leaf,f2392fbefe00a1e117d5f86c50b7e52cb59c7838e8b620e5b679fb9a67819cfa,aa65575c682fa165,kept,Representative
g001266,healthy/healthy046.jpg,healthy,healthy_leaf,4fe9aeac5cf04abb4c2bc7dd635468fa6cf31c5b74ff4831be6211a20074b237,c1dd34ca54c2ca5f,kept,Representative
g001267,healthy/healthy047.jpg,healthy,healthy_leaf,c434d889d1abe0ece0efb15893b9c35a2c452ebf10d44ae14e507c01daa4c64c,c8c8f1723b66633c,kept,Representative
g001268,healthy/healthy048.jpg,healthy,healthy_leaf,0a0612be94c9e338b9b2d1ea04aa68506e665de19fe7be0f7a6abfb1570c7e9a,ef382ec4f99211b4,kept,Representative
g001269,healthy/healthy049.jpg,healthy,healthy_leaf,54e99bae9c993437b2a2c1e330e30ad5852d3269d5b4a73d0b06f513cbab890a,82885c7e9969b5e6,kept,Representative
g001270,healthy/healthy050.jpg,healthy,healthy_leaf,840f9c9063ef83790151996d9c48d5ecb824c03cb941c513723c5dbf190d635d,94b86cf11b2615af,kept,Representative
g001271,healthy/healthy051.jpg,healthy,healthy_leaf,5191639530b3f4748cced5704e9cd3847e84926abdb80105e5af78bd932d50d8,a1dbc6350a685cde,kept,Representative
g001272,healthy/healthy052.jpg,healthy,healthy_leaf,453414fd87b625240fe8120570990b1306cc3529ea6c6940ba254b3509668d18,9b8bf08fa46660b9,kept,Representative
g001273,healthy/healthy053.jpg,healthy,healthy_leaf,558342224644c8ae52051b1957259c0018fd8eefe432d0f65c305dd0661b9106,b47b7847b00cdcd2,kept,Representative
g001274,healthy/healthy054.jpg,healthy,healthy_leaf,516ac28c809622031f507919623c46c3d60462b2741fea6efd8023229c241952,bb5295b281794b65,kept,Representative
g001275,healthy/healthy055.jpg,healthy,healthy_leaf,95f00143da0461427dbb85da58aeae8f569d2dbb250fc5a597070632c7ffa40d,9407e87715af35a8,kept,Representative
g001276,healthy/healthy056.jpg,healthy,healthy_leaf,d644a958f6c6370b6a706e4774ba07eb2fa7556b50faa6ceecfcded504d417a8,c15b842fe6336699,kept,Representative
g001277,healthy/healthy057.jpg,healthy,healthy_leaf,03c301cd4e3048b17b0a25a90eed5f35e4d15a41f741c0b28be815573d9b238e,bc73808b32ec0b5f,kept,Representative
g001278,healthy/healthy058.jpg,healthy,healthy_leaf,89211941d8cb57f379b9af9ef310d51e76fe7185eafb8d8903cd8ef6f378b527,c8d2f7b6270e9341,kept,Representative
g001279,healthy/healthy059.jpg,healthy,healthy_leaf,90f808b8bae910c80fceca0e03a73bf3bc06175b47c9fa9c4088d8a0c105c595,d63dadd510702fe0,kept,Representative
g001280,healthy/healthy060.jpg,healthy,healthy_leaf,4daa2c1400aa74d5ed2b6c119199813ab21eb891d29095622c56f7da30a9bd9a,98676763474e474c,kept,Representative
g001281,healthy/healthy061.jpg,healthy,healthy_leaf,01b1c85903ac86c6f25f223519b67333203579a0fe24ec866351e1ed1d269dfb,a16dee4f1240d9cd,kept,Representative
g001282,healthy/healthy062.jpg,healthy,healthy_leaf,80e6f2e0950b0bcba06e2e2e0f6af6040069f9383e3e3cc5f0df2a4036533e55,839ae4a172967c6e,kept,Representative
g001283,healthy/healthy063.jpg,healthy,healthy_leaf,317467159c41676448fe402e31d585d755630ed2a20467c6d6b58d90a0118768,d04ec9e11634fe78,kept,Representative
g001284,healthy/healthy064.jpg,healthy,healthy_leaf,08d870181c8c16a0955be78851f230e10e25f413233e391d083943bb552eb0c9,b40e156671b076cf,kept,Representative
g001285,healthy/healthy065.jpg,healthy,healthy_leaf,ff891246d6fbed6fa50708097d6a60538782e164b7b23457976fd1624efffc97,80193dd037fe443f,kept,Representative
g001286,healthy/healthy066.jpg,healthy,healthy_leaf,a56b048e4d1ce616c80727ffbb8dcab15164e858a899c10748cc2a9db9459da4,a6b78dc1c3705d49,kept,Representative
g001287,healthy/healthy067.jpg,healthy,healthy_leaf,8c1cb77ce107778fc56165e7027f5f5af9da0312897c98b350293499f51b9bc8,f71d19120ccc7cb9,kept,Representative
g001288,healthy/healthy068.jpg,healthy,healthy_leaf,0a98f46d57e55192de724f645ac754a2046f08bbd9d94a9230b4ccd7f8a2c9c7,a1fab30e6b29893c,kept,Representative
g001289,healthy/healthy069.jpg,healthy,healthy_leaf,aa0c2c4054265364b6ccdb3617021254e822fdc921b1b6b24a6a995941eaf185,e6391b581a2f2f1c,kept,Representative
g001290,healthy/healthy070.jpg,healthy,healthy_leaf,fa9f674202436407aa7eb8856c6318e4b869e2036125fcb68324b1bd4aee59d7,914bd4861f721fb8,kept,Representative
g001291,healthy/healthy071.jpg,healthy,healthy_leaf,712426bd022b14bb39a6d79705194afdf4fa83662cf6c37ac8de7aa3951bfab1,fe3317d6b55052c0,kept,Representative
g001292,healthy/healthy072.jpg,healthy,healthy_leaf,09a3714e38d70ee45ce82af70516b586757339b5d32d4c1ea164fa6653b25953,bb7cc8a98869b31a,kept,Representative
g001293,healthy/healthy073.jpg,healthy,healthy_leaf,06386bcf1f14e43d11f53309d30c133a65f19f329dd6e0332d3005a182b10147,cf91bffe9404448a,kept,Representative
g001294,healthy/healthy074.jpg,healthy,healthy_leaf,abbfe1103ea5bf7f50eef685baf8f7bd14926222d6448d1848fb238d351af2d1,fb0c57a238e039d3,kept,Representative
g001295,healthy/healthy075.jpg,healthy,healthy_leaf,0c222134b8ac7796be96974ef22f39bf59bb3a5080ddb98d1176732293e62c68,f5e224edd0ba1926,kept,Representative
g001296,healthy/healthy076.jpg,healthy,healthy_leaf,59d29050ac7674de43fb0bc01f0181c8ff1701cbf75a1179c8f4f1ed859efae6,b1b44148b13f75b9,kept,Representative
g001297,healthy/healthy077.jpg,healthy,healthy_leaf,53759f9349384d9e2dbef664e672f0a8641cfbdbc8398e7ef253c8c4fffc9686,c8ccff3505ab2631,kept,Representative
g001298,healthy/healthy078.jpg,healthy,healthy_leaf,1f03f1e59b7780fc15bec20a7d2615936035f7290eab3e9d426e3ccea24c61cf,a9af4c628739b88d,kept,Representative
g001299,healthy/healthy079.jpg,healthy,healthy_leaf,e7716d87c92627cdb3ac93123bcec77fceb77a4b9220b3c12a9dc3f82ac44baf,c0c996d9e5caed30,kept,Representative
g001300,healthy/healthy080.jpg,healthy,healthy_leaf,4ca487515c0c20cc4c5cfd0327d568d4b6541e7e7d3c09cff1cc5c4926297eb0,9fdc6305eb2b7804,kept,Representative
g001301,healthy/healthy081.jpg,healthy,healthy_leaf,03f52692baa747b999256004cf300de3a099255ac63231614c3adfbe5ff73c02,a4c56a77173c0d1d,kept,Representative
g001302,healthy/healthy082.jpg,healthy,healthy_leaf,b41f8e3759a922fade7a3204641cacd9b722ffc050a72af92432f277001e611c,e3dcb02b5f515ac0,kept,Representative
g001303,healthy/healthy083.jpg,healthy,healthy_leaf,32ab213cee03a9e604ab54b760317ef240619b328fba1453e206675362f7e397,d0f22d4b9a36878b,kept,Representative
g001304,healthy/healthy084.jpg,healthy,healthy_leaf,0f41fe5515d7c6ea20f7e9f8680a3c45673a5f455b3d71d98886cec324019a94,bcb05117e6234b8f,kept,Representative
g001305,healthy/healthy085.jpg,healthy,healthy_leaf,50b4fe98a746963c80d485924e47ae6b13f140592a47aa2659b57e39a7c7d63f,dbb5ec0b812199f8,kept,Representative
g001306,healthy/healthy086.jpg,healthy,healthy_leaf,4d443aaca69738f95608a5f71c8647e6f3a719c861f2e9c8d423a01db6d27e52,9ba45cc833276fc1,kept,Representative
g001307,healthy/healthy087.jpg,healthy,healthy_leaf,f9220c54e2581d7603619c9aee72904c220d802d301cbdec77bd0325b6a95234,b940b13d9eae8693,kept,Representative
g001308,healthy/healthy088.jpg,healthy,healthy_leaf,48a43cbe76367fd2a6a5af30f17731209c3f26b24ba55dd30bc5b25b3528ba7d,aaafe444beb20ec8,kept,Representative
g001309,healthy/healthy089.jpg,healthy,healthy_leaf,c7b08b5d8e2ab4f76a8b84ea365850267a75eb5c18a2d81e2adc1f757b5d72e0,ac84ecd09ac7e0f3,kept,Representative
g001310,healthy/healthy090.jpg,healthy,healthy_leaf,b9af42b7b5c21c5edac96278a78c07e0f8071427313d42b2688bf189cd484013,f9b7019af449c4c5,kept,Representative
g001311,healthy/healthy091.jpg,healthy,healthy_leaf,cd562f8b66644970e1c8f8078d68f2942ba6b7125b77bcbcd3b0785a792df155,dd32584d61b21d76,kept,Representative
g001312,healthy/healthy092.jpg,healthy,healthy_leaf,5ca289f36a8bd9ddd6372b88644ca29d22cc9ddbb4fe157acc4d7c04945719c2,844745b09a3ab7e7,kept,Representative
g001313,healthy/healthy093.jpg,healthy,healthy_leaf,d5e327db3ebb6e34b8c7a892978b1b628572834c181ce2dd6d7ba24c7077636a,c8ad349a6997621f,kept,Representative
g001314,healthy/healthy094.jpg,healthy,healthy_leaf,2af440bb0688e6e805f87443b248fd5f5aa94e56f7c1480c62dffc4b456cef26,f4216acdcbdc2a16,kept,Representative
g001315,healthy/healthy095.jpg,healthy,healthy_leaf,8d76ceba8d8e75e91f50a91267edc18961d8777efd2fdabc444d93fb55af1412,b8d967b7c4e49508,kept,Representative
g001316,healthy/healthy096.jpg,healthy,healthy_leaf,3d864c7b1a36377089baf32babbc592c7637d607be27584b1f1ab15e1a165577,cf922421c9fe358d,kept,Representative
g001317,healthy/healthy097.jpg,healthy,healthy_leaf,87c9975a4b252842516975e7d0ae5b196f938c7c878715a68478370211f9dcd5,bb4adc907a93303d,kept,Representative
g001318,healthy/healthy098.jpg,healthy,healthy_leaf,e2b04fe598ad2873317b02fdacc452baf34e328ed0c6dc5521f71e9b526eaaeb,ac01957d1de3c8da,kept,Representative
g001319,healthy/healthy099.jpg,healthy,healthy_leaf,e32733a3cdb5bcda395b49a5df1d3d70e17007a306dc20756e909d8d8a2eb499,a1f8ace63e41b1a3,kept,Representative
g001320,healthy/healthy100.jpg,healthy,healthy_leaf,eec0b7d54c851a3666ba00d3078cfb710878a75f4f738767f23a63ca3555024e,e96c83a9c8c5da5a,kept,Representative
g001321,healthy/healthy1000.jpg,healthy,healthy_leaf,809bc3c79204edad9dbc05cf0c80dde1e18a71051b78140a9c57719ca9479e51,847a3be2dce4891b,kept,Representative
g001322,healthy/healthy1001.jpg,healthy,healthy_leaf,78dc0dba3ecfb02f2fdeecc191edfad89ace129b6af1473a962831b195fd822b,a628b28f2d58bd69,kept,Representative
g001323,healthy/healthy1002.jpg,healthy,healthy_leaf,7969259c910f1eb791f6ef9732beaf8ec76640d0571175432bab27070dfab134,f46a938e28ec3e85,kept,Representative
g001324,healthy/healthy1003.jpg,healthy,healthy_leaf,d5de472f17110f180fc9ba130ccee1091408ddd554cd128df459303e93142c9b,f3292c00f2ae7bf0,kept,Representative
g001325,healthy/healthy1004.jpg,healthy,healthy_leaf,125e8b205717add243d1a115e8d21ee5d1e2b0621298f07e0ab2de94b6641adf,ae68a087cf709bd2,kept,Representative
g001326,healthy/healthy1005.jpg,healthy,healthy_leaf,a304083d31e99780963df5887444b1fa405bb50755982adc6b92c12815067783,b76d6c264446e953,kept,Representative
g001327,healthy/healthy1006.jpg,healthy,healthy_leaf,3658547e26341779e008d35eff98e371402be69778e46a59f19feb336a5b2300,b6c4bb36ac5b2223,kept,Representative
g001328,healthy/healthy1007.jpg,healthy,healthy_leaf,324e5ffbdd1223e66d90f849381eda5a034ccb04bf778efd0b42977d88c99ebc,f46a48493ce5e393,kept,Representative
g001329,healthy/healthy1008.jpg,healthy,healthy_leaf,b82a33203734caaf08478a84d168c5e8c0fdf30140f027ddfe0583c4858e875e,fbe52a206659c4b6,kept,Representative
g001330,healthy/healthy1009.jpg,healthy,healthy_leaf,c59a6fb88436e10aed5b60cd8d03ec44b3344af16a6c8a57adbc83f9830babcf,94b3683f2ac6d872,kept,Representative
g001331,healthy/healthy101.jpg,healthy,healthy_leaf,ff7e2ba436c30592a9ed4708625f80520197b1123a3d1447085c29ea99a8f60f,9e34f8dfd9356002,kept,Representative
g001332,healthy/healthy1010.jpg,healthy,healthy_leaf,5573416ec5fa195c9ddd497f540b09a478a49dde93900fbe7eeb0f247b7e5bb9,c7a63b25311f14e3,kept,Representative
g001333,healthy/healthy1011.jpg,healthy,healthy_leaf,2db187c61bc5f1613c005d82bfffb5f7bd4d2483a45028e4fdc57ca36366ef25,844feefa028ab1cb,kept,Representative
g001334,healthy/healthy1012.jpg,healthy,healthy_leaf,11fd5e89ba5f17333b1f4c16e20591bde109634f433564ee1984c71ed67b0506,dec4aae84dea510d,kept,Representative
g001335,healthy/healthy1013.jpg,healthy,healthy_leaf,263d9c72408318271309e5ecca17be1f1736a08c3f0f23924755914ba8aeb644,a9b3d4d2129dc749,kept,Representative
g001336,healthy/healthy1014.jpg,healthy,healthy_leaf,bab258354e730c6a09fbe74d555b16bd271f53c309d5e15b6355e023f3248acd,ead8148ec3a16fb1,kept,Representative
g001337,healthy/healthy1015.jpg,healthy,healthy_leaf,ab7885f816f5498adbb127abb8fcbef0e8963497519e2eb9d842a7c8d3acd751,b49c66525b6333e2,kept,Representative
g001338,healthy/healthy1016.jpg,healthy,healthy_leaf,b5735fb4d15ee8444649d53c75f1ba3dade59966109e91be4bafc476e1dc6076,d15e6949cfa584cc,kept,Representative
g001339,healthy/healthy1017.jpg,healthy,healthy_leaf,5c9a36c2472fb6ca938296be7a27f01b8f012b37eeb7c5ffbbb37d5dee28c432,b92d2656f5003cf3,kept,Representative
g001340,healthy/healthy1018.jpg,healthy,healthy_leaf,22366c19779e68aaba64820f78d36c8deada79e05aae55c399a8508bdc28d650,b96e5e912117f28c,kept,Representative
g001341,healthy/healthy1019.jpg,healthy,healthy_leaf,59518e9ca9d18cb7a06a99c632c96e8f0d732be3044d0c7a18d2a682d0a3a5ff,8d4c14f24219ff8f,kept,Representative
g001342,healthy/healthy102.jpg,healthy,healthy_leaf,134a68ea860d248e6447021925623e1fb710f11a2e98c05f747f0972b479b7c2,e03bafd9734284e1,kept,Representative
g001343,healthy/healthy1020.jpg,healthy,healthy_leaf,fa5987daf5b9e5978b3ae6f8b2fd548e711cdf4ed6283a1670e9790d80528be7,ad173a5652ed21cc,kept,Representative
g001344,healthy/healthy1021.jpg,healthy,healthy_leaf,caca493f650292ea8afecfa82f0e3a4d270128c642898f39682dbb2d94b30178,a64fc81bfcd102d3,kept,Representative
g001345,healthy/healthy1022.jpg,healthy,healthy_leaf,f8545520e1a87c15c029ca3a7080f582506a39b47d8815360c7330630b256825,8e6ced406bb532aa,kept,Representative
g001346,healthy/healthy1023.jpg,healthy,healthy_leaf,7f31afc80243c27ca78cdd1dcc389045996f841b581862d54a4ca1977464c019,82f19294bcdea03f,kept,Representative
g001347,healthy/healthy1024.jpg,healthy,healthy_leaf,49c49f58f62e4fd7062194b4d8cf19a5e55ddb6c3b9bb70c2a0fc5df62250004,dd98ed6084371c3d,kept,Representative
g001348,healthy/healthy1025.jpg,healthy,healthy_leaf,eb9ad12a36099d757118ed32cb19d9ac782aa23238b7a24e91f7c8164fc9c569,b6c80ff2a08f3972,kept,Representative
g001349,healthy/healthy1026.jpg,healthy,healthy_leaf,d207eb0c28f51f3fe80b9dcf0aceb29840358328a66dc82fb7c2463429911eb7,8370c2c70ccb2fbd,kept,Representative
g001350,healthy/healthy1027.jpg,healthy,healthy_leaf,3c76a90b4a5fb16655281c72d4a57bad957530428befa76ce40531c50cea5679,dac0abf12503ebc9,kept,Representative
g001351,healthy/healthy1028.jpg,healthy,healthy_leaf,ed4aa164dbfbe64c5798ac6972f24e3627661e0e698a5eb68a388369842e3bd9,830d3e9425be7857,kept,Representative
g001352,healthy/healthy1029.jpg,healthy,healthy_leaf,d94446c4d93c265909b763e8a1546251ee47163ad176fca0d21b7e0f251981c5,db4b4f958e5a50a4,kept,Representative
g001353,healthy/healthy103.jpg,healthy,healthy_leaf,adfa4166d981208fc69335d5fcae9a4e5c7f51bb16714c705ac862250109c8d2,b066c9a739db640e,kept,Representative
g001354,healthy/healthy1030.jpg,healthy,healthy_leaf,107e4c673c551ddbd0daa2c17c7a5c00c7c0e742166b53f050b53f4befb5b0a4,c283703c93ece763,kept,Representative
g001355,healthy/healthy1031.jpg,healthy,healthy_leaf,afb6ed2450a4c7a90c8005797dddc89fbc7ac1022662a78f92b2e80a2b86ae6f,90a3b71c5bc705cb,kept,Representative
g001356,healthy/healthy1032.jpg,healthy,healthy_leaf,03f2f420f2745c37b24851eafadcec24e308ad260cf17171c483051b5a8ad97f,eee436685508b576,kept,Representative
g001357,healthy/healthy1033.jpg,healthy,healthy_leaf,f7ef8c0ce7b196565514443bf677474af9f6fd5cc5e09f9dd2c30ec6fb026b41,9e0021da73b4a6ef,kept,Representative
g001358,healthy/healthy1034.jpg,healthy,healthy_leaf,90be4e6b23dff65be5f8665521dfa13d8e63535912f829a470da38453bed8c54,c6064a7f9f369059,kept,Representative
g001359,healthy/healthy1035.jpg,healthy,healthy_leaf,ff47544d685d4e6b822a62ea9f2fd3b540aa2099f5baf27ed8e91ff9e2b69c40,c06c73ad2b88af3c,kept,Representative
g001360,healthy/healthy1036.jpg,healthy,healthy_leaf,8a6d88e3fb149b5bd124dff2746be8bcbdd084a5945d2b291232ff379365e49b,9d9230cb36a446df,kept,Representative
g001361,healthy/healthy1037.jpg,healthy,healthy_leaf,37b0579d9e6fc6ccec5804d8a6b78d30cf340eea93a4cb2643535c042f3b4956,9d7841566ccff882,kept,Representative
g001362,healthy/healthy1038.jpg,healthy,healthy_leaf,ee306a83d56260b1f18e5265cf887073d77d720fb779a11dce4edf29ebfee031,f13d62a1e46a46f8,kept,Representative
g001363,healthy/healthy1039.jpg,healthy,healthy_leaf,e8c3cd1358e05c2576e18bf6314acb3e1e0aa272ec7bea09f350cf79e076b419,8355bdfe13893c06,kept,Representative
g001364,healthy/healthy104.jpg,healthy,healthy_leaf,ffdfeb803468d1c97556972e16ded620641c65995901ff1b9ce3d82fb37ace07,bb866641bb7681aa,kept,Representative
g001365,healthy/healthy1040.jpg,healthy,healthy_leaf,8015fe83c0d041580f594bdcf2ea22a9cb3079f8304fb3eb821c5fc73f1105fc,f403063fe94df0f0,kept,Representative
g001366,healthy/healthy1041.jpg,healthy,healthy_leaf,0cd0f3a6a3266d2aebe18337f64e3ee0004c2682d287d4998304188351919866,b8d8730798a5923f,kept,Representative
g001367,healthy/healthy1042.jpg,healthy,healthy_leaf,93fe97b86433a51b76e35967de7426f14438be6af97367b2334712e0bae29e7e,eca672898ff821aa,kept,Representative
g001368,healthy/healthy1043.jpg,healthy,healthy_leaf,109a2818de498ffe9803f8f458f48ab817e868cc1dce947b58686857809dd43a,aaa9d6587db44c16,kept,Representative
g001369,healthy/healthy1044.jpg,healthy,healthy_leaf,be7860a997dbb35a228546cd2dffe35d5c4db0652ed0a606f8651811ec59b12a,cea313873b37e448,kept,Representative
g001370,healthy/healthy1045.jpg,healthy,healthy_leaf,46e3327d9e0b9ce4236d4182b6c205391da7057e1697274180d7a0c7a6b51a42,b0075e364e75b22e,kept,Representative
g001371,healthy/healthy1046.jpg,healthy,healthy_leaf,c19948bf58f45b09c6f2cb8518b6993ef176d56394e242437dc28d7b94f452bf,f3488c3bf9071f18,kept,Representative
g001372,healthy/healthy1047.jpg,healthy,healthy_leaf,a246d970bf6e54b71b9313a3617c3bb1318f111206126e9c220ae7dfca7b8331,d0a66dd6fc1e013a,kept,Representative
g001373,healthy/healthy1048.jpg,healthy,healthy_leaf,2f38a2e91b3dc8023ba38cdc42c156ed9fcb439d7f31fdbb3d213a21b75dae87,bbdd068bd53cc4a0,kept,Representative
g001374,healthy/healthy1049.jpg,healthy,healthy_leaf,e64381000f45192c631ad9a9509f93c4034036a9272ffb6e8aacaffcb8a9e655,f8e41e3ac60395b5,kept,Representative
g001375,healthy/healthy105.jpg,healthy,healthy_leaf,cebc3a182989d64652874681f885a10bcabb2e5f9d8ca4c5347274094360dede,8c493e0db9b2f307,kept,Representative
g001376,healthy/healthy1050.jpg,healthy,healthy_leaf,96298ca2e448b4d041e962ca04dc7a3e7fd5c15a2527f0d9866c47e745cd6f35,f2356848ad687dac,kept,Representative
g001377,healthy/healthy1051.jpg,healthy,healthy_leaf,86040e556337b5964643c4d14784b4d6e416f847a459d5b0b8dc827379d1d8ce,b1b0c4bdcd5e0ba2,kept,Representative
g001378,healthy/healthy1052.jpg,healthy,healthy_leaf,0254b636f6c3aeec4d23b473ff20351abf62cf3b7fefebac3ff1d9426dbb1683,afc095bd9a323b88,kept,Representative
g001379,healthy/healthy1053.jpg,healthy,healthy_leaf,066d759ad2f17ae78de1886cf7b6a69c926509e20f83e1970b70990551495b94,aba7b4021c0b7bce,kept,Representative
g001380,healthy/healthy1054.jpg,healthy,healthy_leaf,5959ab180f967487a066f3f9efefa83f2be2bdd81189ac6d99418caf1c55b02f,bf2f60259099655b,kept,Representative
g001381,healthy/healthy1055.jpg,healthy,healthy_leaf,3df6a303ad5bd89e856c2fa4a95403edb1ecbc825a6fdb685e7a7b018d1d7c4a,90327cbd1f83a9b8,kept,Representative
g001382,healthy/healthy1056.jpg,healthy,healthy_leaf,1942bf7f999dca7aa772e3385faec4d3eb67333408dc6f6a2fbaf7740ef64f62,de214339d9a87696,kept,Representative
g001383,healthy/healthy1057.jpg,healthy,healthy_leaf,d38d3c8c0bee1bc8f053b60d2cb894b2a1da049a32232bb4916d2b52c8e36fdf,d003b426f7759c66,kept,Representative
g001384,healthy/healthy1058.jpg,healthy,healthy_leaf,2d12e0f2e07c29c0e136db4a812efc0e147048fbf7f146063f2751350ae71199,c1b4266ad9678d1b,kept,Representative
g001385,healthy/healthy1059.jpg,healthy,healthy_leaf,570302d9a4682a04da2a1ad807ac830eaef81aedcd594b650d73978eca4c1ca7,e09c4033ff68dc8b,kept,Representative
g001386,healthy/healthy106.jpg,healthy,healthy_leaf,ebda53d718f52b20c1a017626a0fa422d52c0c74e7d5943d0947479190179b11,d19c5b1ba90f8758,kept,Representative
g001387,healthy/healthy1060.jpg,healthy,healthy_leaf,f3c49413a4ce46f3f81556ddec64c227737a1c7f8fb1e35e1a309b8b8607fccb,b735ac6101705ed7,kept,Representative
g001388,healthy/healthy1061.jpg,healthy,healthy_leaf,3e87c01f32505f753739ba5532c752383eafddea89691014850b83661951c50c,8566a1e3ce9a3e49,kept,Representative
g001389,healthy/healthy1062.jpg,healthy,healthy_leaf,c33fa804d9d81d00fa6e68334d18fabe013b35d6749fd987867bb5c0e46ac3df,abea6eca68318867,kept,Representative
g001390,healthy/healthy1063.jpg,healthy,healthy_leaf,996bd76834509fb842117dcc9ca763c046217f80d159baca2981f28f38408485,ec17861b39cfc846,kept,Representative
g001391,healthy/healthy1064.jpg,healthy,healthy_leaf,f8f90879051f288504bcfda47806e32dfa8865990f457f87dbbbf562b4e8cd71,869c98e8b7ad498e,kept,Representative
g001392,healthy/healthy1065.jpg,healthy,healthy_leaf,ff0893e53287a2a503390cee5b242adf679216104687f4e95ecd3d5c707716ae,8af4d7a265889676,kept,Representative
g001393,healthy/healthy1066.jpg,healthy,healthy_leaf,3c8d580d0db80818289d4a2d6ab5300380efd40f185b93622324298fe23162cd,9aa68fb90c8d41fa,kept,Representative
g001394,healthy/healthy1067.jpg,healthy,healthy_leaf,002b04fac407b3f23ab0de7f67ef458f48241e4ab0749ee5d3572f18dc61b662,d0116da7dc141bf3,kept,Representative
g001395,healthy/healthy1068.jpg,healthy,healthy_leaf,0f947a0cb163fc7bc1ab877de2fe47ba3f4d522963564d99cc27a9ea04397984,f8514748d83aad75,kept,Representative
g001396,healthy/healthy1069.jpg,healthy,healthy_leaf,a677def86563f2f933a44d814d3f5fe7ae6a52bdfebe7d014ae58c650acc009c,8d4d98bc5ec237d0,kept,Representative
g001397,healthy/healthy107.jpg,healthy,healthy_leaf,e0e8d664d82e6d1e1b8df5988e8c9ebeea1655a5f9f9a351895be122a8dc8d7c,cad7000769be36d3,kept,Representative
g001398,healthy/healthy1070.jpg,healthy,healthy_leaf,adbc81cc12461f1c8d60cb2ef06c4b46d16278d9d7046ce47e2e3db6667f3b16,bc32a59cf06ed528,kept,Representative
g001399,healthy/healthy1071.jpg,healthy,healthy_leaf,2692b74c945baf539d67659bdfbb87fd36d1ae34b474022041167aa352fd014d,c34665c591352e7e,kept,Representative
g001400,healthy/healthy1072.jpg,healthy,healthy_leaf,c6df29ad3d8241e57d0eb60fec3ea352dcd7b4551c12df0dd5ae23a9800d040e,974b049c95bf1bb0,kept,Representative
g001401,healthy/healthy1073.jpg,healthy,healthy_leaf,e037b0c1a0f4fd0664ec2b7c155d9eed6fc52bc4dea2c4349757d422ad799775,f745369fa2172838,kept,Representative
g001402,healthy/healthy1074.jpg,healthy,healthy_leaf,b8389568bd3861e8e9fab3f9f65553ee831be808ac2d123eec96dd442eddc041,98c2f146fd92a6a6,kept,Representative
g001403,healthy/healthy1075.jpg,healthy,healthy_leaf,6e32974ac184b6b6290f114835519a911bf80e58a2ea23d1634857ca429d2892,b136666a7b1a8627,kept,Representative
g001404,healthy/healthy1076.jpg,healthy,healthy_leaf,ee8a9c41d8dbdf21243877c43c0f4c43f42a608b785a7c71423bb6c6e42422e4,e64386fa65047f1c,kept,Representative
g001405,healthy/healthy1077.jpg,healthy,healthy_leaf,9ef1bd447e9b14380a693801e42d7bbdbb2dc575443c9b6d5d2d11f6654484f4,f8829edd07d17509,kept,Representative
g001406,healthy/healthy1078.jpg,healthy,healthy_leaf,117b02ed94a1255feee8c5ea211491f602d9e945d0033f4fb6ba9b2717175204,8d77d10ca7275358,kept,Representative
g001407,healthy/healthy1079.jpg,healthy,healthy_leaf,971b6a4424f6d231cedbd4ebd67e2993a8044790ebe6a0d5d1095107343b91da,e727501a399e35c6,kept,Representative
g001408,healthy/healthy108.jpg,healthy,healthy_leaf,1bab063eb352620de445040c72fc06a6b54292990b250c5f843892ff5fb0fd35,c549761218f4ede6,kept,Representative
g001409,healthy/healthy1080.jpg,healthy,healthy_leaf,e9e7d552e5f15f516a5264e5f15a59b6244a6688ef31e126cad831b4da48165e,9cbec51ad2ec6b01,kept,Representative
g001410,healthy/healthy1081.jpg,healthy,healthy_leaf,50df7d66a918cc4b2582fd5a08e5a30a2db62c3832f4f1dec8261724c6ccdf30,9ad0f2d3282caf1b,kept,Representative
g001411,healthy/healthy1082.jpg,healthy,healthy_leaf,49ed7db8c5c6ad09f3380fdd2111caf16a9b08a53bb803e252c7f16fd88a3365,f04b81c6bf5c5623,kept,Representative
g001412,healthy/healthy1083.jpg,healthy,healthy_leaf,d902553325b1e73ac47ec8065bad46cb39b15dfe44619b6f14721f392ad4747f,c73e24bc1cd02f0f,kept,Representative
g001413,healthy/healthy1084.jpg,healthy,healthy_leaf,443d7892a0c70cf561ed0f2e8a64d64bff823b4fc49352169e1830eafc5cb9c6,a8d6028c599ff665,kept,Representative
g001414,healthy/healthy1085.jpg,healthy,healthy_leaf,5b2f638f72e9cbe288171e0be91fa85ebfba331bac4fbd186f1802c42613f4dc,976b4a878ab46b70,kept,Representative
g001415,healthy/healthy1086.jpg,healthy,healthy_leaf,39d5cdf71afa5a61b8064b0c397b7f6dcec0a302296a79fb63a1128cd3b926a3,e6197dce1a7a1486,kept,Representative
g001416,healthy/healthy1087.jpg,healthy,healthy_leaf,f36572976ee336b36e12ae745065eabb029491118f004c7ff3f0b715f00c3d34,c2e989332e7d324e,kept,Representative
g001417,healthy/healthy1088.jpg,healthy,healthy_leaf,b663ad63b9f872a707adc094ec2ad01262acf708ff583b8a6092e5ac0ab4c829,b95e484904fcfc8e,kept,Representative
g001418,healthy/healthy1089.jpg,healthy,healthy_leaf,39b997e4003fbac6bdeb7220496f91c01572d53415d2036cec1b118fd090283e,b1cc675e86f8e40c,kept,Representative
g001419,healthy/healthy109.jpg,healthy,healthy_leaf,9f4beeb6b21ce9bd4b07190cc2f042675abbd8b8d86fffc8e9a6b7e4448cdd3c,861d27c3475e5715,kept,Representative
g001420,healthy/healthy1090.jpg,healthy,healthy_leaf,e3bf9069666ede778e5e524087c746f5b7814ac80cbf6d29b4560dde6ced52cf,b7968784810bbf53,kept,Representative
g001421,healthy/healthy1091.jpg,healthy,healthy_leaf,c3e8289cdc63754d66ad77ced2107dd164f9c6954d8bfcdbddca271185f0a45a,9ec020bc9f05ccbf,kept,Representative
g001422,healthy/healthy1092.jpg,healthy,healthy_leaf,dfec079ec0ca9fa585e9f4bf6fed52c0c76fd9225e13680bb739b303d5ec921d,f2c685282e9798eb,kept,Representative
g001423,healthy/healthy1093.jpg,healthy,healthy_leaf,38b22e97ce810f862a48f0667801777cfd0e32cf25fba40a089b5f2e03b0da77,e3ad6cc62a7495d0,kept,Representative
g001424,healthy/healthy1094.jpg,healthy,healthy_leaf,0a0a40933e0b260d453bddb95c5cac679623c0057f3df9ffb1012acaf6eb9dcf,edce25c5d0e1d914,kept,Representative
g001425,healthy/healthy1095.jpg,healthy,healthy_leaf,68acd283c71d6fea2f8ca322431528ff3e1672fe1cb5177ce2bdc19e70ec7fd9,f1c124689b7fc8b1,kept,Representative
g001426,healthy/healthy1096.jpg,healthy,healthy_leaf,8c7574a10cffd6173a58819e77659e6c2cb57d12fc30ed91f080fd0b6221e479,9c956d73a4ec8133,kept,Representative
g001427,healthy/healthy1097.jpg,healthy,healthy_leaf,c02079af2bda89c4543c9c1f06ddc16b458fb97dad54455fb52a52f36ee1efd9,cdc5aecf10a5465a,kept,Representative
g001428,healthy/healthy1098.jpg,healthy,healthy_leaf,e4daf52f30e171510b5704ece2a528e2a1d725751f99ea97838c15b14ed51bff,b3adc23c9ab48ac6,kept,Representative
g001429,healthy/healthy1099.jpg,healthy,healthy_leaf,0498813f813a0bbfd6de35c58715b08c99877ca2dc6e78d45dc621c179bf67a8,801c0ebe7fb4319b,kept,Representative
g001430,healthy/healthy110.jpg,healthy,healthy_leaf,2eafcfd75e4581f3770c5e9ebcd23b5a427aec905c6e0c721184c681a95fdd07,9da2736fe41629a8,kept,Representative
g001431,healthy/healthy1100.jpg,healthy,healthy_leaf,28b73919fb0ecf895e1fb7bec6e9703e78440595f00b6dd01c0ed00e93fd0f12,b7d2436d622e9e28,kept,Representative
g001432,healthy/healthy1101.jpg,healthy,healthy_leaf,bcaf1776b6f5f21d05c5520e2c5965c01303c4e8e1815e9f97cb062de8b094ba,8c528799638d53e7,kept,Representative
g001433,healthy/healthy1102.jpg,healthy,healthy_leaf,1a736d36e87080cc8bcecb0fc8828c2fb30edfe817bdb94f3083d45561b68b9d,8ca603caec6de768,kept,Representative
g001434,healthy/healthy1103.jpg,healthy,healthy_leaf,246dbfd91b2f77e20f31ab5c5c6ab96f883c78f9d4338637eea5b5e442a2eb37,850b17ad49cb59e6,kept,Representative
g001435,healthy/healthy1104.jpg,healthy,healthy_leaf,53c46849513089ad89210ee073ed8c4af005dc75acade3640fa0725927c65b87,ea849d9391565eaa,kept,Representative
g001436,healthy/healthy1105.jpg,healthy,healthy_leaf,c27cbed0ea49650b4d20a0a4c0e99a5eac2138872b9d2525f2d237d2eb5edac4,a842cd85d87f319d,kept,Representative
g001437,healthy/healthy1106.jpg,healthy,healthy_leaf,cb7105eff97b37a769b2fa632a9b44f9936eb757df5b46192c18f69786991111,80ebb5bf259b620a,kept,Representative
g001438,healthy/healthy1107.jpg,healthy,healthy_leaf,3a3d44ad16a3cc79d68a31af3d0f681b9d137d2aabf107734dc5d133017a074f,a11ebc4d85d31aab,kept,Representative
g001439,healthy/healthy1108.jpg,healthy,healthy_leaf,246e76e108a50ad3d139af50d716317caacc82f793ebd52e51821d0926075fcb,9b404e47d1bf4aaa,kept,Representative
g001440,healthy/healthy1109.jpg,healthy,healthy_leaf,7ee54609caf6a548f7015c57e74510bc803ca06cd06d4de5923061ff2a107238,e9d422d53a6f8e90,kept,Representative
g001441,healthy/healthy111.jpg,healthy,healthy_leaf,15455697e23c59b215a00ca2a9aed46826bb0e5f559b357c751c2cfa1d876814,b1ec70caa599b8e1,kept,Representative
g001442,healthy/healthy112.jpg,healthy,healthy_leaf,57a660fad457749bfa57d15035545ce6e86e2246280b97edada38bd3c3379962,fcc34c3a12cbf08d,kept,Representative
g001443,healthy/healthy113.jpg,healthy,healthy_leaf,ae54cdad7712dc75c66f097211d45db5c39593c080c2df846ba856f8634fa162,e7e84bfa14c0ea94,kept,Representative
g001444,healthy/healthy114.jpg,healthy,healthy_leaf,ceda6e955dad4e354e4be61f503a6147b9c1b513ad67d820f27d639cf0f5f66f,95f39d58b088c679,kept,Representative
g001445,healthy/healthy115.jpg,healthy,healthy_leaf,973c80ccddb20767484a3939a9971d6ed2becbaa1d921c0fa024a71fed8fcac7,e56933af2d1b0e14,kept,Representative
g001446,healthy/healthy116.jpg,healthy,healthy_leaf,a4e2ba5dcf816471d52d6ec1259d05b0bba336f7664047db79b76a7f7267276d,942df8da4a657562,kept,Representative
g001447,healthy/healthy117.jpg,healthy,healthy_leaf,f743f3e4577cbb3e41323ec1788622fbe76c3f599e26e9727715d4b3b5d3eae3,f408d2ecb0af9e91,kept,Representative
g001448,healthy/healthy118.jpg,healthy,healthy_leaf,34d443bffb4803022161e78dab9222600ddefbb37969adcc3363197e7144da38,afd6443aef013b09,kept,Representative
g001449,healthy/healthy119.jpg,healthy,healthy_leaf,1a2b8e32cafd47e3da54df3d2bf6cf69c142a28c95860d8e7fab84e9c8035404,c3e495da0d93cc63,kept,Representative
g001450,healthy/healthy120.jpg,healthy,healthy_leaf,59d1ae1f527e6bd361a4b5345a375ca7b2bc71f253ca4d0633ec75d114926921,a7c8de27287908fa,kept,Representative
g001451,healthy/healthy121.jpg,healthy,healthy_leaf,2d6fa45e9f525f856411114cf0ff8d580b07124925dc805f1c1b3c7ea38899ed,c3b89be6f1262629,kept,Representative
g001452,healthy/healthy122.jpg,healthy,healthy_leaf,1de908e3efad8732bcacd34d4c87ba9fcb287355fa4798a49abfaddd1bb3ee0c,f86b17176aa9a458,kept,Representative
g001453,healthy/healthy123.jpg,healthy,healthy_leaf,c8c0b1878fc265769f5ea7874d2b0cc9124a04278c29cd266ad562451cc6f1a0,b239b9961de46c68,kept,Representative
g001454,healthy/healthy124.jpg,healthy,healthy_leaf,c148e6955c46d5faa69ac05ac8876d5da265c117e38e4364f10442ec297bba0a,a39e8de05e87e4c1,kept,Representative
g001455,healthy/healthy125.jpg,healthy,healthy_leaf,7811a07f61596112a0e93080721b5366474afe8cd3266c5f87ebc2aeb5222959,f56c922579a1cc5c,kept,Representative
g001456,healthy/healthy126.jpg,healthy,healthy_leaf,27e293f8ec3c866f79ec4034b2e1c26a71e57a066ddfe9b30e847080067e5b7d,bc4e93e64ec8a7c0,kept,Representative
g001457,healthy/healthy127.jpg,healthy,healthy_leaf,f707422f7ab3a667b44fd3f9f8ed9ab17b00918c9202cca35500b3d95089330e,a7a6954ece215c87,kept,Representative
g001458,healthy/healthy128.jpg,healthy,healthy_leaf,50df223d1df955a81de869eda22f70bada886e00f53d26bd6a894fb17865c773,ecdd29c6c3510e69,kept,Representative
g001459,healthy/healthy129.jpg,healthy,healthy_leaf,02437ea33121dc579e5749580dcdc491a6b3cd5cd644c13f3e720d88b805c15f,d22486cb7dc249eb,kept,Representative
g001460,healthy/healthy130.jpg,healthy,healthy_leaf,3f6d324abaf329616149bcc9a6545bd75a8b0c671bccf522866e512807555905,b57d4b645b1084af,kept,Representative
g001461,healthy/healthy131.jpg,healthy,healthy_leaf,c30151dff05566b767ffa9975c438a61608816b5b8b6d6b3854621c31677a75d,da0df035ebc82bd0,kept,Representative
g001462,healthy/healthy132.jpg,healthy,healthy_leaf,834f91a555f1435f3ee605c688573b3996bc191abaff5a521983c6bada10b7f4,a972394c65579aac,kept,Representative
g001463,healthy/healthy133.jpg,healthy,healthy_leaf,2cd48e89688746594f9bd5081c58e7302d798e1940e89b4ed26df967515e3152,c82d8c5dc07baf8a,kept,Representative
g001464,healthy/healthy134.jpg,healthy,healthy_leaf,95b4d17aaa9caea9a03a547cd276344353894c2cf4e1ae0bc2e8a337f707f052,bb744552fbc0a1e2,kept,Representative
g001465,healthy/healthy135.jpg,healthy,healthy_leaf,ffe81e73fcdd1bd944313990f6d0b409f10b98f7d392d352eba41890c59cf5b8,d9cb345617c06d27,kept,Representative
g001466,healthy/healthy136.jpg,healthy,healthy_leaf,874ab163489e2c902209043f78091d5c789275c91e9abe9c22a0808530a94747,cd3a3263e4ccc8ec,kept,Representative
g001467,healthy/healthy137.jpg,healthy,healthy_leaf,c7e9169831ab367797d1a340100249f698a89edf31a4bef51526fa039b84403d,ba9c5c81f54c9726,kept,Representative
g001468,healthy/healthy138.jpg,healthy,healthy_leaf,c148668fb0a24b77f7199b4cdc855afb5e87141d79af663c22c175f6d1d7bef2,f0172ca54ef69781,kept,Representative
g001469,healthy/healthy139.jpg,healthy,healthy_leaf,2d97e1c7244fdcd1b1e740f8ddd32996296aa1af57a966a7594fa17ee0226088,e4ce87389d5b8469,kept,Representative
g001470,healthy/healthy140.jpg,healthy,healthy_leaf,56b4cf857b2a7f1e6c2c8ba37c64ba54dc3789ecf3f512e4b8ab6e14972c93dd,c61e936b99056cd5,kept,Representative
g001471,healthy/healthy141.jpg,healthy,healthy_leaf,7de1909e210741689b717bd245c02fc9d8a0a19782c513b9232b1954f16de6e2,9ef2a903078a36af,kept,Representative
g001472,healthy/healthy142.jpg,healthy,healthy_leaf,f3a42a5acef7e31c3224c7168b048d48dd404bcfe25076b5a8fe801a761c822e,f4720dadd152892f,kept,Representative
g001473,healthy/healthy143.jpg,healthy,healthy_leaf,0fdd059ef6ccb1aa12be9eadaafc92b393d7118562377549f72c6d551aa1648d,9c139923b17e24cf,kept,Representative
g001474,healthy/healthy144.jpg,healthy,healthy_leaf,d641ea3bcea10db4f60fae0f0d2c55d9b0ca1c8f78ada7a19b4fa0eb240b0c64,ade3d936c8de300a,kept,Representative
g001475,healthy/healthy145.jpg,healthy,healthy_leaf,7014a4f459f22c3fc77336259595504e11aa50b19d69405ce9f520a08cd2edeb,ed90d0c9cbeae113,kept,Representative
g001476,healthy/healthy146.jpg,healthy,healthy_leaf,dddac8f8fddcfa5ebf0caf444919288be1526a8631968d5d323e135a15e7530d,8f184ce1755dd28b,kept,Representative
g001477,healthy/healthy147.jpg,healthy,healthy_leaf,1dd7f294943319aadd0d8ccb70ca11f5e8fc16fcebb5a9e4df934193489cd4c0,cf9936f7c00cc52a,kept,Representative
g001478,healthy/healthy148.jpg,healthy,healthy_leaf,6346e4fd0233beb1deec17f90a1b298bad6f06030827bb9397b25498dcb4e1bd,de6c3395c94b2b44,kept,Representative
g001479,healthy/healthy149.jpg,healthy,healthy_leaf,07ef0f56d99376d4a1ca3aae1aa27bea39433983106aa58643aa44f256343676,9b77fc044822e76c,kept,Representative
g001480,healthy/healthy150.jpg,healthy,healthy_leaf,bbd1d6e94316d990f7da948815ba96eb34353e029c6d02fb9fd4b30e79abf5bc,ccf4211fbbc5920d,kept,Representative
g001481,healthy/healthy151.jpg,healthy,healthy_leaf,7f7bcace97d9a7f7ae2f0c0badf679a88473c2cd63276996296d2ec4f85188b2,b06c8dc971afab60,kept,Representative
g001482,healthy/healthy152.jpg,healthy,healthy_leaf,7242144e5bf052d6c74e917743abfc908b31ff8d95fc4c312ea3c6af209b6a6e,95796e6ee2478215,kept,Representative
g001483,healthy/healthy153.jpg,healthy,healthy_leaf,6b3a2f6687e7713ffc7c8d7de085f632411b309733d163f81213c677d13e2de6,ca825e2768c37f1a,kept,Representative
g001484,healthy/healthy154.jpg,healthy,healthy_leaf,f24fd705fd60ca9e327d6fb1e962d0d80978fa7cf7b6cfb43a3123a617827fb7,a742dcdda5a55c30,kept,Representative
g001485,healthy/healthy155.jpg,healthy,healthy_leaf,65db96a21a7c9a5ce46034f351d62b291efe06155a6349c7a6f6ca85d4d73781,dfe376d631c40384,kept,Representative
g001486,healthy/healthy156.jpg,healthy,healthy_leaf,5492e4eb2e56c2b3f042311450ff32d407678b873a3c5236ddae9318840fafd4,879169e28954bb4f,kept,Representative
g001487,healthy/healthy157.jpg,healthy,healthy_leaf,5c01c05b6d8fd666109793a9145ecaf5ad9ef21a359c49866c21170d82e14de8,aa9c0f78dee4461a,kept,Representative
g001488,healthy/healthy158.jpg,healthy,healthy_leaf,198b51ada4e60244d284fd325e0737a18af944244fbfe4cd31e6e6ae45f0af8c,9741380ec6de2f8e,kept,Representative
g001489,healthy/healthy159.jpg,healthy,healthy_leaf,94c88a7c3351becb188493e29487b1a987cfebfea2547285c021b2144a1e694f,89b16a93376a0f63,kept,Representative
g001490,healthy/healthy160.jpg,healthy,healthy_leaf,e7c1bc68dd61fe7b2d6a3693d26d718768eb98253832e0c39f4333a39549521a,d3206d71d732c23e,kept,Representative
g001491,healthy/healthy161.jpg,healthy,healthy_leaf,a2dcf4d48015745ab213d02016f681eee65db0c9204ef4440517f120c52a37f7,ca607f6270d533c5,kept,Representative
g001492,healthy/healthy162.jpg,healthy,healthy_leaf,ef3eebcc740043502a57d6ff8d2b026a4a20da5a82386199872ef6eefd11ab7c,d8c54a2171cef2ce,kept,Representative
g001493,healthy/healthy163.jpg,healthy,healthy_leaf,9c14262a97501cc754328eb6d48451ca98303de73833ddd6adf0ec1a15e6defa,c0945a3dadb9e9b0,kept,Representative
g001494,healthy/healthy164.jpg,healthy,healthy_leaf,716ac5d0702664b47f5e8556a74928f9d832b2a376b39f01ee86e9c24fd2a25a,95e46a754c334a1f,kept,Representative
g001495,healthy/healthy165.jpg,healthy,healthy_leaf,cd8f1e92b08614c7b33a10123f9b6b332c9066208bddc29ac264b79c7662e049,c2815c7b59b7206f,kept,Representative
g001496,healthy/healthy166.jpg,healthy,healthy_leaf,aa1a688e595ab92686612a46bb09a8476d952f4e21187bc8d2f52f2abe080bf8,b18744897efd8343,kept,Representative
g001497,healthy/healthy167.jpg,healthy,healthy_leaf,19c46612b8a4dd6a9a0e61fa4c109461193e42d3f345f389b88033872c72b5bf,e4ac73d08cb7cc26,kept,Representative
g001498,healthy/healthy168.jpg,healthy,healthy_leaf,61602fd33df45044580acfe86c649b369219b13df68f92cecec942c9c5940ff0,e628295659f9c64d,kept,Representative
g001499,healthy/healthy169.jpg,healthy,healthy_leaf,c4a18770b0db2946c7bbfc62a20f2204e5541c846d622254a1638be1ae90ff7b,be4bd0f92795050e,kept,Representative
g001500,healthy/healthy170.jpg,healthy,healthy_leaf,6b773d1ed1237c69a8656444f602e5bc42a54cb4e8e53ba810c1a7122420376a,a4879e4a3557a9d4,kept,Representative
g001501,healthy/healthy171.jpg,healthy,healthy_leaf,7e0fe0873ecf415597ab9ef38dc34cbabd5f1539062118060e9485d8860fbaa5,a21c1f6ac8d0b6b7,kept,Representative
g001502,healthy/healthy172.jpg,healthy,healthy_leaf,c302ced99dd15a158b1a627630bc7a012686da3d6e941f53396b1c2878dd961f,c663b19e5c2c768c,kept,Representative
g001503,healthy/healthy173.jpg,healthy,healthy_leaf,b2b8a050ef9afba880c21268b64636957ee347367e4f4c52c3125df35a0d1384,ac68eb052cd25f3c,kept,Representative
g001504,healthy/healthy174.jpg,healthy,healthy_leaf,13627ca990038fe4e16d91bf657fdef080933d799ad9a265c820bb27f99d426f,8989bc8e3e2bd9c2,kept,Representative
g001505,healthy/healthy175.jpg,healthy,healthy_leaf,25454adf20e514af2fd0f2ecaf0e5ee0490f1d531421e99f7e610d3033f8b234,f34e248de6c30e99,kept,Representative
g001506,healthy/healthy176.jpg,healthy,healthy_leaf,57a092ba4909c748d2a9b7366fe3edbc0b9abd0119871ddc024320feecb4d3df,cc4f5c5ac2b0ab2d,kept,Representative
g001507,healthy/healthy177.jpg,healthy,healthy_leaf,06fef24d566b9cd6607c5616e5399e328b31be12a1a8ae8a55c89ac77ee44708,b0b92fbcce07908d,kept,Representative
g001508,healthy/healthy178.jpg,healthy,healthy_leaf,c3f95d8cf3bf4f6da36014e3f98207c61261f8871b9b785356a98cddb01d161d,d3f5b42d59e62890,kept,Representative
g001509,healthy/healthy179.jpg,healthy,healthy_leaf,4c46301be5646e5ae5b8f48b8b34ddd02bc8f996f6f694713b879c147dff4a42,d3c5329bc4e2f988,kept,Representative
g001510,healthy/healthy180.jpg,healthy,healthy_leaf,a3dd4d93c7dccacf600947f5f13002f0c583e1a1dc9b49b8f88f37378fe8eff8,d8b1674c42f22776,kept,Representative
g001511,healthy/healthy181.jpg,healthy,healthy_leaf,4337a23a0263a01dde0238e1bf29a8fd0ca1b12db07e0f39a1dfc295ccff5476,be9a89c5e4c887b2,kept,Representative
g001512,healthy/healthy182.jpg,healthy,healthy_leaf,0778a224dc8293a15403bd65f21336135429825c578f39af3a955f21285c1bb8,f7d2181e2f61e461,kept,Representative
g001513,healthy/healthy183.jpg,healthy,healthy_leaf,0c6727e8daf6bb39939b734c3219efd502bb2b3e7bb683bea07e3b46ec7b10a3,e5358d78cd90278b,kept,Representative
g001514,healthy/healthy184.jpg,healthy,healthy_leaf,3b12bdb27f82d668066619a1b32dc8fc02c7dc9b690b23bdca5a7dc48712107d,aa67d4e8394b0337,kept,Representative
g001515,healthy/healthy185.jpg,healthy,healthy_leaf,a9c6ff5dc0ac0d477c1509a9c135e5952594466012cc5d6510fc58ceb781773c,9af1d1822d4cf2ce,kept,Representative
g001516,healthy/healthy186.jpg,healthy,healthy_leaf,075b8b0acf89eaef41e9f80893fd164310a2bee0fd764b181c4980963af75fc8,f18a56082f7e93a3,kept,Representative
g001517,healthy/healthy187.jpg,healthy,healthy_leaf,093e94400c3a26b46fe47d5e0f5831e9faa74a58afc00275ea6823b0e5c99843,8cac651bc942d9f3,kept,Representative
g001518,healthy/healthy188.jpg,healthy,healthy_leaf,447fb4e8733e299da00f6063187348fe5de49f2161b88a69590c204c366c17e2,d457186ba9f14939,kept,Representative
g001519,healthy/healthy189.jpg,healthy,healthy_leaf,7d6f562907795c026c76b23fee3cac33d6f536b27cdc72a3ca21c2df8c6edaa4,8c292d490b3fdcea,kept,Representative
g001520,healthy/healthy190.jpg,healthy,healthy_leaf,41c726fc288bc4730f5e9f7467fcc3787f6a57b590168dd3189da00fe9367adc,b7271a914887e97c,kept,Representative
g001521,healthy/healthy191.jpg,healthy,healthy_leaf,bec31530e34e59c6fe08209b13b656574559bba9101c4587471930eb2f42b978,be680853c9b4bf62,kept,Representative
g001522,healthy/healthy192.jpg,healthy,healthy_leaf,e8d6f87606fdf42f1271744b9201299e3f8315eef98e6e30dcdb75da60d0c655,832bfc92e03eabe0,kept,Representative
g001523,healthy/healthy193.jpg,healthy,healthy_leaf,79816a4f2e4690563bd97c62680c01f5da68cfc17bc7f6f85c44484685fecea9,c7306fb214dcc077,kept,Representative
g001524,healthy/healthy194.jpg,healthy,healthy_leaf,1f75c440ebbe033af07f530de18693ce1ff699b1bca2fd8fa44ce9fa718ba1f0,a10ddebe388b298e,kept,Representative
g001525,healthy/healthy195.jpg,healthy,healthy_leaf,dd9308ef5807757c3b3e8e38e5a700d7865a7de332d230b3da3f01256d57aaea,a4ead0e153c4a77a,kept,Representative
g001526,healthy/healthy196.jpg,healthy,healthy_leaf,86386e7d24e1da28bee1508425412636263a7131f0201ad403112856d15cca85,d3ba895ed6581b48,kept,Representative
g001527,healthy/healthy197.jpg,healthy,healthy_leaf,516a40318990b331fbaaa2f893a8747feef32ddd9d1bce3be8f73c1f6a5e0cf8,dce48639295f6133,kept,Representative
g001528,healthy/healthy198.jpg,healthy,healthy_leaf,8e9d1b5100fd5ac247e7e2fc3058404a27c6c4b7091c08b19f25c8d2ce5ba923,a7c111967ae0e8bd,kept,Representative
g001529,healthy/healthy199.jpg,healthy,healthy_leaf,22c6e3a72c492436dc8c8b1d373ed01719f4ca6cd8d2e1a28eea598fabc813d1,fbd2a08e9330987b,kept,Representative
g001530,healthy/healthy200.jpg,healthy,healthy_leaf,2329f4ca0189a71ccfa11b8448a0e99954622e8b95d951b3b2d03d47088bb13e,e7bb878c4e2528ac,kept,Representative
g001531,healthy/healthy201.jpg,healthy,healthy_leaf,5d5d7623e4cf85530ada0ecaf4931f7ba950e5dc8d38c6485a5c443b8dcde8e4,cb093cab7ca66193,kept,Representative
g001532,healthy/healthy202.jpg,healthy,healthy_leaf,7c081361f671ad8cfd7651eb735db9ff6aaadd5e46e7fb2957c39108ea74f73f,853d0ec0ded3a4ae,kept,Representative
g001533,healthy/healthy203.jpg,healthy,healthy_leaf,7d499dc8b3e269b0fce243e980f5e4735c9b007dba8847b813b16fa4f19280ed,acc793ee06a1c88f,kept,Representative
g001534,healthy/healthy204.jpg,healthy,healthy_leaf,c6b41c3f1e0d4698f838d2559cfe5aaaf0941e39eb35251a6fcf464e5dd700c7,dcd0f70d8a14ad2b,kept,Representative
g001535,healthy/healthy205.jpg,healthy,healthy_leaf,6a0af137c07f7f664fb84576a45c55678339dcf8b4365cf98b855778be826e02,99eaf9522b0e60da,kept,Representative
g001536,healthy/healthy206.jpg,healthy,healthy_leaf,4cf888006dffe5b1dc843e0f1779156c7d59b0615744fa49f1f9ee2b1b2a1bcd,fb8c53cce8ca680b,kept,Representative
g001537,healthy/healthy207.jpg,healthy,healthy_leaf,2d14908979d0c0264081814d5da2871d8a5ac78b641467dd5751ddfd6c0e6e93,81c9e8ac1fd86ce6,kept,Representative
g001538,healthy/healthy208.jpg,healthy,healthy_leaf,d063135ddec0414bea6d5cd942732dee9bd16b0d8776bb4d3205de238c7e0d2f,e79cb35237c840b6,kept,Representative
g001539,healthy/healthy209.jpg,healthy,healthy_leaf,e588d70122ac822056fc090e58a2b51870509e67474b26963be244799bb1a849,877bedf6c3411490,kept,Representative
g001540,healthy/healthy210.jpg,healthy,healthy_leaf,73330c301b53418f897740f146dcea577f86b5368b8893c7808ccc04e78a5fd5,bbb133ac616d9033,kept,Representative
g001541,healthy/healthy211.jpg,healthy,healthy_leaf,474ec3704a339206ade17515ee227cdd9b754ae5892b54ec4052ca3f5354489b,8cc07407e74efcd2,kept,Representative
g001542,healthy/healthy212.jpg,healthy,healthy_leaf,5b9e07c363c4a0ef06bebc88ebff1785577dfddb20e0ba36ca4e5c4a8370ba31,cca1d923f03f3f20,kept,Representative
g001543,healthy/healthy213.jpg,healthy,healthy_leaf,ae8253a5b73e2fc1b2dd1d79ac670c9de74e0742ae77db334e85733e13491b50,f8065bd0a9799699,kept,Representative
g001544,healthy/healthy214.jpg,healthy,healthy_leaf,5924c9abce6e1ed2a55d7c906d0cb9fa28624b10a364ce5c94e81c2fed91b6b2,c82b344db2f4e9d8,kept,Representative
g001545,healthy/healthy215.jpg,healthy,healthy_leaf,f02a934852fc06924a0897b6b94fbf3415184c05ec141ec8374d7e3ca8a7d04d,82696ef4b352ce4a,kept,Representative
g001546,healthy/healthy216.jpg,healthy,healthy_leaf,b3171cf4c274816ddc9873042e04d3044e2e3a16932a7e0c76b0caf394bc6512,816f6c7ace92938c,kept,Representative
g001547,healthy/healthy217.jpg,healthy,healthy_leaf,d94aa2b487e1b1a5b3d4eb30645a827d9d3b532551ca908cb4530c6201959ec6,e275c29059bae51d,kept,Representative
g001548,healthy/healthy218.jpg,healthy,healthy_leaf,e665f77295640c61bf5ce2fb2884ec731e199c78f53a8409e2c1ab4b33827476,882db566cd95b81d,kept,Representative
g001549,healthy/healthy219.jpg,healthy,healthy_leaf,528b517c6e4b9a796c590df80d19af68cbeed2d9c871970cb9a998a43cf87668,8fea75d8eac0d882,kept,Representative
g001550,healthy/healthy220.jpg,healthy,healthy_leaf,a48868bcd6fcfc69c3855a8231de8fef69afd6fff3bc5a87a7eb78d2c0b3fad8,e59a624d5e39f007,kept,Representative
g001551,healthy/healthy221.jpg,healthy,healthy_leaf,2aac493fe57bc25c2bd12d7903219b1373fd49d9fe94532680d8b06e27f31c10,efe5b7f2005a1494,kept,Representative
g001552,healthy/healthy222.jpg,healthy,healthy_leaf,25dc580cb4f8ff2b79e4f79755183f3a3d5c81035f6e1e5791e3a812178055c8,8f38b1fd1ee2a1a0,kept,Representative
g001553,healthy/healthy223.jpg,healthy,healthy_leaf,1b356dae779b6dade54a37b4382cd02a3b39656ed5d3fae141abfdf9f98f7107,add8ac1475873157,kept,Representative
g001554,healthy/healthy224.jpg,healthy,healthy_leaf,790e59bcf5fe22b4e4d01becc943f8fe2b19048175f03632206601424be6975b,c3330c2e1dd9637c,kept,Representative
g001555,healthy/healthy225.jpg,healthy,healthy_leaf,5d272104fb15ea6482c34b04dd2914941a5a83d9e3705effe3a5bd95768376d3,847b51b42dcdc6e2,kept,Representative
g001556,healthy/healthy226.jpg,healthy,healthy_leaf,729381dafcc6f4c5f6faa78ca62f77b66ea1ac939d24406ee2c0994f93397fae,f19d501e0647efb0,kept,Representative
g001557,healthy/healthy227.jpg,healthy,healthy_leaf,57a6a5571dc4bad8bb6b201bd8bc7fc206cc89b6ac0a1205106a867e9082329a,dad8e10771e75a30,kept,Representative
g001558,healthy/healthy228.jpg,healthy,healthy_leaf,cbc58aa677c529751ecb6ec3283b0a62adc8e9e3453a9fe0c2394b2b0ea3d78a,fd9598a04ff11a54,kept,Representative
g001559,healthy/healthy229.jpg,healthy,healthy_leaf,fc8f0c7654bfe032c4bc822593e68940a953a086fce37c97bc7fce480ff21aff,c3f4a9ab4d199662,kept,Representative
g001560,healthy/healthy230.jpg,healthy,healthy_leaf,b55afcd13cabec8c6b062561f6ca9fd115c2055ce1dedb8801f35ceff62800d0,b26da680746b98b7,kept,Representative
g001561,healthy/healthy231.jpg,healthy,healthy_leaf,2e1a9b58a2112a8026cc9998a4068cd0e7df52d184c038368cc9e63451d5fdba,c2da19f30b61ed0d,kept,Representative
g001562,healthy/healthy232.jpg,healthy,healthy_leaf,d985812550287852a2740a97700cc0eb3a7dd4d1be832819223a34be930c219e,d23814c3439ddea7,kept,Representative
g001563,healthy/healthy233.jpg,healthy,healthy_leaf,6074a2faa7edaac3c39e3262f03912a73481d999ad168fc022222e13c50503e3,ee7ab326cb30910b,kept,Representative
g001564,healthy/healthy234.jpg,healthy,healthy_leaf,8c438ba9062ff1f05cd2c50dec2d56804fbe8a4f1ded1f23c19ddef5cbf68c5f,ef6101fe9c2d344a,kept,Representative
g001565,healthy/healthy235.jpg,healthy,healthy_leaf,c0a6380069ee1c2e107b423c58ecc4f63f5b37531adcb0136c997d7cffe06266,b90e64ac9ee09f52,kept,Representative
g001566,healthy/healthy236.jpg,healthy,healthy_leaf,750a91461e8fad07d0db50861acfc358139f29da373ba6c86a24111ca1a8759b,c60e94b6534dd971,kept,Representative
g001567,healthy/healthy237.jpg,healthy,healthy_leaf,6339aa7db50f11ab39c1cff031849e6dce7b5b75b1751cf72e92c44711cf8a40,b63131c527433df1,kept,Representative
g001568,healthy/healthy238.jpg,healthy,healthy_leaf,2326d4935275a89a4e9991f4d7930f95094307aef5a2541745968e35fb5bad36,cab03485d5c5a97e,kept,Representative
g001569,healthy/healthy239.jpg,healthy,healthy_leaf,64fedd8097950c451ab4a89eab0fc001411056a1aef66f60d81bbae4f3dc7ba5,de786496c3969b90,kept,Representative
g001570,healthy/healthy240.jpg,healthy,healthy_leaf,c4ce318f33e3191c57279e9d70e3957838ce617b4acfcc2d4d9d182914dcd6ba,d5c59131ce1360bf,kept,Representative
g001571,healthy/healthy241.jpg,healthy,healthy_leaf,3d52353753298adcd58a7ecf9417e305f22218b1e7cc572dff5886fbb508895e,fc4c97de08e3a816,kept,Representative
g001572,healthy/healthy242.jpg,healthy,healthy_leaf,e09d9e41720da473ac694197a2ddf5df3c2cd7ddec1cadfe471cc8fb73b42952,b13ed3117944ae4e,kept,Representative
g001573,healthy/healthy243.jpg,healthy,healthy_leaf,79a1bd54b635f837e61442146e56f74b5a71f5d425b49f481110349dc31858ad,f8162d48d6fd8a07,kept,Representative
g001574,healthy/healthy244.jpg,healthy,healthy_leaf,ee84013f95036e7be4a51d4a5369f9f0b55799d2089aae8c12a81f09348f496c,9312664dcff9c3c0,kept,Representative
g001575,healthy/healthy245.jpg,healthy,healthy_leaf,09b804d3b3a728292587f69ac3504169a99526782f3c198e98e4e0cce807863e,80c4ad3b9f87ce61,kept,Representative
g001576,healthy/healthy246.jpg,healthy,healthy_leaf,5a0dc9baa28177f8b15a9e7f438da8b6944a4ca94f5e6d6a7bf4094eb3aa522e,e6a56932a67079c5,kept,Representative
g001577,healthy/healthy247.jpg,healthy,healthy_leaf,9656def3d02a4648425ef372e4be1af8dc44005f050939e9911ad0537c65445a,ba9313ea6ae405e6,kept,Representative
g001578,healthy/healthy248.jpg,healthy,healthy_leaf,e8a89e9df6bcc7271d008dd71914bab4a4567f32e29d94578f9bb36b1ee71ea9,e5e6b5078930d9a6,kept,Representative
g001579,healthy/healthy249.jpg,healthy,healthy_leaf,16c80b193bcd0017fee1fa7683fc9c5c2a2f3a7b4e72feec096f24f9c2006553,a8b71768232fd0c7,kept,Representative
g001580,healthy/healthy250.jpg,healthy,healthy_leaf,bf43df209d65ce31f3b9cb1333562cb84ed75ef8aa2c3fc041044ef7574a981d,d26d9c1d968b6cd0,kept,Representative
g001581,healthy/healthy251.jpg,healthy,healthy_leaf,679836d2d6a8fefcb25083c1155802f0fec6d3f96dba07949b80ce3762fcfd20,d8c1b86acf716d09,kept,Representative
g001582,healthy/healthy252.jpg,healthy,healthy_leaf,a4da23a1a9dfe3de0ae05737acf87c9948120f76adc5f18a326b731b6d3079c5,fa28275283c19ff4,kept,Representative
g001583,healthy/healthy253.jpg,healthy,healthy_leaf,89233abe72cb06ea1868de751fbb56ce37d5221c38ecdfed653808aca2f25dea,8924f2835cbbf03b,kept,Representative
g001584,healthy/healthy254.jpg,healthy,healthy_leaf,5fd0782efcacd68f59a445ee69d18ab5df1045a386b7a6c94a8918c61d2f344a,b6ad63d88ab51174,kept,Representative
g001585,healthy/healthy255.jpg,healthy,healthy_leaf,e453f4521fe3984f533ad15276b7e9c5b961ec88d3edb46b557dd55a15f93f02,8fe1129b679158ce,kept,Representative
g001586,healthy/healthy256.jpg,healthy,healthy_leaf,b38283ba01fd896a8dd4d8762506e47191b5e4e3e3873e9559d881fd1d74d82a,b6b44ccb96d79901,kept,Representative
g001587,healthy/healthy257.jpg,healthy,healthy_leaf,5db8fffe544f3a1c5e13aaf0638bceb0450afcad11b8b63d86986c6bed2dc411,bd1175f641ec6889,kept,Representative
g001588,healthy/healthy258.jpg,healthy,healthy_leaf,c27336e0563ce9c16970375fea02d6723acee4627cc743b0a911665c9a94e624,b9b8ba2f8640e167,kept,Representative
g001589,healthy/healthy259.jpg,healthy,healthy_leaf,6d89aa5800928a4af290991cdb381e07f3ef160ccafa13925f12b68835f57690,e9f85b15c1353d50,kept,Representative
g001590,healthy/healthy260.jpg,healthy,healthy_leaf,92d114184319884601853c0bf1aecb09f83a122e2bcc0c696b242da22b7b09c0,8c6c1d092e3b2dd7,kept,Representative
g001591,healthy/healthy261.jpg,healthy,healthy_leaf,60ae9f0b841c1218a76b40874d896badaa09fb4f19482adb75fa974c41a122cd,902644dbd6170f7d,kept,Representative
g001592,healthy/healthy262.jpg,healthy,healthy_leaf,978fdb6e1389685f4754ae6ec99f30242c2399fad738de006aff249f23043373,d19c0e6b6d954535,kept,Representative
g001593,healthy/healthy263.jpg,healthy,healthy_leaf,29dda8eba87c9f019d064365a760192a4b94ca5b8f76a769a342303afcd576bf,e0da956b4068b7ab,kept,Representative
g001594,healthy/healthy264.jpg,healthy,healthy_leaf,d4ede392f91e415e90a76cf3f6fb221a3d542c0ced0162c3a8358da72190ff9d,b6b095d74b459591,kept,Representative
g001595,healthy/healthy265.jpg,healthy,healthy_leaf,361ea7ae41839f8248a357e99f61c0feefe0605ae7b7884a27a4865eaad853b5,c3f3e22dcc19d151,kept,Representative
g001596,healthy/healthy266.jpg,healthy,healthy_leaf,eb6ed0a0e42429c4760eccaf626dc64fabee0c5551e44f31ece5020d7cd75622,a9f4c13881dd89eb,kept,Representative
g001597,healthy/healthy267.jpg,healthy,healthy_leaf,7a89f052a9b5c4a77ef9b6130b5f84d65a7da8218d738b925b13466c9bfbf2cb,e3348da9f09d61d1,kept,Representative
g001598,healthy/healthy268.jpg,healthy,healthy_leaf,0f6cf74629a6cda69825db35122340da48dc0023a7ea9ccdb0c3efa5e82c6c64,c0f6bd38368f0db0,kept,Representative
g001599,healthy/healthy269.jpg,healthy,healthy_leaf,37925bf17d196961508d3b9559b653930560e506cf0d6373d588c39c7f983e0b,8bfd7e701d2f0142,kept,Representative
g001600,healthy/healthy270.jpg,healthy,healthy_leaf,e34f146c59b8c4964223be10c948404ebbf10b87396664e83523d43f7862fb1d,c38c74c5fc85e561,kept,Representative
g001601,healthy/healthy271.jpg,healthy,healthy_leaf,8a66e05a03b8b4b02b4c4b287e3eb32accd99fcd693f37b4695261055c5803a4,ae251df8c3a52497,kept,Representative
g001602,healthy/healthy272.jpg,healthy,healthy_leaf,066104263f13787d52614f617a94ad4d6fdff0d2f4fae319778f57e08fb91729,a98afa2b141a317f,kept,Representative
g001603,healthy/healthy273.jpg,healthy,healthy_leaf,ba6e2358773592671130158edbe10a80c508b5f32ec009af5bb7d19770c11b54,fa98a29ca1d331ec,kept,Representative
g001604,healthy/healthy274.jpg,healthy,healthy_leaf,e9e5743c2288c9eae5a783f43294d877f7711771069f902a2e0b4028d6adb259,906d2181a7d1fc7b,kept,Representative
g001605,healthy/healthy275.jpg,healthy,healthy_leaf,65e122e3ce9148b13e4c2c4124243352e94f8d7ca9eddb88891ad48f5b87fae8,97386a59c23dcae2,kept,Representative
g001606,healthy/healthy276.jpg,healthy,healthy_leaf,e410b4c9c1697403c57ff0675f1515b40a4e2f3aac63b8822c64040fb755cb3d,8646dba9da8d7192,kept,Representative
g001607,healthy/healthy277.jpg,healthy,healthy_leaf,34f67842a10ca1d8f68cdb4508e5435bc88e0410d8902d18634ca961c756c8d3,fb55c89526542177,kept,Representative
g001608,healthy/healthy278.jpg,healthy,healthy_leaf,ebcea1ff128c7153da007e78340ecebd32cfbade5d725afc2ddfe63b0749f252,bd1ed35b64f02a48,kept,Representative
g001609,healthy/healthy279.jpg,healthy,healthy_leaf,a517dad40166d2858316270e0ab22b8ab2775fac22d8ad0fb29065f6d1da8c4b,fd7613c3a659c340,kept,Representative
g001610,healthy/healthy280.jpg,healthy,healthy_leaf,c746944d736c60c50cafbf9c63423672376b1fd6deee266ca1b20c56a1e2ee82,962acb9a8d26cb59,kept,Representative
g001611,healthy/healthy281.jpg,healthy,healthy_leaf,af0f62724c564f5f94a87adc60ae450f1ce4e342ad9be97379cbfdac2f6702c9,919c263f8f45ba38,kept,Representative
g001612,healthy/healthy282.jpg,healthy,healthy_leaf,1c6605247dbdb031fa6703fc87e86b943fa36e0146483ca175209126bebc9760,c4c037b7528a8f7a,kept,Representative
g001613,healthy/healthy283.jpg,healthy,healthy_leaf,0615843d0a1db0c0f46699bd4bd7c38c46044584fad9cec03871707f559f7c82,d4367af6015d05cb,kept,Representative
g001614,healthy/healthy284.jpg,healthy,healthy_leaf,1af50a31cafa453b44e9d74410353081928e9cb913e5723955d3c27dccbe7996,d8c4e23e9b342bc5,kept,Representative
g001615,healthy/healthy285.jpg,healthy,healthy_leaf,f9cb6449a6d84815aa29dff90c50855e9d0643aad5402a3fa30295545f3fa551,f9162562954b1add,kept,Representative
g001616,healthy/healthy286.jpg,healthy,healthy_leaf,bd0a071e16b4d172301ae3f188a32cc9ae776a39ddc43d1b57bf405bc7405a79,ef78171e9d8330a1,kept,Representative
g001617,healthy/healthy287.jpg,healthy,healthy_leaf,ad290e885323e5c7b43623da7dae4e845decfd4e680ab496b3c20667df1c4a7b,eb5b105e36d61196,kept,Representative
g001618,healthy/healthy288.jpg,healthy,healthy_leaf,315a2e903edd264fffcd01b5e849ac80c403903d7b8de379736ae7a942c850cc,a462c989b6d2de99,kept,Representative
g001619,healthy/healthy289.jpg,healthy,healthy_leaf,85399d2c244b04591d8f2772b976661698bd125f2eac5e5065708f2315a42a7b,c1c70f6c3643dc6c,kept,Representative
g001620,healthy/healthy290.jpg,healthy,healthy_leaf,df29abfe38862e4224b85ecca9e569b5b4b9fc4c450041a092eaa7f588ad66bd,a4813fe419a5dc6e,kept,Representative
g001621,healthy/healthy291.jpg,healthy,healthy_leaf,559583505da1971e5fa3e9c9bcfd4f1c6790edd8478b1dfdbdfc9f520ee96844,82a36c1ee74dbcb0,kept,Representative
g001622,healthy/healthy292.jpg,healthy,healthy_leaf,32a66fa69a5cfba28bc7784286337252dbc83e1acc90c375e51957946d90902e,a793fbb81360858d,kept,Representative
g001623,healthy/healthy293.jpg,healthy,healthy_leaf,ac90153cd840a07512da352718b808b92920aa45356c687dcd92fe6abc59fc2d,bc4a4d73c3cc8d15,kept,Representative
g001624,healthy/healthy294.jpg,healthy,healthy_leaf,318981464820e9a0943a716ec5505a1b2f9db63a589bd72d514d96b6c31382ca,d02626afc9db1e61,kept,Representative
g001625,healthy/healthy295.jpg,healthy,healthy_leaf,ec2de38bf46f8296e60bdba3b61ce5b1698312c43a103b4a03ac3c35abc17aff,9cf778791f0924e0,kept,Representative
g001626,healthy/healthy296.jpg,healthy,healthy_leaf,f1ee8259f0b6d6867406657ea70cc78288b059baf08a900354d4036d995f81fc,e5d44b2decd6090e,kept,Representative
g001627,healthy/healthy297.jpg,healthy,healthy_leaf,782010c9f39f5cf15c36eddf1c6358a30e1e7b4dac58f45a11d96cc6570aa401,cf919e9a9234358d,kept,Representative
g001628,healthy/healthy298.jpg,healthy,healthy_leaf,11f80f3cc8ed0e9d0792653cb7851576da92a94576896afe7ffa8f3d4face194,b1690e1cfa86e978,kept,Representative
g001629,healthy/healthy299.jpg,healthy,healthy_leaf,2a72873c140df208e97209ff447835d0a83e5275a2ecae13b1f927d328be2919,f3265ac6da69848d,kept,Representative
g001630,healthy/healthy300.jpg,healthy,healthy_leaf,b882b4d367a767234e01c5a2b23276b020d5aef738a595007a1ef78fc405a0b8,85b8e6fa809b5b0e,kept,Representative
g001631,healthy/healthy301.jpg,healthy,healthy_leaf,a7b63a418c3ff97ce949be669107614734328dea70e654d967b7aaaca79b4d69,d5901f33e54b48a7,kept,Representative
g001632,healthy/healthy302.jpg,healthy,healthy_leaf,c529a9f165be3742f6df21a61e0012ced162a088dd16793886a5747cdb1accd4,db79d92c64976304,kept,Representative
g001633,healthy/healthy303.jpg,healthy,healthy_leaf,6e1288b78be6d8a34641fc2e5e962719db83f1cea8f0a16aa8399654a9ee6182,c3ae37c34b606ab4,kept,Representative
g001634,healthy/healthy304.jpg,healthy,healthy_leaf,57377c92239390733cfe48fffd7ea056ab4536ed82c9b983b146f0d78ab33d88,91616dde49986bb2,kept,Representative
g001635,healthy/healthy305.jpg,healthy,healthy_leaf,348b2e1ca6e47df0f1dec7a4df367c3e255c7e29646d5f7ed8d42788b4304732,fd635b22e61d0263,kept,Representative
g001636,healthy/healthy306.jpg,healthy,healthy_leaf,a8d924e047663076a4fe5623fbd6a670d5d6977e7b35d6fb65cf30e3030add7f,ac879c5cae632e32,kept,Representative
g001637,healthy/healthy307.jpg,healthy,healthy_leaf,cff1526d7cebdcb7ca7c8160895dbdabd4ffd9e370de25aef6bfdf266c358790,ce784284cfeb3e12,kept,Representative
g001638,healthy/healthy308.jpg,healthy,healthy_leaf,3397cafaf99c86cc42945911b1170bfb566297eb0524b801fb30fe24555265c7,9f12749cd44cc7b1,kept,Representative
g001639,healthy/healthy309.jpg,healthy,healthy_leaf,f9d199222be4513923ef0fff502276257d376bd3ac88cb40770f5d497c50417f,8ef6c6b884ba2738,kept,Representative
g001640,healthy/healthy310.jpg,healthy,healthy_leaf,c19b7305674c63648aa23c2150412e54992f482bf43720fa1ca6d5c309d39a8d,96dc698717639cc8,kept,Representative
g001641,healthy/healthy311.jpg,healthy,healthy_leaf,455abf7eb2cf9d5e3fae9cfe2b633fa05cea07e5ca7ac6a2b8cba6bb72e62fc1,8ce551968469778f,kept,Representative
g001642,healthy/healthy312.jpg,healthy,healthy_leaf,61f7cd81f0bcd74a4cad9b34f47e88d1fbcb9354efe29ec021953715e8a11cc3,94303dece093f4d6,kept,Representative
g001643,healthy/healthy313.jpg,healthy,healthy_leaf,f0db8ddfb5c8e412eb635a9ae5a0d1722fa1f7fd0b39e1f951fee94bad5f1c9c,8fe65a38744487d9,kept,Representative
g001644,healthy/healthy314.jpg,healthy,healthy_leaf,1f7c5dc38d3643dc9a9a42e611f42c41ea39f706dba8e99f43809cc841ce34a1,8064cf54e44fbab6,kept,Representative
g001645,healthy/healthy315.jpg,healthy,healthy_leaf,c84d61ac4bfb9ae9c51512c7c0954d143b225ac36915f4bb0a0cf27825441703,9d8333fe72b54888,kept,Representative
g001646,healthy/healthy316.jpg,healthy,healthy_leaf,c6471e9e8f16c8da828a36c3122b1d1697e106210b3ca3f83befad4a176fab8d,8911e57a9bb1c3b4,kept,Representative
g001647,healthy/healthy317.jpg,healthy,healthy_leaf,9fa0c26256fd65b76903c5b54b99f681073dbff048b9e1ed4d1f66cb152bb844,e7e4782cc39c43ca,kept,Representative
g001648,healthy/healthy318.jpg,healthy,healthy_leaf,86af96f8d1d9065119bd61002329f84adb46967c04694f4bfcc32b0e02302743,e72268877d3705c9,kept,Representative
g001649,healthy/healthy319.jpg,healthy,healthy_leaf,d33eff7bf439912a1ceab0c480dfecaecc5626784e1a987514ae4c4284fc2566,9316fc932a43dd62,kept,Representative
g001650,healthy/healthy320.jpg,healthy,healthy_leaf,962d7aa298284336d86f88c12b912156101b6786711ea3f426c33501a3945267,de04b163983b4f4e,kept,Representative
g001651,healthy/healthy321.jpg,healthy,healthy_leaf,33ea766d6f78acdc5b57ec522ee5a77a55291eced1b8fad540de30b2e451d02a,ca2d3c534b3e4387,kept,Representative
g001652,healthy/healthy322.jpg,healthy,healthy_leaf,41ce4c62bf00a4b73dbf16ff31808d49cbf4661c438a07946e03a5ed795475f7,c16c30f0bf4733b1,kept,Representative
g001653,healthy/healthy323.jpg,healthy,healthy_leaf,7670dd2f79346f6ddc6e718268e3471ece35f769e74204d5e354f55998777a7b,b90b554c5ca31cf9,kept,Representative
g001654,healthy/healthy324.jpg,healthy,healthy_leaf,c83810297b6ab4ce8630653a071ef4d3e6ea6f8b4249bca5237ed611e8099c38,e88e9e351e51afc0,kept,Representative
g001655,healthy/healthy325.jpg,healthy,healthy_leaf,2c3ad5b4cd5b57769626539aa545dc049fc066e6cb611a53343f1000c85563dd,a3c913d7fe4860b4,kept,Representative
g001656,healthy/healthy326.jpg,healthy,healthy_leaf,53518fd7774cdb3ba54fac7e73648080e2c792071f70f705b61e71d5cccfd68a,95daece88ca6a68c,kept,Representative
g001657,healthy/healthy327.jpg,healthy,healthy_leaf,8d41d32df4c189ac5a57122f4df731d25a77fa84c0cd401ae3fd4d8531020dad,858adf67a51715c1,kept,Representative
g001658,healthy/healthy328.jpg,healthy,healthy_leaf,77152c4d33f6ccd2dccea82e26fba3cfd4aa1a77e9d23410a679f1081cf69e15,e9c71c9f684f6411,kept,Representative
g001659,healthy/healthy329.jpg,healthy,healthy_leaf,f6524d3ce42707dc2c5a0bc6e1b3e31109aca6530f295254151c33946b21ece4,9c04ed9c37781f70,kept,Representative
g001660,healthy/healthy330.jpg,healthy,healthy_leaf,92971d7501f1a40af0a17982534ad04b58c289106adb8cb52a346312ebcf69ed,829e9a9fd538b1a4,kept,Representative
g001661,healthy/healthy331.jpg,healthy,healthy_leaf,925b99bc3bae521b7f4abd1307410204329f58a9c19285538bb8ab4d5108f646,fbf203c92c07f066,kept,Representative
g001662,healthy/healthy332.jpg,healthy,healthy_leaf,8b10d0ba45aa94699cd5c1e3d24c64c9c902937f342e4589d456a116d0943917,ed28123e0ec60efb,kept,Representative
g001663,healthy/healthy333.jpg,healthy,healthy_leaf,5d4c433dedd2c9d09149e0d4a5d6e04859bf3e1cde720d38826c0ab5af82eaaf,817cf0c6d9f93170,kept,Representative
g001664,healthy/healthy334.jpg,healthy,healthy_leaf,6643c1a370bff59f670230476f6f6322bee6bfa135544238162aa7c8e12f0653,977a1691cb0d34ad,kept,Representative
g001665,healthy/healthy335.jpg,healthy,healthy_leaf,e8e514eb17ba33bc5adb3741ba362b8c9dd75ed80ced258d253c9838cec6b421,98b3430e0d1ffa74,kept,Representative
g001666,healthy/healthy336.jpg,healthy,healthy_leaf,16221ef42e45d5ab8ff27a431cc7e9a2daaa71bad279233354d8a87504044ea0,9aa91af99e62c364,kept,Representative
g001667,healthy/healthy337.jpg,healthy,healthy_leaf,6b4e70583ba7950cf0ef200d42e42a649c579300e70e63d3243f46a68d2390fc,da45d56e877c2134,kept,Representative
g001668,healthy/healthy338.jpg,healthy,healthy_leaf,09cce734e6a5f75d9dca98da31b362f09a379350ba611df51f8e95702b1db02f,849768ce6df086d9,kept,Representative
g001669,healthy/healthy339.jpg,healthy,healthy_leaf,524706c669699794203e9743296bab51518b72ac9409d186c9ebc516911a4405,c2d50efb29291c3e,kept,Representative
g001670,healthy/healthy340.jpg,healthy,healthy_leaf,05198cd32f2e373ab5cf55ef65e5f623da26284909b22b9b5f48c8a41e6bf725,ac43bf34c74ca07a,kept,Representative
g001671,healthy/healthy341.jpg,healthy,healthy_leaf,2e4fe0a28b22a87f538ea46c2f511de2e4aa3a75a0032fc1377a27ffc267a01d,c7dae11be488c167,kept,Representative
g001672,healthy/healthy342.jpg,healthy,healthy_leaf,af372061a72f4fd5ecdbcb9a0c607fcc39216291f2659b9d5e81d01854174a6b,fee8845ee107591c,kept,Representative
g001673,healthy/healthy343.jpg,healthy,healthy_leaf,3c6e783e5815bf51b548f59f3016e51de7501f6393040d51cc6c8a1798ba4507,ee284cadd34684eb,kept,Representative
g001674,healthy/healthy344.jpg,healthy,healthy_leaf,4fb2b3f53561bdf03cd91700f4826f5354680e29ac16b1587fcbf10e70e0c76a,dc826cd393f90719,kept,Representative
g001675,healthy/healthy345.jpg,healthy,healthy_leaf,85a08971d3b1613f66e48d6ee334a2faa9d11b71362083567ac8c70d04decd70,8db4c65fe3c9b420,kept,Representative
g001676,healthy/healthy346.jpg,healthy,healthy_leaf,495ab873eabdb8c9cbac17c47997e5f9185ab96574f6fd4255c6dcdc23c40225,dc717d36fa0b8281,kept,Representative
g001677,healthy/healthy347.jpg,healthy,healthy_leaf,61ec4a765a69e937383b37dc666c8bacc85813422772366b834ba3bc1a85fcdb,9b367825ea6b4d81,kept,Representative
g001678,healthy/healthy348.jpg,healthy,healthy_leaf,1e01900e9fc9a3bd5748c2642e47108b82b8d81fd9faf24bc52595b476fcb7ed,af783cd69f971040,kept,Representative
g001679,healthy/healthy349.jpg,healthy,healthy_leaf,fb05c66be0ccb5db3929984f34208416631ce25b2551d902302427cbb72027e4,8f0ee1bbe6c1ac60,kept,Representative
g001680,healthy/healthy350.jpg,healthy,healthy_leaf,9a52d38cf251b30fc851c4d36d4f4a7056a22e2622955dac8e3f75ad8ff9a200,827a011feebf43c1,kept,Representative
g001681,healthy/healthy351.jpg,healthy,healthy_leaf,ac0a40b184740dd315c7bd559cb1f7512934e1e3c983c9c4f5c94f86064ac7a1,e31a7eb818a4cb55,kept,Representative
g001682,healthy/healthy352.jpg,healthy,healthy_leaf,84a7a0b4ba12a4f2260753d9e87eb4574e70e899d7c82d6cb07d4af5aad7ef27,d87dc0e98d9e9642,kept,Representative
g001683,healthy/healthy353.jpg,healthy,healthy_leaf,1bc8508acea036b7c8649c267673160c44557dd75c39b4e35f8456cdf5073559,ae4e5058d8b437f4,kept,Representative
g001684,healthy/healthy354.jpg,healthy,healthy_leaf,7d41e5c1b429982eabc3bde9adf00ce8cd0a35d7cf3be38eee91031a06996d04,9703b1788f66496b,kept,Representative
g001685,healthy/healthy355.jpg,healthy,healthy_leaf,f929da0db48a5c809bcb6569a257b48884e53fea5897f840a66aca493813ac83,acf8b40f3353c9a4,kept,Representative
g001686,healthy/healthy356.jpg,healthy,healthy_leaf,3043bd5b9a24b7dec31619e97a4383394360dc27197a03f78a8563fe00be4dcd,991f335005c5ee9d,kept,Representative
g001687,healthy/healthy357.jpg,healthy,healthy_leaf,5ee1999134cab0538b3ab80f1407157ec46c42f775778cb6da66795749ddebbd,81eb3a06c1bd7a36,kept,Representative
g001688,healthy/healthy358.jpg,healthy,healthy_leaf,364c7fb3a4938acc3cd5a655c2c84ba060499aec5522ab41930b5755fdfa0ef6,bc180af765f9c072,kept,Representative
g001689,healthy/healthy359.jpg,healthy,healthy_leaf,527a454ef13aa0d2083483221521485db7c35833ac753f6375f9e663600bb562,94f08b3ae56731b2,kept,Representative
g001690,healthy/healthy360.jpg,healthy,healthy_leaf,47926c84a4155bf151c3962b49837f283dbf5a8f8d371b5677cc135ec9cd14e0,834bb20c3f87f474,kept,Representative
g001691,healthy/healthy361.jpg,healthy,healthy_leaf,222ef3ace1f98e62904dde9f02c9b44025d32ac445e3f03eb575cb830d59094b,f58f639616685e18,kept,Representative
g001692,healthy/healthy362.jpg,healthy,healthy_leaf,404f66cde29e86e9e9e72347d703ac3dd3ae16f2538369e3a7755792c4887f84,bc4180fd23b8dd2e,kept,Representative
g001693,healthy/healthy363.jpg,healthy,healthy_leaf,7a5ae612b6003a8cf11d6315a7afa7b985f5434ee8296fe35e02aca48c52099a,99ba2da1d6351ea2,kept,Representative
g001694,healthy/healthy364.jpg,healthy,healthy_leaf,25a6379f5b39e01622d4ca7d84b30e93fe1c91b1cdbd2bbd19a773a63ce0c996,99b57930e4f5c740,kept,Representative
g001695,healthy/healthy365.jpg,healthy,healthy_leaf,73736554a0877244d4721919aa15bb65e00ebd2fc784c38bf4766273578588e1,9c89773e69e94309,kept,Representative
g001696,healthy/healthy366.jpg,healthy,healthy_leaf,284bb1f65dc1aaf6fa496b602ad54be14cb77d7b437c944daf6305853158d8f2,bbc39606170d6da5,kept,Representative
g001697,healthy/healthy367.jpg,healthy,healthy_leaf,617e8ef0e9b4fd236aa38bd0617a1b2a9aec732f0f587273627edb8ec5aff903,86d0bcad506751de,kept,Representative
g001698,healthy/healthy368.jpg,healthy,healthy_leaf,78088fe031cd5bf786e0488774f000d99adcd6f6f007def26a097d7f1852a53d,e8b426b63b14a2bd,kept,Representative
g001699,healthy/healthy369.jpg,healthy,healthy_leaf,471c7d44a3b8c444a748b61a49b29fdcf9204cd0addc7c2d0218cbb15dc07e02,f03de80e23e07f1a,kept,Representative
g001700,healthy/healthy370.jpg,healthy,healthy_leaf,ff16ed754c96dc8803cdef5554d080759612c365b227f0770fdbc63de704a529,a458cf3e634d1ba8,kept,Representative
g001701,healthy/healthy371.jpg,healthy,healthy_leaf,b78f8e09bab28a2531f856f769df13386e7b84c45537da8a8b3651d6c27cd32a,ee939a6225727896,kept,Representative
g001702,healthy/healthy372.jpg,healthy,healthy_leaf,39e0c09bc01674b8a3eb74643cf5c3740c5244a9dd4016a5b0d9549e40d70289,e0699c9ab74ca7b0,kept,Representative
g001703,healthy/healthy373.jpg,healthy,healthy_leaf,85defb88a5b2f07bd3b2037aaceb6b64a8c2c9b85141cd1662b76d5433345988,c21ce064cfcf34ec,kept,Representative
g001704,healthy/healthy374.jpg,healthy,healthy_leaf,e5a3b200c4b60469afca320983627dd065fe4a89f1538ad8ed9a1dee8f3d1df7,ea3d37c95264d2a8,kept,Representative
g001705,healthy/healthy375.jpg,healthy,healthy_leaf,354de0a7ab7b226c26dbb2759eb8694e9cdab27190beaf04404c7400cf69e0f0,917065ecd0f3d2cc,kept,Representative
g001706,healthy/healthy376.jpg,healthy,healthy_leaf,abb5330d0bcb5c862c4c7ee9a3e95fd85d058e8a1ce8b58ce2fcc3c5ca6255f1,f974add01c474572,kept,Representative
g001707,healthy/healthy377.jpg,healthy,healthy_leaf,085a63277cc70cde0b21194711e8ebd771019c39ed8e764887543da54a3e0000,b41ec325feb06ba0,kept,Representative
g001708,healthy/healthy378.jpg,healthy,healthy_leaf,82638669defff4d3841c032528e3e283519db3b52224cbda89064ccc5ad68a37,c9273c88fcfcb01a,kept,Representative
g001709,healthy/healthy379.jpg,healthy,healthy_leaf,e5a0b29285ec1d53ea67cf80f50fe0d242bf81fede34d9e16a2f9d4862b5b3db,976b76d42ec2a312,kept,Representative
g001710,healthy/healthy380.jpg,healthy,healthy_leaf,da71b916df3ddf605062fc312a7c12a0737878eedce642907dc881aa4d4b7905,e3a13415f60fcc72,kept,Representative
g001711,healthy/healthy381.jpg,healthy,healthy_leaf,f93acafe29484eb5a96bbe78dc6bf6f74a1a87bccddd06fd13b6857721bdb65f,a66389a25b93fa98,kept,Representative
g001712,healthy/healthy382.jpg,healthy,healthy_leaf,a8fbed9c8c5c967cbe38aa6c44e57a18841f0378b7d6fede359b35575bd9cbd5,9de72619b4d39710,kept,Representative
g001713,healthy/healthy383.jpg,healthy,healthy_leaf,74a11b8b628efd7a5ebe6eb9612f8fea148ab9fbda81de6e6e2422eff3f4a4d4,cfd179e090174e78,kept,Representative
g001714,healthy/healthy384.jpg,healthy,healthy_leaf,bf13b10d19d184dc75cb8da3ae4a5fda7cdc623030622b2ee12f1f2999bde8e6,94603ee68ec2ffa0,kept,Representative
g001715,healthy/healthy385.jpg,healthy,healthy_leaf,71c62ca46d7bd5869a37efb32f52aa6988bccb274ae94a9592e4978c213a96f3,8daa719a6046767d,kept,Representative
g001716,healthy/healthy386.jpg,healthy,healthy_leaf,6c1207c23c86bd9f99cefb67239553775fc91574dfad0c5fac663ed10f35a343,afb86dedc0c0340f,kept,Representative
g001717,healthy/healthy387.jpg,healthy,healthy_leaf,74f2ce7cebdd9a7649921228ca574cb556948a600561359c1afde666fa9406c9,8cf372b9f38dc140,kept,Representative
g001718,healthy/healthy388.jpg,healthy,healthy_leaf,02830e7e92d29cd4305c03a38f9d1bdbba0ad54dc3189e7087e1e6d11aad38b0,acde76a0b321c947,kept,Representative
g001719,healthy/healthy389.jpg,healthy,healthy_leaf,9ce981f278134d0022acf97b2428722a2d9e9eee3de61605f2a67c73ab9fd37f,81c8a863669dbead,kept,Representative
g001720,healthy/healthy390.jpg,healthy,healthy_leaf,5677cd8dc174c13fc08c0aef572a1684f9d69f6779b540614afaad0349b068b8,e7a53ba927f020c3,kept,Representative
g001721,healthy/healthy391.jpg,healthy,healthy_leaf,83b5e6158974d8b94522050e2ddea82179d6ad39e1f4f3e3c4a265e92b1943e8,dcc3b03d403bd89b,kept,Representative
g001722,healthy/healthy392.jpg,healthy,healthy_leaf,03119efa7fa0323c43fdc64ef097f13221f22a1b35fa182195313a954040de7b,cbc6223d8c72cbd4,kept,Representative
g001723,healthy/healthy393.jpg,healthy,healthy_leaf,7075946fdda734b728d26cc411e6c869b0f1e36ab489342c153909c542c5bbd8,8c1c19ce19357aed,kept,Representative
g001724,healthy/healthy394.jpg,healthy,healthy_leaf,dd37405bd938490be397653def05a9ccd22ada1b0c269dcc796b20f72ea5f1ce,b5ec2599e92a9117,kept,Representative
g001725,healthy/healthy395.jpg,healthy,healthy_leaf,42b8a76df80eb76e500cf6324790add94d2fa45d55c88dfb88e20b76dcfdae99,f2c1439e1c96ea69,kept,Representative
g001726,healthy/healthy396.jpg,healthy,healthy_leaf,56a98f4cec9472a51b3dc326c2734ab0d6d9c761a8186e4a04d8d36454146fc5,d2c2cfa8dc3c26e2,kept,Representative
g001727,healthy/healthy397.jpg,healthy,healthy_leaf,272d397da761bce1992004d3ce9d563308d23cfc9a549cf8bd1d74c933837ecd,db0f4c8a18cbb46d,kept,Representative
g001728,healthy/healthy398.jpg,healthy,healthy_leaf,46bb44cf00c52f4c3a62f8384403b97665d1085145ac800e31e8a94ebc4b5044,97570260ef84f47c,kept,Representative
g001729,healthy/healthy399.jpg,healthy,healthy_leaf,e9c2a1c7183afb207e05ea0cacb3ba644e9c1e20020bd6307b39fb603e766ba0,b835084baf6ed0d5,kept,Representative
g001730,healthy/healthy400.jpg,healthy,healthy_leaf,12afcba8500f45e8a98750cb5bc70f0ee7fbfd9bc641b39cea2e12a1fb86eb1e,ccad3784d5bc7414,kept,Representative
g001731,healthy/healthy401.jpg,healthy,healthy_leaf,71ef8a1332955cc90aa3a89cb006fe0a1d0ea51c9141e5ae45631c32ec70c926,9c7563fac6ea2083,kept,Representative
g001732,healthy/healthy402.jpg,healthy,healthy_leaf,67fc6397b1bcc3fcb7cbe6c881b2923645454f791db7d911cbeb42d3e66fa28c,f281b64c6a1adb2b,kept,Representative
g001733,healthy/healthy403.jpg,healthy,healthy_leaf,1f3cdbd1bf4ac0119645c91a75bc54f04d77732865b6ca2736ec9f12fec48d59,ed46a1703c84dae7,kept,Representative
g001734,healthy/healthy404.jpg,healthy,healthy_leaf,8d481de7bd8c91109beed0aae537330a681a4fd55491d7d51a8a8b1c38ae7fed,e42cbbc89cb2c956,kept,Representative
g001735,healthy/healthy405.jpg,healthy,healthy_leaf,d82521fd54efc8b546059a9da454917738a17ea37edab774151bb1e50061209a,8a9dd72f60337429,kept,Representative
g001736,healthy/healthy406.jpg,healthy,healthy_leaf,3be03fe86ba9e78fdbec2ac4e513f72923760071371380bd43cb0238e2249aa7,f6ac0dd049cdb48b,kept,Representative
g001737,healthy/healthy407.jpg,healthy,healthy_leaf,90ccb6da87e273d956570361926c0ce273943a57ca3b1fbecb202fda21de2393,dbb8e4db8ca12cd0,kept,Representative
g001738,healthy/healthy408.jpg,healthy,healthy_leaf,54c2c7e30264238404faf2bbefc39c24b5d72a0cfd298628aaa19d83204aab2c,e0987e85ed76831a,kept,Representative
g001739,healthy/healthy409.jpg,healthy,healthy_leaf,59cbea0d7a2c021b1671fc7ea229d12f712ed12fbb5448872de1a08e1c5072d2,bc3421c9bdcd1f21,kept,Representative
g001740,healthy/healthy410.jpg,healthy,healthy_leaf,58275c78825e1e2ee195a894d7753b5b16924d06c9db3df0c3b710022d95f79e,8cca68359d391ef1,kept,Representative
g001741,healthy/healthy411.jpg,healthy,healthy_leaf,1689537cedc05e415ca2e00450788f369363084ef135ed85ce9ac60bd8671d56,a38e8fc1531ec3d2,kept,Representative
g001742,healthy/healthy412.jpg,healthy,healthy_leaf,8da24eff34cb2ffaeacc43cde5c9a5f25e37d9e5b8d185e88b7090685a6abec6,f32c90fa649be01b,kept,Representative
g001743,healthy/healthy413.jpg,healthy,healthy_leaf,d1d02735cc5304ee6569bb7e8b1eff34dcc9c6fd97574c14f64373ca3d258e13,b21f37c4608f8f62,kept,Representative
g001744,healthy/healthy414.jpg,healthy,healthy_leaf,88e24e202f5e7460bec48fc763dd548e40a31342ba5bac3ac71b4aa74fc470cd,a7c8c651def809b8,kept,Representative
g001745,healthy/healthy415.jpg,healthy,healthy_leaf,104ad6f6bf48330532b87e8a996a45188631a511307766fd845fb14d1cf157a4,c8827e92872d6bb9,kept,Representative
g001746,healthy/healthy416.jpg,healthy,healthy_leaf,58112b35f2d54d85f1d9bd602f31a19c24e2edba74d2d282af23be1811bd3474,c42ac2d4eb7235c7,kept,Representative
g001747,healthy/healthy417.jpg,healthy,healthy_leaf,3a4a94d05eb0f3c94406b564567597a2184753c292796c36eb7e1ff4e4e5b57a,989bf3a58c9e5898,kept,Representative
g001748,healthy/healthy418.jpg,healthy,healthy_leaf,ee3550944d89035a4f5a72abb63e4132829784c2d5b72049448f1a8bb9010154,b38bd24dd68ac26c,kept,Representative
g001749,healthy/healthy419.jpg,healthy,healthy_leaf,b9418632a9616f03475d37ff4175bedbe059971db7eb50e62b13ba0cef0ed82f,f4bce7f359c80310,kept,Representative
g001750,healthy/healthy420.jpg,healthy,healthy_leaf,1b15b7511825dcb53e3c6026602a6517ebd0fea1cb313ef265d07ddf2a2a16e9,b5d3b622ec0f3581,kept,Representative
g001751,healthy/healthy421.jpg,healthy,healthy_leaf,f0d10eee667e3f3139d92fe4b5b7e0698a7ca2942914e264677e75142d55a855,ad6670d798096769,kept,Representative
g001752,healthy/healthy422.jpg,healthy,healthy_leaf,4fb35ad0e999ba4939c9dd647fdab47023591cd42b3cfe426296d343a2eabe11,91e07d310f19f39c,kept,Representative
g001753,healthy/healthy423.jpg,healthy,healthy_leaf,6dee434fdaef294a390c67cd19be804833ffafa6da3be6a4fa98f7e2509c5e95,c199776821770f8b,kept,Representative
g001754,healthy/healthy424.jpg,healthy,healthy_leaf,585cf98eb11a27eb59838221c47d8bbf387a986073c8c59caa8f99e0f040b9e3,b70f099803d5bbe4,kept,Representative
g001755,healthy/healthy425.jpg,healthy,healthy_leaf,fb58c8c0cb218b173a298ba312cd9c4531af9a49cded2bd5a7e993d4f77547f3,8c6d0fa0267f33e4,kept,Representative
g001756,healthy/healthy426.jpg,healthy,healthy_leaf,223eac93d57b06f5beece0e87e81083c08f61e24c4532bec1e4165df1f5ddd4b,846f3ce6c9782e1c,kept,Representative
g001757,healthy/healthy427.jpg,healthy,healthy_leaf,15c714f52ab130facfb8082119ef6eecd7ab0e94b398fe00cdcf0a539506e36c,9ca23ed7294871ad,kept,Representative
g001758,healthy/healthy428.jpg,healthy,healthy_leaf,4bae652d83bb8b0908be9ff112ef5f597058ebd79c26a66ed93b4fb3a8c7c2eb,e8053b6dd4999785,kept,Representative
g001759,healthy/healthy429.jpg,healthy,healthy_leaf,dc9c63160f1a5044d18ed82c1798db9df48d1aaf4d1f220c6b9a2ab2a1ae2103,c967b5d1aca2ae84,kept,Representative
g001760,healthy/healthy430.jpg,healthy,healthy_leaf,ed1d834bf3b2ae417b1536fd4b4c22ef807fcc6c717505c9b5f4269c5239ed33,abb736de108fd102,kept,Representative
g001761,healthy/healthy431.jpg,healthy,healthy_leaf,51877a08a5e232109330fdf7a7b9eff716c3ead37a309b0c4a107de96bee617c,966c6aa1b6c2b729,kept,Representative
g001762,healthy/healthy432.jpg,healthy,healthy_leaf,8df9b332629c34c7b63c920c578a015b975bf2ef0086ea7edcf391c8da57c86b,d762242d4a82daef,kept,Representative
g001763,healthy/healthy433.jpg,healthy,healthy_leaf,f953c8825852f7259db83414892f2bd79f03f892d7fc243f9976cfdc8dcaab22,85346a791355eb4e,kept,Representative
g001764,healthy/healthy434.jpg,healthy,healthy_leaf,3c21a56832b9b716f5bfa29d5d55b0937c1a0aa4e857b4ceec38542c891733b4,d25a25cd9d0f3466,kept,Representative
g001765,healthy/healthy435.jpg,healthy,healthy_leaf,beb9bcf805de91e2ff006600d74bf5a156c9edca8ea8d03adab71ab94616876a,fb0eb23d1fcc84c0,kept,Representative
g001766,healthy/healthy436.jpg,healthy,healthy_leaf,b571d0f73910b93983f2b8921e9875d2eb3e1b318e89d08f511db0ae88a41b38,fc9f345e718214ca,kept,Representative
g001767,healthy/healthy437.jpg,healthy,healthy_leaf,0264ad761e550b77d7e666e4562d41e33b73fdaa053cebbfd4859ef24332a898,e564aa20ddcdcda4,kept,Representative
g001768,healthy/healthy438.jpg,healthy,healthy_leaf,319a183a2b037dba150e73f41c6888810605f3eaf13b1be2db0d79c14644be74,8c2dcdd8430f535e,kept,Representative
g001769,healthy/healthy439.jpg,healthy,healthy_leaf,906e0974a5dc039e07b325879390f5e67a737efd0d787415ab5fb56f9b7edbd3,b2c5706df44e0d99,kept,Representative
g001770,healthy/healthy440.jpg,healthy,healthy_leaf,6dc9f30c8589b4882f3f0afb7bdd4d7aa0fad323f757079f82067617dbe4ac31,d02c6d59e0a8e5e7,kept,Representative
g001771,healthy/healthy441.jpg,healthy,healthy_leaf,0359d5c03cc8186c81fb31e36d4359a3645275eab425fa8c8705471308b35d8e,bda24213ccebc45d,kept,Representative
g001772,healthy/healthy442.jpg,healthy,healthy_leaf,5c96ad5f3f59bc17da899acf3e2c6792e92c457a2043191c6542e8d4e113b2a1,8ce767613d8e1712,kept,Representative
g001773,healthy/healthy443.jpg,healthy,healthy_leaf,25373c459cd8f0ca836ee3d8796848013f9202d86f5d7dce3dedb9ad917dd822,c58b3ae48c72256f,kept,Representative
g001774,healthy/healthy444.jpg,healthy,healthy_leaf,4ffdd1b9cd78ee3b967f0a927a19157540feccc4bc44c4ec7a026d23d702d838,c8390dcec770b32d,kept,Representative
g001775,healthy/healthy445.jpg,healthy,healthy_leaf,1eeab6b21318b1c746156a37a40af56aa41235efdc4009c9409463306ad1ebb6,94724739f9422b8f,kept,Representative
g001776,healthy/healthy446.jpg,healthy,healthy_leaf,d182df18d619866ce90c6b2feb64467a9feb77fcd15ce585624643351f44b34b,f9f66f261c9806a1,kept,Representative
g001777,healthy/healthy447.jpg,healthy,healthy_leaf,a5a84b601d3ded0c11e8948b7bc8e3553a1a067cf62078d190794c015e8704ff,f41c15e1af0a4bcb,kept,Representative
g001778,healthy/healthy448.jpg,healthy,healthy_leaf,eaa674da402d6594181e7f8a26acb4e7d931e3520c4538056f976c0be1a8a230,9b6fd81e54139b05,kept,Representative
g001779,healthy/healthy449.jpg,healthy,healthy_leaf,561245521fa9e3d3d49a833876ead44ec956ec14bcec7be84e66fb8c61ffc19e,9256afec45c40fd1,kept,Representative
g001780,healthy/healthy450.jpg,healthy,healthy_leaf,f4868934935c396cf579b006f8184f265ee88a7e605c4c45b1997f7027dadc7f,ada6b92e1900f63d,kept,Representative
g001781,healthy/healthy451.jpg,healthy,healthy_leaf,77ac7fcf7eea67412fcfaa7f7042c8ed415096c736dd2338f88e5268fccfc9ab,9537352862e2c69f,kept,Representative
g001782,healthy/healthy452.jpg,healthy,healthy_leaf,765332ff76f3d73af2b62afcf199e3a07b546124b36341a647830824b9cba2a7,87f1fe8ab909191c,kept,Representative
g001783,healthy/healthy453.jpg,healthy,healthy_leaf,b36c663d1a4bd3c44b4b0b39c05e84c78d2fad66ae3ecb6bb80a2bfc36bc4c12,e01b6afaa4b662b1,kept,Representative
g001784,healthy/healthy454.jpg,healthy,healthy_leaf,91b79bfa8a7879ee23f55bbd04d300cb64cd5eda5ed4adf1a2f47125a9c790c4,85fcb491d20c757c,kept,Representative
g001785,healthy/healthy455.jpg,healthy,healthy_leaf,f461e1af5842f572c677db264d824dca431f5fa4230d5e8566b458e474c43735,fc2477e54394486b,kept,Representative
g001786,healthy/healthy456.jpg,healthy,healthy_leaf,e45e522ca495a1901e8f7b2d3f43a9d54e2fa1da3f4930b4e43a888a0d87698f,90bf7eb1a51303e4,kept,Representative
g001787,healthy/healthy457.jpg,healthy,healthy_leaf,370e622b524645e6ff5ac39934abc954c964e07d5b2ae0ab0b6b39981e78db31,b6ed3d71a70e0185,kept,Representative
g001788,healthy/healthy458.jpg,healthy,healthy_leaf,267941da1d9156cabfa8ea0d43750402f40843a4fe5b0fe5f54232f4d409335f,cea3becda13112c3,kept,Representative
g001789,healthy/healthy459.jpg,healthy,healthy_leaf,5d3648d8375a95850520731b8c07b23eefa073d3118072e85f0959a6f6e6c2e7,f7bc81d10c63d46a,kept,Representative
g001790,healthy/healthy460.jpg,healthy,healthy_leaf,47ee64d9723334e718f176d39ef4f070d76412053fe479907523f1663cbe06a2,cd0adb81f043e1ed,kept,Representative
g001791,healthy/healthy461.jpg,healthy,healthy_leaf,0b1d9bfe0e0c3c3a631ac530cfbb477d6496913ab2e0d155e9ab266ae76e3f29,b3530287d236f2d6,kept,Representative
g001792,healthy/healthy462.jpg,healthy,healthy_leaf,6c8c6542b6da3cf3bb24fd5174e849915bf064fcd6d7f7f979aeecaa418d7617,e2df3817451c3339,kept,Representative
g001793,healthy/healthy463.jpg,healthy,healthy_leaf,b24267e34232874a0842dc66191abb8d3b209fdf658e5cf8cb5b3c0a40957a55,f237a34c68b2d2a5,kept,Representative
g001794,healthy/healthy464.jpg,healthy,healthy_leaf,2cbc8c40228187f8659cc3df509282a5f574f9a41b90edc48ed7fa852916a6d4,dda79c2825b7302b,kept,Representative
g001795,healthy/healthy465.jpg,healthy,healthy_leaf,e10f978bd3d2d7b9c9e9b2be006291514e9833028534e26922f7886a04b85c29,ec7fcf48b8499814,kept,Representative
g001796,healthy/healthy466.jpg,healthy,healthy_leaf,5bb03257063c871e46c0a18c14544b750c667f37b38bc1f8fc02e069bdb0704c,cdf89bc765b400a6,kept,Representative
g001797,healthy/healthy467.jpg,healthy,healthy_leaf,65c1d4a6c550a79968d6251fff29b8bedf39012047d948b25b4953bf0a80ad11,971eac193f28eca4,kept,Representative
g001798,healthy/healthy468.jpg,healthy,healthy_leaf,9888dd2cd3778a9fb24978fc2b9cde6f44aef9661e715f1f9327b817eb65e06f,a3d8a3032f9dd217,kept,Representative
g001799,healthy/healthy469.jpg,healthy,healthy_leaf,dd7e50ee793befb524af49ad737a447263c2cd5b8143b6d6aba280475176ab14,a7e96e308b082fc7,kept,Representative
g001800,healthy/healthy470.jpg,healthy,healthy_leaf,209b248043ed02908afcfab5fdaa8b919ace98431c311981804fcf1d3e91fe5c,c99cb0e36e5aaa16,kept,Representative
g001801,healthy/healthy471.jpg,healthy,healthy_leaf,21e6aa4bfce8b53168efa75c03c0b9055973e72b85f03c4955a18cb81189911e,f4a142c23f721b9d,kept,Representative
g001802,healthy/healthy472.jpg,healthy,healthy_leaf,81d265732cb778efab7b5ccf41ff24481bf2979efd5ee8dcaa6594a7237a860d,fdec24a0923fc853,kept,Representative
g001803,healthy/healthy473.jpg,healthy,healthy_leaf,780655c56a661f341d4d223e38af3f911df7a3496757e2dc52232d69550eb06f,bc9059b74b0e32ce,kept,Representative
g001804,healthy/healthy474.jpg,healthy,healthy_leaf,7914d10bc336c1f248d8c0e553c6c0a34c85762a713b1fd61d39cfad2cb74f4a,c9ad962c51923af6,kept,Representative
g001805,healthy/healthy475.jpg,healthy,healthy_leaf,fbe54fa9ed5418416b19ab3c0ceb8c9d55382dfca71bb0020d058dd182294940,ed7411f094cca33b,kept,Representative
g001806,healthy/healthy476.jpg,healthy,healthy_leaf,d03f662765b530f7f995ce5bb4b92717c65290e64073325473c65834feae90f1,86e519edf8173318,kept,Representative
g001807,healthy/healthy477.jpg,healthy,healthy_leaf,5bceb0987d97fab0b43203b180269b4605074b290aef11fcfd3dab44cc4384cb,c90e81f3f324cf31,kept,Representative
g001808,healthy/healthy478.jpg,healthy,healthy_leaf,822b51a9fdb258c169e2d190304e72663653f0e59ea7c8265c5c41843300f9ac,8dbcc55c4e7066e1,kept,Representative
g001809,healthy/healthy479.jpg,healthy,healthy_leaf,ed8315891a151943edd7734e39159f96b79f6e5c3947a088a6cc2334d428d88b,eaf642bbdda0500d,kept,Representative
g001810,healthy/healthy480.jpg,healthy,healthy_leaf,4aac41973aa861d8b658cbe2952968f805dc2ada48a7fc7379b8f6038a13cf3c,c3e44bd93969502f,kept,Representative
g001811,healthy/healthy481.jpg,healthy,healthy_leaf,e8116f794d380281531b7a9c95d1b4814271b876dbc1aada1b2565810290d6bd,b1e418c39f788ec5,kept,Representative
g001812,healthy/healthy482.jpg,healthy,healthy_leaf,6ae1ba649e5df4cac8f3a74c9a8be99f0cc8c19fffbd921a1ce1df055406aed0,93aacc5346b51e96,kept,Representative
g001813,healthy/healthy483.jpg,healthy,healthy_leaf,0ac80ab142683aa5a11f6d3aecfe6f97578cb2631c2aa513a4360fbe5217eed8,b1f4c83cba95216b,kept,Representative
g001814,healthy/healthy484.jpg,healthy,healthy_leaf,f97413ed7d369791bf5ec13489cd0fb0f590217b6ad0e35595a8dfc582f69f7f,ad49afd8dc1049b9,kept,Representative
g001815,healthy/healthy485.jpg,healthy,healthy_leaf,29fe834130770f931d2b99633a2696f78d0bd85fb5bf9c66d3cbfb8f33ed22a4,fe223c91c6640ddd,kept,Representative
g001816,healthy/healthy486.jpg,healthy,healthy_leaf,db39245feb096159f2b3a846d755420f36f8df27db52e32971b870d1d1470e3d,9873e44ba351cc7c,kept,Representative
g001817,healthy/healthy487.jpg,healthy,healthy_leaf,079b2bbfb48ed98f791e7c82e85402c31f113e16d1075f2fe9763795eda9d627,a7cb8d7e8f854086,kept,Representative
g001818,healthy/healthy488.jpg,healthy,healthy_leaf,50a9baadd8757070621b3a2e554fd60c64b6bc1e958b961119e3ed4be9441b74,96bfda3b080346bc,kept,Representative
g001819,healthy/healthy489.jpg,healthy,healthy_leaf,797a2031f8f29a918c46b84a0246bafedc7189e011c4c87fe132e54b23580ca0,e1dfd50739154718,kept,Representative
g001820,healthy/healthy490.jpg,healthy,healthy_leaf,65b3367ce95bb25ee4a49ae61035d598975ba8eaa5b87cbe8269691888b60354,d9e8c5fe5a8a2c41,kept,Representative
g001821,healthy/healthy491.jpg,healthy,healthy_leaf,4e976aba2c5ba69d9643a89f23c2a73a3edd44c77297e351d9ead9f5cd4a3ae2,ac14732356e11fda,kept,Representative
g001822,healthy/healthy492.jpg,healthy,healthy_leaf,25429ec0c78736630cb9830f86a0682da2c3e3e0a401fa7c1d7a81f22e1a06b8,ab38426f24e9e53c,kept,Representative
g001823,healthy/healthy493.jpg,healthy,healthy_leaf,12066c77843b1164d5dfd17f5f4e5431778dc92d4738e0475cbe9654c598d4c5,c4cb9f17c8e41b64,kept,Representative
g001824,healthy/healthy494.jpg,healthy,healthy_leaf,8a512be03f76f00501431c1748d6cf3bd25a72ea0b9ab5e0646c1fdfee2a2e0c,a843fe3d0eec88e8,kept,Representative
g001825,healthy/healthy495.jpg,healthy,healthy_leaf,b7887b58d8a7baf672a7dafc6f91268e4b0acb4b6e49856f48e1ddef1f5cb899,a31ebc4d87d20baa,kept,Representative
g001826,healthy/healthy496.jpg,healthy,healthy_leaf,275765df33603a819b029990581426daa6569644d830d39b8536a4ac76a9bd14,c61827fc1a8dd663,kept,Representative
g001827,healthy/healthy497.jpg,healthy,healthy_leaf,aaee25565a147814f916c366764a4e27cbb60cf61e499c0270fad351d9cbcde0,cd7a807f329b6381,kept,Representative
g001828,healthy/healthy498.jpg,healthy,healthy_leaf,49362451232b01ebe728035b2e0985fa5de94e9a16479c3b3f8e9f15d1d9a250,a0e99e5291b4dab3,kept,Representative
g001829,healthy/healthy499.jpg,healthy,healthy_leaf,e521ed0be7a796063fcf2ff510ccc6d665ef638de8e71f4cc70faa7b8ae51348,cb2fc9c6e4583b84,kept,Representative
g001830,healthy/healthy500.jpg,healthy,healthy_leaf,b9960dedb21d03669bc8e3797299f49d8a12c1973c79727e1a9ed3a5df63a5f3,e88b34dd5518c8ee,kept,Representative
g001831,healthy/healthy501.jpg,healthy,healthy_leaf,c6dc17f3038c014f1148f390ac6782fdbb0df68a5d133bc081337e4f8d0cd27a,d15a09e378fce498,kept,Representative
g001832,healthy/healthy502.jpg,healthy,healthy_leaf,78aca44315e4e1c6a4e274d23e48c6dd4c38f0c1ee025680a5cd6cd46311bceb,cb6682d1789e7172,kept,Representative
g001833,healthy/healthy503.jpg,healthy,healthy_leaf,cd5258d5818ed345f6dd3c86f0cff44074fb8f99900c730637f954794145bda3,b42d52e48c9be4ae,kept,Representative
g001834,healthy/healthy504.jpg,healthy,healthy_leaf,8112d997334f8c775d3ccf38e98c900a0fa397231e498e18b3bb1e7850246a75,9f7326d9a1990596,kept,Representative
g001835,healthy/healthy505.jpg,healthy,healthy_leaf,2a546a40bf950a2e5fe8ad598cf0f88211dab3491b8ba6096d296bf12558bb63,9ee54deb4e516184,kept,Representative
g001836,healthy/healthy506.jpg,healthy,healthy_leaf,d977ae58dfd6c16328afe4ec0a6d553976b24a83b6afdf30c7490e9bd19f24ad,f84c19f26da55623,kept,Representative
g001837,healthy/healthy507.jpg,healthy,healthy_leaf,ac222ffa9a000da477030b37e4e418f6a756fef343be3754c0752ca2dc13778c,f164f603f1239bd0,kept,Representative
g001838,healthy/healthy508.jpg,healthy,healthy_leaf,06895ed2e86788effc5aaae4f16b7b7a8be77a6d9bce92821122c63705b57dba,ab066a74549d24fb,kept,Representative
g001839,healthy/healthy509.jpg,healthy,healthy_leaf,59719bda449e9f0ba0917db5681963bc603069a7dcdd60b97c3854c0d406038d,e67fcf13381c4b08,kept,Representative
g001840,healthy/healthy510.jpg,healthy,healthy_leaf,2bc8358d4720c8f457cb500d11c73a8941b4bb9d72b26ef73c029e0f8fea274f,f80ddee24f10f708,kept,Representative
g001841,healthy/healthy511.jpg,healthy,healthy_leaf,2e742c308a579e22ba064f10c6a5778273fb3aaa9a5623df687f55cf545046a5,b2a7b4b8e1e20aec,kept,Representative
g001842,healthy/healthy512.jpg,healthy,healthy_leaf,c67903b11194c32ac7a9487de341d1f10535434dd78a6e695ac0cf354930c670,8ef8ad4a13c47aa6,kept,Representative
g001843,healthy/healthy513.jpg,healthy,healthy_leaf,6e465e7a7a23360eab646065ff89de67321856c84699c1ad867763924bee3dbf,edd4099a4a4f1f0b,kept,Representative
g001844,healthy/healthy514.jpg,healthy,healthy_leaf,7188372275f49e48dbabacdb3ef10454980bb1b7f0494c2fc3440900579cf8b8,d684267a98fba3c1,kept,Representative
g001845,healthy/healthy515.jpg,healthy,healthy_leaf,d2c0bc0cac235975bef00a40fea2d47c8aa613ed4338b4d9fe5855b6eb518481,ca6068610997bffa,kept,Representative
g001846,healthy/healthy516.jpg,healthy,healthy_leaf,2b2019203177983c6f1e2457ead218baf9bb07705a2e3effe8864ca286064aeb,8b1e73b3fa61022d,kept,Representative
g001847,healthy/healthy517.jpg,healthy,healthy_leaf,1b9a7fbf0897f1714e4173460e3714d645a7d08ddaded4d34502f2f0e5bb3205,9cb12f055c564ce7,kept,Representative
g001848,healthy/healthy518.jpg,healthy,healthy_leaf,64e3ce4f8e0c9071fe6bb74fc8d736356135ab703ac447860cc4ed5e3caf4ad0,e1bc7132dc71a45c,kept,Representative
g001849,healthy/healthy519.jpg,healthy,healthy_leaf,16c365609fc29863b00bfb40b422ea77393fffe598fe07000c520c8044f18c05,c96869a81bba3b8d,kept,Representative
g001850,healthy/healthy520.jpg,healthy,healthy_leaf,07e59ecf76713f92aafa75280f184133bfc815d5e8121b19018c78c1869b0a9b,830f34b07d7f2554,kept,Representative
g001851,healthy/healthy521.jpg,healthy,healthy_leaf,9fec7300edb4026509ad5185738c5d7fb1f814d88abd2ec20e8246158fec32b5,a3c73fe882d9c161,kept,Representative
g001852,healthy/healthy522.jpg,healthy,healthy_leaf,220ea40cf94d478da897f44a9cd39070cfd1596089f47bc196f0b536912fab16,b20332b44b7d7953,kept,Representative
g001853,healthy/healthy523.jpg,healthy,healthy_leaf,db5cdc5bf30163ed6a21d2768e14a9c3d918c4aa785f4c5163f2d992655f76ab,973d65d54a8874b8,kept,Representative
g001854,healthy/healthy524.jpg,healthy,healthy_leaf,82e9a478003e726f50378a37d993c4dd2fd24c56577edd181433d4c1f14a79bd,b5c5217d6c6cec0c,kept,Representative
g001855,healthy/healthy525.jpg,healthy,healthy_leaf,f88b6b85a9b4afd14f4826a3f8a501d5f04aa8b284b942f064f3599788373351,efe1266c899463c3,kept,Representative
g001856,healthy/healthy526.jpg,healthy,healthy_leaf,c996df843b9c003823083aaf7b364012da3a128d26fff8c434887ec1c24692c8,f3b019037ac6f2a3,kept,Representative
g001857,healthy/healthy527.jpg,healthy,healthy_leaf,2e1470ab07ddda87b09ef6a25bda2a81c51f2e1bc0302350cfb5ff14ec6e9265,c5f1463ecd5622c9,kept,Representative
g001858,healthy/healthy528.jpg,healthy,healthy_leaf,41385ef55c4271f097874c80454e6b06898f078b80cd605cd0a59b8c10eb2329,c996f6ad8bc0702e,kept,Representative
g001859,healthy/healthy529.jpg,healthy,healthy_leaf,29b72e1213fa4a5f75a56f7b3a3fbef137d4be53da464373b36c4d374b92024e,fa321ed307980bcb,kept,Representative
g001860,healthy/healthy530.jpg,healthy,healthy_leaf,114aca8336f7b2d9995f98bed8a81a4a42036baddb860d4303cf112dd2ba0231,bd66cc49241327fa,kept,Representative
g001861,healthy/healthy531.jpg,healthy,healthy_leaf,59cd185a7dbe5fb1aff6d3e3413cc50b530d5820a148211c8bbf083dae535e6d,b4e4d9904c0a97ef,kept,Representative
g001862,healthy/healthy532.jpg,healthy,healthy_leaf,c9e790ccb6f661d84bfeea7d84ea8bd6e1532cdd4cddbc0f6302d05e17c5c531,f397f0c12d20279d,kept,Representative
g001863,healthy/healthy533.jpg,healthy,healthy_leaf,7587c7fc0238309c658b113cd8f65e3e11a9fe77373485939040168565186162,9c9886a553bb62ae,kept,Representative
g001864,healthy/healthy534.jpg,healthy,healthy_leaf,2e708cd804b868d35bfe419dde5164601d9320aab2115cb8b3881c3a81109c20,94124c8fe7e67392,kept,Representative
g001865,healthy/healthy535.jpg,healthy,healthy_leaf,9ca2781eb87f8a3a458b402957bb4b2f7360f7c987b05fbe5e0bf10cbfde0c8d,99f34f3c3a1211ea,kept,Representative
g001866,healthy/healthy536.jpg,healthy,healthy_leaf,2965b757bd742347773e076e530b9e927d68741d3f9629293f655e053f9defa0,8ebeb1f18c22d64a,kept,Representative
g001867,healthy/healthy537.jpg,healthy,healthy_leaf,691827d213e3c42375ee4f776cdfedd763f705b4845e463283c58b697dc5e13a,d2ddc92ded126c50,kept,Representative
g001868,healthy/healthy538.jpg,healthy,healthy_leaf,67d04236ede21cc76c5431b4f3812176d8721641eb0d90b5c1fb9ed244c74545,d85de2b98d9c6164,kept,Representative
g001869,healthy/healthy539.jpg,healthy,healthy_leaf,a3e7b38316320b474d95743d932c6f321f4fdd527181acdeacf22e041d3ee00f,be8e330adcf6a4a0,kept,Representative
g001870,healthy/healthy540.jpg,healthy,healthy_leaf,6aa85a3efa5493df2476bf967a67af937e04b4fc50407138703fd5ce12652aa6,9f8d34c2a25c46eb,kept,Representative
g001871,healthy/healthy541.jpg,healthy,healthy_leaf,3db82ad9af20eb4f13e2d41fc7a3101f72d129cf3a4276fa2ee2578d74bc1a29,972e60cb787c7b08,kept,Representative
g001872,healthy/healthy542.jpg,healthy,healthy_leaf,b92d9b479de79a7648251595f13f935620fc0cf1be4b53d5245606af59224a8f,b0c06a770f13d34f,kept,Representative
g001873,healthy/healthy543.jpg,healthy,healthy_leaf,63d22f167e0844ce7df66da6d62e2d2b6f791cc9267daf1b6bb97ea42e4edb77,aaefc0e965481f94,kept,Representative
g001874,healthy/healthy544.jpg,healthy,healthy_leaf,68125fed8b7ec69401c1d5f4484d63fa475483ce8fef9b82e409a81a71786573,e9fafeb0c00c9159,kept,Representative
g001875,healthy/healthy545.jpg,healthy,healthy_leaf,5494c130df33ef49334ad46270b222526cd4e1695c328f66406b7ddf68438757,d2157a8ce583697a,kept,Representative
g001876,healthy/healthy546.jpg,healthy,healthy_leaf,602c00aef18fd3abd6000fb56e2a9941bd34d4cd1e7a6aa9d2b2d64261d62f8a,8e4d73ca78367039,kept,Representative
g001877,healthy/healthy547.jpg,healthy,healthy_leaf,45d57a165885f67d4601a7d3c050ec7c341f1685e55443d80647e3486a30e322,94a42bd5497b0dce,kept,Representative
g001878,healthy/healthy548.jpg,healthy,healthy_leaf,647b671e44b55c63b2651e7352e3f803a10417d50be6e45c22cce5d0248f762e,a8b0b3b1f9a46dc1,kept,Representative
g001879,healthy/healthy549.jpg,healthy,healthy_leaf,b408fcdfeb788381b7edcab7b11d4289467fe11ee4800a3bb35c438c00284813,d842ad6f64e86547,kept,Representative
g001880,healthy/healthy550.jpg,healthy,healthy_leaf,e89838f0f48d303746744f69e977d5ee3809b8524948a45abb152024c379f387,e4bb2723ac651ad8,kept,Representative
g001881,healthy/healthy551.jpg,healthy,healthy_leaf,5d02b172bbe4cd3163968536fea5fcbce89a1d17827f11a570e0b1cb7e4e711f,877525254ef2c34e,kept,Representative
g001882,healthy/healthy552.jpg,healthy,healthy_leaf,1f0a1af21d0e66313bd3d3be868cd78715f3388168afd5219b264486bc52e40f,fc50847eedc4ca4c,kept,Representative
g001883,healthy/healthy553.jpg,healthy,healthy_leaf,005a7c6547fb360d5f491f1ad2cfcaea5aac26a617c006d752ee16343d1db627,8f6eb1954734a5a4,kept,Representative
g001884,healthy/healthy554.jpg,healthy,healthy_leaf,87c6e17329a47de917078a6bc7809351abef5599591cf8dba84a6651829c682d,cdc3ecb283d803f1,kept,Representative
g001885,healthy/healthy555.jpg,healthy,healthy_leaf,fe0577b1e77912882271cc82056dfc5b123bb55068e7640292df658baca58814,c51a4761fd4bb384,kept,Representative
g001886,healthy/healthy556.jpg,healthy,healthy_leaf,ef91db46199c82267aeb71ef13ce80d7a7278a1585f5edb95daf665c0874c72b,8b5312ac4cb66f99,kept,Representative
g001887,healthy/healthy557.jpg,healthy,healthy_leaf,ad82ba49277ef1fc2f8f97ab5fae4d3cf2097a4ea932f4d195f89252cc304e28,de712b855e8118bb,kept,Representative
g001888,healthy/healthy558.jpg,healthy,healthy_leaf,6097070c4158137756f437a3d57a8cfe0fa85153648e1b3c9b0aa62e2219cc0c,9d93403c6b31ea75,kept,Representative
g001889,healthy/healthy559.jpg,healthy,healthy_leaf,8d8c864ad4360038e81ee9ae8c9cccdbfe4801894eae3f08cb5449ff2f3b145f,95273b0fc161723b,kept,Representative
g001890,healthy/healthy560.jpg,healthy,healthy_leaf,9a48ada320c3081f45cf922375fa60efd6455b9ee87605e90c899bc394a50136,98f36a95bb2b3142,kept,Representative
g001891,healthy/healthy561.jpg,healthy,healthy_leaf,512d85e0c4d9e9524ae99685674850e14f5b720b1160e41331fd788561ef538f,f031362a686ce7d5,kept,Representative
g001892,healthy/healthy562.jpg,healthy,healthy_leaf,6a31fbb3ea3037965e1035b4e52e9f8501a01ca4388ac1f189543d512b757f8f,c270f7040dd572cf,kept,Representative
g001893,healthy/healthy563.jpg,healthy,healthy_leaf,d9f9ee9a46638746dbcdb0fcb351e95f29a234ffa4783fa68c57a1dccab1ab94,bac17ba64c9ae544,kept,Representative
g001894,healthy/healthy564.jpg,healthy,healthy_leaf,3c47cb0ed2752cb2df4f7ce9a42d77a56cb4e19c57b4d83effeabb40da929a67,b4cab813c76ed642,kept,Representative
g001895,healthy/healthy565.jpg,healthy,healthy_leaf,791d48540415bb40e628693ef3fc31d54256bcd3f90277b7cb782843f34b68bc,92c0f1bd027fd171,kept,Representative
g001896,healthy/healthy566.jpg,healthy,healthy_leaf,12711e56485b10af4026e5d8f5b91a006d026180a9aac2801b07ae94d290a580,d6ab28d9857cc1c5,kept,Representative
g001897,healthy/healthy567.jpg,healthy,healthy_leaf,f30b5fab6b62221b6a9b94d5d834f4037b90b7cadbbbbe3960089bb012f0a77c,8669068f7eca2de1,kept,Representative
g001898,healthy/healthy568.jpg,healthy,healthy_leaf,08064a08f4a91d556952a6bde32f4b0657a2519020d7376cd7c27d140c818d0c,ce8ec330b9955363,kept,Representative
g001899,healthy/healthy569.jpg,healthy,healthy_leaf,ca71f78576cb4ef228bd236153ca5d4c51f22698465180d10a07539c8721af23,a5235855709c7ad7,kept,Representative
g001900,healthy/healthy570.jpg,healthy,healthy_leaf,23d1c7388b9f2c486db96712f6feeaee531c8d7aa830e79ead39dd6e89b3bbec,f32d0593dec066e8,kept,Representative
g001901,healthy/healthy571.jpg,healthy,healthy_leaf,4f7e3541d3d1997a155b33676b031fbf5baa24af704ccfd7e75cf4f5e4ab1a17,fdc284dac4c62fa1,kept,Representative
g001902,healthy/healthy572.jpg,healthy,healthy_leaf,355b33e2509a42e73066582da3043e2f7f3f2266c7d087fdba2aab27534207f7,ed312b629873136d,kept,Representative
g001903,healthy/healthy573.jpg,healthy,healthy_leaf,7ead7557da590197a290eebca85cf8309e420a0078a3b8bd31b335636510c518,cabec51d1aa2dc61,kept,Representative
g001904,healthy/healthy574.jpg,healthy,healthy_leaf,360e70696f07ad9c8af7357bc6d9ad9326454e426bf5544d15483d88b7640629,8ed20bc7937886b3,kept,Representative
g001905,healthy/healthy575.jpg,healthy,healthy_leaf,c7023c74495bd2ea10a274bac05ae2a6d6a69dc88661a7104528db460f8c6282,efe5d0dc72250f04,kept,Representative
g001906,healthy/healthy576.jpg,healthy,healthy_leaf,77d3e48ba10e63d198a24a9900d50ad32bcd059c1a26b4c32b1df2528eda0bf9,f127cbc71564c037,kept,Representative
g001907,healthy/healthy577.jpg,healthy,healthy_leaf,d6bc4f0dc2493cfddf6e9ee90d86f5dcdef3cf979d22aa63de227b6c850205be,d36e3310ee26c656,kept,Representative
g001908,healthy/healthy578.jpg,healthy,healthy_leaf,e7cbfae91a3314db682a8f14d298254e9c101e750c0f0dc6f7b4ede02ba1a77c,91341d4f4db4cb5c,kept,Representative
g001909,healthy/healthy579.jpg,healthy,healthy_leaf,1a9da1d4c9be488f372215df2bdc4f54d4b988852699d912e96485c790884ccf,9c30654e5c3d62eb,kept,Representative
g001910,healthy/healthy580.jpg,healthy,healthy_leaf,6c4fc3aa0fe2b7abf7da9b65d5745611346583ee7cea069e3ce524399d374afd,da7133c87cc383d1,kept,Representative
g001911,healthy/healthy581.jpg,healthy,healthy_leaf,2f251a29b011cd3b97774823f60ffbcda8d01d2d5c7ee772bb61c6fb79dcbe42,a762790e1a61aeec,kept,Representative
g001912,healthy/healthy582.jpg,healthy,healthy_leaf,c0f11321d4ac84fdd170c80e9c46393ac7710c12fb0ec9a715d70ce1b9821e9e,88bde4c89bea0b35,kept,Representative
g001913,healthy/healthy583.jpg,healthy,healthy_leaf,f84cb5563018af0433cde8c9b66b92c3cc3648ba5657898f5557a11714015695,e0b8c79cdc719741,kept,Representative
g001914,healthy/healthy584.jpg,healthy,healthy_leaf,85bc3139b89368addad820aa0202f00bbdfcc5ff1c65987149cd0fea6694c3d2,d66d29a996a32539,kept,Representative
g001915,healthy/healthy585.jpg,healthy,healthy_leaf,1cbedf3b644369aba8095b719f9be8aa4e1ea693c0f6c5e61024b59e662ded0b,8c4925737125ffc8,kept,Representative
g001916,healthy/healthy586.jpg,healthy,healthy_leaf,bdb4e6eda1326aa4a84b1eea802258a4fd495e3f446783b7dc909f9b959022a4,b2359bd06e09ae74,kept,Representative
g001917,healthy/healthy587.jpg,healthy,healthy_leaf,19842410b2f531f02a112609b485c9f8a06d15114b532c09d7db2dcc6daceddc,b3e2cb064c2eea8b,kept,Representative
g001918,healthy/healthy588.jpg,healthy,healthy_leaf,8a2a6c897294f89e4dc00fef8200741e414d15de0e0c4c4ba316ee21f9ac3ac3,865f8175a6695a96,kept,Representative
g001919,healthy/healthy589.jpg,healthy,healthy_leaf,4edcb08e6d1cc29a1666a7836874f7b58477f65bda36062e2dd6769242fa724b,bd21a6e38c639d34,kept,Representative
g001920,healthy/healthy590.jpg,healthy,healthy_leaf,19ce9f6247717a4fc710c42582b0200327cd8eeaf1963128a6b03fbe5cbd5afe,bee2397a9a342629,kept,Representative
g001921,healthy/healthy591.jpg,healthy,healthy_leaf,1e20a16ae9a6a49750305248cbf1f84af2e632a18878cd6f8b7502b34f9f6d7e,8b7c2c00f0c5ff33,kept,Representative
g001922,healthy/healthy592.jpg,healthy,healthy_leaf,93719209d725e39f86be7f695132b674d4c03db90a36a2c44429c5b8319a8d32,8ee94bb5ea83035c,kept,Representative
g001923,healthy/healthy593.jpg,healthy,healthy_leaf,eb31fa3111b351abeb306febb0268b74e30070cc4412165b7b2bc46a79e87f67,82908eeb1e6e3b35,kept,Representative
g001924,healthy/healthy594.jpg,healthy,healthy_leaf,5ed631bd6ffcbff33099f60faf3d60c08344544ce0a85fa4ea4b60661c73b427,f0cb022e72923f5b,kept,Representative
g001925,healthy/healthy595.jpg,healthy,healthy_leaf,58fa8dd5470d4caf8a7bf23e5750f7a26e9a26fc2211bfc9fd081b74179ce837,c571128b96d6b539,kept,Representative
g001926,healthy/healthy596.jpg,healthy,healthy_leaf,52d68407a7ce24e7d04846dc8673ac0fdaacd3da28ca3c988238b68ec2efd57a,8e674392d0f03e2f,kept,Representative
g001927,healthy/healthy597.jpg,healthy,healthy_leaf,f8db9c9bc8b512e30947d554492e3212b07b2e96e94a064701365cabe2be6f18,eb46981963875f64,kept,Representative
g001928,healthy/healthy598.jpg,healthy,healthy_leaf,55bdd6b7465c305a1176399b0b3906ceac89036a4b86c71ef6b7c370c23c1033,fa915e13087de42b,kept,Representative
g001929,healthy/healthy599.jpg,healthy,healthy_leaf,546049368e5afde84c0509677eadbb24e4b7d0141b2aa30569a3b8431180ffc4,a7796a390c838f93,kept,Representative
g001930,healthy/healthy600.jpg,healthy,healthy_leaf,1f8ba98bddb465f84be96b598401449051d0511c58b2e84b2e2227b5cd30e8d9,8a9bf0cf50956ab2,kept,Representative
g001931,healthy/healthy601.jpg,healthy,healthy_leaf,8c50a44a08a6ae9629e813a1d739540ce00dad94c58bb8c026034ce7cd254b53,8a9a78e6d5238db4,kept,Representative
g001932,healthy/healthy602.jpg,healthy,healthy_leaf,309120e2e961e99eb3457fccde5230a5c50ee259c82af74757d2e91cadad8e7b,d4612de17a036f0f,kept,Representative
g001933,healthy/healthy603.jpg,healthy,healthy_leaf,6a4ad182b9bba84b3f336a96cdc1382183a0e6968449877397868325b87cbe04,b52a743629178f9c,kept,Representative
g001934,healthy/healthy604.jpg,healthy,healthy_leaf,49cbe03491dbf24dc931f33461d704c3932fc701cfef9051a064b60baf892ca0,8ec7a2e19d56846d,kept,Representative
g001935,healthy/healthy605.jpg,healthy,healthy_leaf,6c867a795197fad740a05edfe4abd9d93f9b479a4d52deab7bd2a4427a28a9eb,d68831d1033bd4fd,kept,Representative
g001936,healthy/healthy606.jpg,healthy,healthy_leaf,bb481ca3f7b62de3df7f2685a7ea5532c34d8536468f9ce6b38b7775c7eeb24a,ed8cc1725e35851d,kept,Representative
g001937,healthy/healthy607.jpg,healthy,healthy_leaf,36c5a47df5bc748712327a8e486e6c89ff12aa440306dd247e103c1e4858bdf0,e3419de3e1b41c5c,kept,Representative
g001938,healthy/healthy608.jpg,healthy,healthy_leaf,5084f07dcb0a8bd7d873ff6f19b5956598c324d496c9fb5e7dafea2cd7231035,c8b31c23a99f22e7,kept,Representative
g001939,healthy/healthy609.jpg,healthy,healthy_leaf,0ed1040beab677d49242687479768025482e46219b065e47c189e8c0231cd233,d19e66aa4a791ce8,kept,Representative
g001940,healthy/healthy610.jpg,healthy,healthy_leaf,438a73b1339924b59fc3d7c2a41ad6e7e50fdf2c680b30200dfda42e66bef80c,d1d6256b059f5748,kept,Representative
g001941,healthy/healthy611.jpg,healthy,healthy_leaf,2d9c730db649c4257d33e48ab214fce080dd4e3b011f91489f8ff4bb84bb6c11,a45b9e6e0d8ccd70,kept,Representative
g001942,healthy/healthy612.jpg,healthy,healthy_leaf,cd407c2de6ee64b283c45c0a663b780fe27e86ba6f604d676455e5e5d73db051,e6af959495c2348b,kept,Representative
g001943,healthy/healthy613.jpg,healthy,healthy_leaf,a515e8d83fc6b8649ab2e5c4473592f95efe0307f5ccd5541d7c1f114719adec,80e08ee75b8af693,kept,Representative
g001944,healthy/healthy614.jpg,healthy,healthy_leaf,fec9bc6d5e987fbfc520caa9fdf0e86489ac0396c4b339596cc4e8e6811393ad,b38252fc6d5970e4,kept,Representative
g001945,healthy/healthy615.jpg,healthy,healthy_leaf,8b82500fc1cd77eee64b57fcb565b4b184d40d8e3a8dccb67c55d8404cd22838,c1333e0adf164f13,kept,Representative
g001946,healthy/healthy616.jpg,healthy,healthy_leaf,acd49ec85d3bd14faa4c5fab108f7321bbf5878c25a834446cf96190282a4bf6,887f709498d07d9d,kept,Representative
g001947,healthy/healthy617.jpg,healthy,healthy_leaf,a71d59774795a8daa24d8751309eaf53c3891768f2202d9530969731ddfb4e81,a985afa19a16fd44,kept,Representative
g001948,healthy/healthy618.jpg,healthy,healthy_leaf,9ea6c2ff6664a975f6ed51ac26b416a1c5199591c51baa76372362b380df9aa5,d2fcb2e0f294ea0c,kept,Representative
g001949,healthy/healthy619.jpg,healthy,healthy_leaf,c6c5a52ec236b4b3b3784c57af498e32c309beb7eed573ae3f679503eccdef21,a3d30c5be1808fbd,kept,Representative
g001950,healthy/healthy620.jpg,healthy,healthy_leaf,00b61e66c4273a7233ae2b4b4d5ee484466d716a86404e35e9afef9611f45aa3,d159350b4da74997,kept,Representative
g001951,healthy/healthy621.jpg,healthy,healthy_leaf,dcc497cc11026d45ccca20172dd42fc87161c0940797edce9b76e48a9a238e7d,88252f1855d69de7,kept,Representative
g001952,healthy/healthy622.jpg,healthy,healthy_leaf,b96ec80587a257505a24c8a91ccbc40e8a73ad99149ecde6011a490d002bbfd5,e7e81b7645ca8299,kept,Representative
g001953,healthy/healthy623.jpg,healthy,healthy_leaf,b7a4e8814cfb28f72afbc055e5f8c2d25ae1c78c7675e061c0896dfd880d1f9c,d08f68e7001707ff,kept,Representative
g001954,healthy/healthy624.jpg,healthy,healthy_leaf,4be0ee6314eec1997698dea488b5e4ce45e11fa557488ab60b6a1b00adaca920,d14531577b28738e,kept,Representative
g001955,healthy/healthy625.jpg,healthy,healthy_leaf,b73ec77c8fa6ddcea08ba9131809deb3d7b9fdb77755665ee5fbefed90f0723b,cee329b98dcca291,kept,Representative
g001956,healthy/healthy626.jpg,healthy,healthy_leaf,e80d8d5568f80719ab82708111b39bcc7dd8eb63232f5bb0b64ec263346a4c3c,9537114c2762ee3b,kept,Representative
g001957,healthy/healthy627.jpg,healthy,healthy_leaf,090233e653a0be5a45fd4b448b690be7f14a676b179b0a8fa0000fd152b999c7,c4eac61f30eb4dd0,kept,Representative
g001958,healthy/healthy628.jpg,healthy,healthy_leaf,7c9bca18816f21b5bd258122a674826a67963be3416f571b72809f3379c6c5e9,ccdb0632c031f3bd,kept,Representative
g001959,healthy/healthy629.jpg,healthy,healthy_leaf,f9b59265af65101fb9636a1dfaaae448c707dc02cc4243e15a74a54d218fbb97,b1026a725ed947ea,kept,Representative
g001960,healthy/healthy630.jpg,healthy,healthy_leaf,6f70b5bf24f64cdcfecf801741f86708e0fef262630575e67724ae05a5051038,dc6cdcbc62551714,kept,Representative
g001961,healthy/healthy631.jpg,healthy,healthy_leaf,b9a40684ec6bc15951d084d84ec8811616306d7d73d3864240bff52ee81f2b87,b5135a0df561d22d,kept,Representative
g001962,healthy/healthy632.jpg,healthy,healthy_leaf,e221e33407b92c55058671ad3525ca8728572b52b7f0f7130c7fec7f09128170,9d8e1bc0323b73c3,kept,Representative
g001963,healthy/healthy633.jpg,healthy,healthy_leaf,62dfe5bb78fb43283c431d9cf941271be5e55fd52205ed7c4273f6e2b3ca9987,d8ec1751cc276b19,kept,Representative
g001964,healthy/healthy634.jpg,healthy,healthy_leaf,76dd317fa18f9bcf3d53cdf194d71832496793d196a8a4248ed1618d366aec5c,92bcdb637938807c,kept,Representative
g001965,healthy/healthy635.jpg,healthy,healthy_leaf,b45e20f61a339f861be4bd6a407eb1e01eef15c6f437128533f92cd62861a0ca,e48f1b94cb7361a8,kept,Representative
g001966,healthy/healthy636.jpg,healthy,healthy_leaf,ae4f513b8787d854458a49366a855e5fbe7f9d4beafb19657033eec61a121282,a9e5dc98ecdab401,kept,Representative
g001967,healthy/healthy637.jpg,healthy,healthy_leaf,fcbdc2f3e149f73b6337bed2c8e46c61889d280e08faad836d35823cf500ec43,b790dad989819c9e,kept,Representative
g001968,healthy/healthy638.jpg,healthy,healthy_leaf,6d91d7cf53722b05a7f6580d878c898d6df2569c1f1ec7b7f41e663d82680283,c36871239f9b4395,kept,Representative
g001968,healthy/healthy639.jpg,healthy,healthy_leaf,6d91d7cf53722b05a7f6580d878c898d6df2569c1f1ec7b7f41e663d82680283,c36871239f9b4395,exact_duplicate,SHA-256 / pHash=0 / reviewed duplicate component
g001970,healthy/healthy640.jpg,healthy,healthy_leaf,a9798021bcb55f81b339e09abafd250372d62c091092b4fcdacf591110a0fcd2,b6f8ad244057e752,kept,Representative
g001971,healthy/healthy641.jpg,healthy,healthy_leaf,035940c91746fe9bb2004e889f3152919e798aefd9c816b55a33b0321abac12a,d0e0adf6a15c9f21,kept,Representative
g001971,healthy/healthy642.jpg,healthy,healthy_leaf,035940c91746fe9bb2004e889f3152919e798aefd9c816b55a33b0321abac12a,d0e0adf6a15c9f21,exact_duplicate,SHA-256 / pHash=0 / reviewed duplicate component
g001973,healthy/healthy643.jpg,healthy,healthy_leaf,ad1e82e37cee939dbabe2d6c73b23d70c8a9398c6d425f19e43674b3f81e62dd,9891ec777309f498,kept,Representative
g001974,healthy/healthy644.jpg,healthy,healthy_leaf,8e2b41d9778b7f59dd0a703d5500c4a8324bb7feee1a5bf8028950c1c29fbcfa,cfa9eb30c415287e,kept,Representative
g001975,healthy/healthy645.jpg,healthy,healthy_leaf,d3640dc25d5bbc930ecad6d826f3d4da0b4cfdd8f14b62cddeed8f69b15673a9,ed4450eae2f5e04b,kept,Representative
g001976,healthy/healthy646.jpg,healthy,healthy_leaf,945312928dfc93c171837e866c6c3146d433fc9b76b04a32f87591276e5510ed,8c997bd4b08faca1,kept,Representative
g001977,healthy/healthy647.jpg,healthy,healthy_leaf,24438e02dda7bd4681adc9ea14b5b80c87cf3d3574dd6dfffa2adce84226df0d,ba0e0f62991df790,kept,Representative
g001977,healthy/healthy648.jpg,healthy,healthy_leaf,24438e02dda7bd4681adc9ea14b5b80c87cf3d3574dd6dfffa2adce84226df0d,ba0e0f62991df790,exact_duplicate,SHA-256 / pHash=0 / reviewed duplicate component
g001979,healthy/healthy649.jpg,healthy,healthy_leaf,d1b720f123804159c9464e8998b34421fa5a5c2f2e77dce9762a29e044ee5562,e68730a60e695fa3,kept,Representative
g001979,healthy/healthy650.jpg,healthy,healthy_leaf,d1b720f123804159c9464e8998b34421fa5a5c2f2e77dce9762a29e044ee5562,e68730a60e695fa3,exact_duplicate,SHA-256 / pHash=0 / reviewed duplicate component
g001981,healthy/healthy651.jpg,healthy,healthy_leaf,a1e28ff80d767bccce0ece1e9d4765f2e66b41ab45a711376205cce28dd1a893,cb219ff9e03e04a3,kept,Representative
g001982,healthy/healthy652.jpg,healthy,healthy_leaf,5452c7b4dde7995d74144a6e2bed8605a1c0d25cde8c2362e3c9b9115c2d139d,fb07483e2c945ae9,kept,Representative
g001983,healthy/healthy653.jpg,healthy,healthy_leaf,e55bf521568b3f71993f1e8861219f8364ddd85e9c379c83c20bc1a62bdb51a5,dfae23bb383314c0,kept,Representative
g001984,healthy/healthy654.jpg,healthy,healthy_leaf,0ad5be3db33800d8628dbf31248cd05b021c998032a217a2b44c250c50a4c3d5,e534d2b28a30bd67,kept,Representative
g001984,healthy/healthy655.jpg,healthy,healthy_leaf,0ad5be3db33800d8628dbf31248cd05b021c998032a217a2b44c250c50a4c3d5,e534d2b28a30bd67,exact_duplicate,SHA-256 / pHash=0 / reviewed duplicate component
g001986,healthy/healthy656.jpg,healthy,healthy_leaf,018026aabf8aa1e525f6854644ee87f04d1a401a676dbbcb57be44837150ee57,97c96c394ad0cc7a,kept,Representative
g001986,healthy/healthy657.jpg,healthy,healthy_leaf,018026aabf8aa1e525f6854644ee87f04d1a401a676dbbcb57be44837150ee57,97c96c394ad0cc7a,exact_duplicate,SHA-256 / pHash=0 / reviewed duplicate component
g001988,healthy/healthy658.jpg,healthy,healthy_leaf,b303188a98ee32114d67c2e5c459bcf0e820cf6825817c8d579651dae6857671,9148e427333c3ef6,kept,Representative
g001988,healthy/healthy659.jpg,healthy,healthy_leaf,b303188a98ee32114d67c2e5c459bcf0e820cf6825817c8d579651dae6857671,9148e427333c3ef6,exact_duplicate,SHA-256 / pHash=0 / reviewed duplicate component
g001990,healthy/healthy660.jpg,healthy,healthy_leaf,5021f997766f9c24ff2365b153ce0a55f9694f490e4af703f1cfba0920d786f7,ac4b33f18da40d9b,kept,Representative
g001991,healthy/healthy661.jpg,healthy,healthy_leaf,e1e856998d97d5a1b5625ceb834af6ed1418eb3dde17a88e5a783bb6382898f6,86423eb5d6a1e966,kept,Representative
g001991,healthy/healthy662.jpg,healthy,healthy_leaf,e1e856998d97d5a1b5625ceb834af6ed1418eb3dde17a88e5a783bb6382898f6,86423eb5d6a1e966,exact_duplicate,SHA-256 / pHash=0 / reviewed duplicate component
g001993,healthy/healthy663.jpg,healthy,healthy_leaf,933ef5b74daad0b38ea13d8a4e93ed39d4ab9fb61f2cfc526f260ccb5c315eac,8ca3932738597f15,kept,Representative
g001993,healthy/healthy664.jpg,healthy,healthy_leaf,933ef5b74daad0b38ea13d8a4e93ed39d4ab9fb61f2cfc526f260ccb5c315eac,8ca3932738597f15,exact_duplicate,SHA-256 / pHash=0 / reviewed duplicate component
g001995,healthy/healthy665.jpg,healthy,healthy_leaf,4e768657ff4b279986c28fc3e0afc6203920b47654c14b5d758b3bc6ee022783,b36f14943e1593a3,kept,Representative
g001996,healthy/healthy666.jpg,healthy,healthy_leaf,da93e8b9d933f70873248668de290864cf0946f6c19d5867e4a6c02be6ece6f8,d27c60b07295cf1e,kept,Representative
g001997,healthy/healthy667.jpg,healthy,healthy_leaf,c1228a2cda73692950111c75c808c62e844ad2caf9bc1311da4a23c986430035,c0bab60df581dcd2,kept,Representative
g001998,healthy/healthy668.jpg,healthy,healthy_leaf,60276040f0a7297d4bb88a7d527cab7819e27a867f189a6003a2a08710d9fdf1,c73f6e9c149e60c8,kept,Representative
g001999,healthy/healthy669.jpg,healthy,healthy_leaf,76bd648abb7510b0487f0beffde6b8faa7409898708e85cea00a07db98ddd652,a0a583d97a561df2,kept,Representative
g002000,healthy/healthy670.jpg,healthy,healthy_leaf,a41c1cc918a5730cb71d04560ed5129a08e23f55ff3f40437c9704deda27c66b,f3772a5b3164d80a,kept,Representative
g002000,healthy/healthy671.jpg,healthy,healthy_leaf,a41c1cc918a5730cb71d04560ed5129a08e23f55ff3f40437c9704deda27c66b,f3772a5b3164d80a,exact_duplicate,SHA-256 / pHash=0 / reviewed duplicate component
g002002,healthy/healthy672.jpg,healthy,healthy_leaf,7a51acb21c6255058bd8ce7614b5a26a116f3e93c221f9933d7e92ef96a430fe,b299915f32752d25,kept,Representative
g002003,healthy/healthy673.jpg,healthy,healthy_leaf,7d63f3271f96241bfa4e0f4f98e502b22ed5b19ce5107efdce47798ccb271d8f,a90db2e5f530ccd4,kept,Representative
g002003,healthy/healthy674.jpg,healthy,healthy_leaf,7d63f3271f96241bfa4e0f4f98e502b22ed5b19ce5107efdce47798ccb271d8f,a90db2e5f530ccd4,exact_duplicate,SHA-256 / pHash=0 / reviewed duplicate component
g002005,healthy/healthy675.jpg,healthy,healthy_leaf,68889b972422b18b6b8dced20a1d04516eb9d79e96a537dc4852f94fa4fb2d1e,e624b35c09e6d783,kept,Representative
g002005,healthy/healthy676.jpg,healthy,healthy_leaf,68889b972422b18b6b8dced20a1d04516eb9d79e96a537dc4852f94fa4fb2d1e,e624b35c09e6d783,exact_duplicate,SHA-256 / pHash=0 / reviewed duplicate component
g002007,healthy/healthy677.jpg,healthy,healthy_leaf,428e0ed409a237c0dbdab4bed1ea1826b3d34490da56a981456e445d2aad3f7f,c7a8fb297824bc26,kept,Representative
g002008,healthy/healthy678.jpg,healthy,healthy_leaf,76aff894f34b7e5902e850413ddba353b7e09b7ba07ec6b11df0c0358c00d0bd,a3905f6ce0b72378,kept,Representative
g002008,healthy/healthy679.jpg,healthy,healthy_leaf,76aff894f34b7e5902e850413ddba353b7e09b7ba07ec6b11df0c0358c00d0bd,a3905f6ce0b72378,exact_duplicate,SHA-256 / pHash=0 / reviewed duplicate component
g002010,healthy/healthy680.jpg,healthy,healthy_leaf,065562cb6b607fbf8c63dba09d70563f6fabc3a3e639e28a089e6604cb6751e0,b41359d11dcee18d,kept,Representative
g002011,healthy/healthy681.jpg,healthy,healthy_leaf,56a328fcb9dcd4108084cd7468fbcf00bf3ed7ef96978e9285fd6358de42b5eb,9de60e0f916d0a1f,kept,Representative
g002012,healthy/healthy682.jpg,healthy,healthy_leaf,5164d724b3a83af2cf9914fea15b735147569a97df7dc6759c6fff5b8016fd9a,da9af2a71ce42e30,kept,Representative
g002013,healthy/healthy683.jpg,healthy,healthy_leaf,9b7c6731429422d72cdbd2eed682878fc06121f22dfba34fff116163a8699e23,e4a46799986b8c7a,kept,Representative
g002014,healthy/healthy684.jpg,healthy,healthy_leaf,c16d9acbf20a9edc5f4b08d72a60edfb518994d7548a4aabba8db62ffded34d8,a3cc841c1ec37cdb,kept,Representative
g002015,healthy/healthy685.jpg,healthy,healthy_leaf,c6d8d005927250d94d5a424ffa04c78513bfed6827bd0dad3472ee6a8757f1f3,e8e5c0484ad937b7,kept,Representative
g002016,healthy/healthy686.jpg,healthy,healthy_leaf,072a010320d810a09b4020dc4c3469833c1080551fe2d71d945c823d5de7b7b0,909be63d3ac4699a,kept,Representative
g002017,healthy/healthy687.jpg,healthy,healthy_leaf,043eb51fe37d93c71acebfcc6c121b1bdd21bbede797228f677ca62eb592af2d,980b57bbd20d875a,kept,Representative
g002017,healthy/healthy688.jpg,healthy,healthy_leaf,043eb51fe37d93c71acebfcc6c121b1bdd21bbede797228f677ca62eb592af2d,980b57bbd20d875a,exact_duplicate,SHA-256 / pHash=0 / reviewed duplicate component
g002019,healthy/healthy689.jpg,healthy,healthy_leaf,a990dfd6a61c2249f230b9418dddebef085eabc9b2aee44447b9de4707ad8e9e,de2c1a536fca2165,kept,Representative
g002020,healthy/healthy690.jpg,healthy,healthy_leaf,e2381b91ab62059655af8c2af5d85f93abeb0361904bd4147e14306ea5b6684e,846f5348e11bf9e4,kept,Representative
g002021,healthy/healthy691.jpg,healthy,healthy_leaf,d137da617cf927ba14ecd4611c2764435fe68b53127c603cde1a9c1bc1a8ee80,b648bbe31d86a135,kept,Representative
g002022,healthy/healthy692.jpg,healthy,healthy_leaf,4cb52f6b6663075f56b0a4b94177080bd24d6f208d1cace7e72fe809dd9c58a8,a113da3c60e26bdb,kept,Representative
g002023,healthy/healthy693.jpg,healthy,healthy_leaf,57247b8a371b0361106db256d490a435bb274a9dd785a19c4acb1e84f86fe397,ee906dc953ce4a2a,kept,Representative
g002023,healthy/healthy694.jpg,healthy,healthy_leaf,57247b8a371b0361106db256d490a435bb274a9dd785a19c4acb1e84f86fe397,ee906dc953ce4a2a,exact_duplicate,SHA-256 / pHash=0 / reviewed duplicate component
g002025,healthy/healthy695.jpg,healthy,healthy_leaf,60705f5fd8fb092d33a7427ebf11fb5e9668b7b9fe6fcf73ce3a92773fad21b1,e4b264137665cbd4,kept,Representative
g002026,healthy/healthy696.jpg,healthy,healthy_leaf,69b692f7fbc83554eaaf3984ea1195ee5d6de74a3b7d4b8700383a12fb5f0814,9608f0cb53317dab,kept,Representative
g002027,healthy/healthy697.jpg,healthy,healthy_leaf,ef803ee5851f445d397dc347e9f1fa397ddf5241567dfaf7f837fcf4c4d28379,c81d8bd9cd2642be,kept,Representative
g002028,healthy/healthy698.jpg,healthy,healthy_leaf,750683404993a45c71bc8609ae969700703cdd90736234ee790d9df72fbb01eb,93ae307cc5076e93,kept,Representative
g002029,healthy/healthy699.jpg,healthy,healthy_leaf,53df07a8c4f5bf2266b70347e404bc754c1595e7880771955d2c31880b8c0a0a,cd7663a4e3415a95,kept,Representative
g002030,healthy/healthy700.jpg,healthy,healthy_leaf,4c32812234f00cd7b3182d3da65713786674b29a6d9362bfb81b92ed1a30fa07,e0bd3d91ca0e54f1,kept,Representative
g002031,healthy/healthy701.jpg,healthy,healthy_leaf,1c99aa25fdeac4f8a39428c0e60e2e532181d6cb9cd1e438cf57c0d7791dd647,96c263d2a595c5d5,kept,Representative
g002032,healthy/healthy702.jpg,healthy,healthy_leaf,75f573fb230540b383b121ec95f34861e76a909dbe45d70446e055bfd703a3b8,a6f79c8c586e6807,kept,Representative
g002033,healthy/healthy703.jpg,healthy,healthy_leaf,3e576b954b0c70a93d20c19b2da4cc3d97c0bd84defa7c6f5954d291ccdcd667,e21d036573f08f8e,kept,Representative
g002033,healthy/healthy704.jpg,healthy,healthy_leaf,3e576b954b0c70a93d20c19b2da4cc3d97c0bd84defa7c6f5954d291ccdcd667,e21d036573f08f8e,exact_duplicate,SHA-256 / pHash=0 / reviewed duplicate component
g002035,healthy/healthy705.jpg,healthy,healthy_leaf,bd35b00d7bc720923d7ae2f88dc78165f3e4c6a6de9d44ef20c19f4853c933a3,ff4c0c604b3999b6,kept,Representative
g002036,healthy/healthy706.jpg,healthy,healthy_leaf,9019657eb4a1f20bbaf6c2d0d93404aeb7266d671a92553e586ed1040bbe9fd5,9acd2e86b83a9c9c,kept,Representative
g002037,healthy/healthy707.jpg,healthy,healthy_leaf,bf2e3b4ac023d782f14c4ed46360cfe983da97c052913a8e0eb364bc82652fe7,bd989a38f14a85ce,kept,Representative
g002038,healthy/healthy708.jpg,healthy,healthy_leaf,8dffa786a07b06addf669f9d81ed30e2f1b8ea6651c02dc817df33bd3ad1706b,f606cbca8652aa7a,kept,Representative
g002039,healthy/healthy709.jpg,healthy,healthy_leaf,b20347b2f3d36b11fc5f82975d658a52c4ab9e28f2f3221814194a57014d645d,b3c72c99d5c32d30,kept,Representative
g002040,healthy/healthy710.jpg,healthy,healthy_leaf,dba27491a0ff3f2cbacf842db831a2728f11ccb0520240b982e6fb2ea7f7bd0d,9090757e8577aea2,kept,Representative
g002041,healthy/healthy711.jpg,healthy,healthy_leaf,7e737c43a7cefbebffd66e50995b86b707f4522a4931feea1cdba5e6457da327,fe6100f78e297278,kept,Representative
g002042,healthy/healthy712.jpg,healthy,healthy_leaf,c7feb94ad89e184f856ebd11b93d7e4df78119847aadd7d41b81e734694b0400,aca5775590bb8869,kept,Representative
g002043,healthy/healthy713.jpg,healthy,healthy_leaf,8ae9f4a60bc4732c92e48baac60d88fe5a89e79e49d60cf44b86c3121f5ce61d,a1af64d1f116ad49,kept,Representative
g002044,healthy/healthy714.jpg,healthy,healthy_leaf,f6ea7c11d334a3df91db04f75834c73e63c109e5f1b3ae9b2f1a7d087155a8b4,86eec6385a8e7866,kept,Representative
g002045,healthy/healthy715.jpg,healthy,healthy_leaf,c411affec7a8ae4a8411321999b432f45fbb3741b0d4f0ab8bea38e5dee7618f,870f3efc60c101df,kept,Representative
g002046,healthy/healthy716.jpg,healthy,healthy_leaf,ac9a6bee961332f470a9d07de3ad5ba752730e980c812ba44dd3730de91594bc,e05e35385ecd4371,kept,Representative
g002047,healthy/healthy717.jpg,healthy,healthy_leaf,cb0c0f8582ecaa653bf29463a8ad8285a3e0ff7f89629c317eaa57b896d87e84,927ba69297079d32,kept,Representative
g002048,healthy/healthy718.jpg,healthy,healthy_leaf,a6db013e31cd9db8ad7b0ba83b982b00f4fa964c329ba345c6f222de720f4325,b15955142ce9f4d3,kept,Representative
g002049,healthy/healthy719.jpg,healthy,healthy_leaf,31dab9f7ca64fef23ee2f1945a779f9535258ba5300b69e03214fb63a0047460,fe41603fcebf0128,kept,Representative
g002050,healthy/healthy720.jpg,healthy,healthy_leaf,741c26ddf0777b13d7c948438c7cdf9ccf7b9138ba30480c1717253d7ee22f16,cf1c6740476efc81,kept,Representative
g002051,healthy/healthy721.jpg,healthy,healthy_leaf,d7bf56d24d6093931061b02cb357c7438e9f4c05dd4f474ac972b219a2c1dc2b,ebdf2025bc527505,kept,Representative
g002052,healthy/healthy722.jpg,healthy,healthy_leaf,9d3cf0ae2dbdd61402cd102182ddb704cd0a80eaca13a20807556c9b6801cd3d,e1514ebf6bb0418d,kept,Representative
g002053,healthy/healthy723.jpg,healthy,healthy_leaf,9bfcfbcc8cb11e63541e8a40621b95845e1e02dfe29f66e5220309ac7db93a0f,a74f423217cab81f,kept,Representative
g002054,healthy/healthy724.jpg,healthy,healthy_leaf,0e3761af65bdfe97cdd94992b7c5e8f23d65d1982dcd27abc8f8a032e45fa9e3,93b1cc9a2c46f92e,kept,Representative
g002055,healthy/healthy725.jpg,healthy,healthy_leaf,ea101f2e601ce7bfb9ccb70e8818093874e5afecc1461735c7c26eb61e7ed4c7,ba7eafbd0110ca83,kept,Representative
g002056,healthy/healthy726.jpg,healthy,healthy_leaf,b0ab0a1b628cc9cd7eb546e6be420127b08c6a5434f3d0032de2db131e3bcebc,8e9b08d626cca76d,kept,Representative
g002057,healthy/healthy727.jpg,healthy,healthy_leaf,a8b0964375906225f3fbc3698788454297c2dd0c627ac6ee9948c630a61ef0be,f36c85b4d0a2dd4c,kept,Representative
g002058,healthy/healthy728.jpg,healthy,healthy_leaf,13e92ac799d2e7c4664ee062ce3c7fff0abd1ba0d937ad757cf0e08651afc704,a7385ef370e41ac2,kept,Representative
g002059,healthy/healthy729.jpg,healthy,healthy_leaf,98e4c71e7cccd993b5f8584416af175f706f7f9cdd447611e8b7a58fe160e44e,928bac797ad0d34a,kept,Representative
g002060,healthy/healthy730.jpg,healthy,healthy_leaf,f6bc023cd480cd3daf87aa67509c811e7d256fdf65b476ff4eb6b92ae356e122,f1a11a968f7b6407,kept,Representative
g002061,healthy/healthy731.jpg,healthy,healthy_leaf,f9e56dc37eb23ad8d0bc24dc879ec86a5251b7160b2684520faf1e9651b0de62,b29d823c778932bc,kept,Representative
g002062,healthy/healthy732.jpg,healthy,healthy_leaf,14d086f408f28e7d68f415b92d3a9f981c6a139fc42790cdb0c8a8777013fdd9,e8dc058afdf8bd00,kept,Representative
g002063,healthy/healthy733.jpg,healthy,healthy_leaf,f9e9012acb9d1d4d04894f19d5e20a84ddf1251ea25fc7effeb849cfd875e0a5,93e5b0bc60e6cbc4,kept,Representative
g002064,healthy/healthy734.jpg,healthy,healthy_leaf,87a85dfc7f3e54c1e9e66fe484d7a53f0199436623c3169c7e5bd87dcb2e8c5c,cd580d1d7ef64ac0,kept,Representative
g002065,healthy/healthy735.jpg,healthy,healthy_leaf,c3da150f41aa53c2cf967d6c6500bf76251d86751286e7612aa48895c471abe0,a0de6f5d1a30e1cc,kept,Representative
g002066,healthy/healthy736.jpg,healthy,healthy_leaf,68227f62b1234eb5ba142a7fc1c352e9cd8f9ed953670899c9a9ed2879a47435,bfb8d0a17494fb10,kept,Representative
g002067,healthy/healthy737.jpg,healthy,healthy_leaf,796f7711b78f44d82200924b3ee0cb89fc5854b2b55f1db310beb839e511c069,b202be93e131393f,kept,Representative
g002068,healthy/healthy738.jpg,healthy,healthy_leaf,59d7b4789691536d78b5c720d45b3aee91b8cbee9726a3448587c68732f17308,d2973e08870c79bb,kept,Representative
g002069,healthy/healthy739.jpg,healthy,healthy_leaf,3b81d095df389bd6826c75e1d9a03a0c39307d4f55d2aaf9483de415d1d3fbb8,9ffd281b78b02ca4,kept,Representative
g002070,healthy/healthy740.jpg,healthy,healthy_leaf,656b1c3efae85d08b561b75bb0d6e9bd8a800ed85d6ee518e6e725e49b8e313e,9de7cf310d36201e,kept,Representative
g002071,healthy/healthy741.jpg,healthy,healthy_leaf,a5ffb938f3b29eba7df74e1210187745ab796e2c996bdc481b69d4e26e76c645,bccc41613a96ecb5,kept,Representative
g002072,healthy/healthy742.jpg,healthy,healthy_leaf,ad3661efdc42dc978993e992f289edcc01039095b99126c00290bc0851291780,ecc94f27c5565832,kept,Representative
g002073,healthy/healthy743.jpg,healthy,healthy_leaf,5f0501eda65a91e376f10bb2a9c0a0bd8776c62259964b751d9294a52701d186,a574b9970f994554,kept,Representative
g002074,healthy/healthy744.jpg,healthy,healthy_leaf,f975ccf50d759b67d411f53537bd28729496c69ee88ab3f5d89ddd72646ec215,8b4cd070792ab67e,kept,Representative
g002075,healthy/healthy745.jpg,healthy,healthy_leaf,2d3c15da3efe670e791735f604f5f91a6efc25b54ce838279698c8e12989d0ca,de9445c8bb09b396,kept,Representative
g002076,healthy/healthy746.jpg,healthy,healthy_leaf,d5ac0d63b8280240ec4f887ea63c16a1b973977a1cf289b637dec21d2c607922,922c61f92fb3adc0,kept,Representative
g002077,healthy/healthy747.jpg,healthy,healthy_leaf,271e0af531df22032c7032e412109c8ba6705b6e489f5bfbcf767490f37f452d,c7d3328d2d4c587a,kept,Representative
g002078,healthy/healthy748.jpg,healthy,healthy_leaf,daf4d1c6e5b83871f0876bdefff94508a302c0f482c72b95e9b7b64a8bb1e300,a7ca66beb941a213,kept,Representative
g002079,healthy/healthy749.jpg,healthy,healthy_leaf,cb89ef95367b6dd1bd8597593263b9055ecd3f6e9b6206753d0447b90c91d2ec,a19ae4b172927c6e,kept,Representative
g002080,healthy/healthy750.jpg,healthy,healthy_leaf,458837eaaed7d111f91190a6af9cc9e3351e4ce57af49c64c537f4f1d5f21b5e,d3fc236c9e4cc470,kept,Representative
g002081,healthy/healthy751.jpg,healthy,healthy_leaf,964b26f8fd39bcf8d6086ee301aeb29aa92759538c8af44d7df46c196bd42783,9a9a6171d19599b9,kept,Representative
g002082,healthy/healthy752.jpg,healthy,healthy_leaf,4990b128444c2e4c0e891997b539e6b892e5f127267c88c896a00fb36cf4ab63,b1c80fb6c65faa0c,kept,Representative
g002083,healthy/healthy753.jpg,healthy,healthy_leaf,de5b412ae006a443abc054c774183584121b93ec595265b512a06201ad014e75,b2d10a13f9e9d42e,kept,Representative
g002084,healthy/healthy754.jpg,healthy,healthy_leaf,7b261d129df3a90631e02b11db93031054419cea5d4325506ca8a7285702ab30,c70f323c42b7535c,kept,Representative
g002085,healthy/healthy755.jpg,healthy,healthy_leaf,275736cccea8eba01c12e339a1838935834abdda10673675e77c6eae37277814,dbb7ad5605aa5054,kept,Representative
g002086,healthy/healthy756.jpg,healthy,healthy_leaf,fc829f2ca9c91598e69d23ba6e0a4b26d018890cf00b1ce6d5e0dc5f628298f1,dc43a6918ddca18f,kept,Representative
g002087,healthy/healthy757.jpg,healthy,healthy_leaf,a3496af1155910f6d30f47bf9fd3cb0f9c7df42c9597bd2c30081ba093d4b696,a67568e143b348bd,kept,Representative
g002088,healthy/healthy758.jpg,healthy,healthy_leaf,9c6260504e4d2063095800bf039229a3fe04c41ba306ed8988dcf25e27f57f93,ce664e7885be9056,kept,Representative
g002089,healthy/healthy759.jpg,healthy,healthy_leaf,b9dc57278e76ee613b73536e01657838fd9d8004b977724dd45c28d41a9df791,d595753d42359cc2,kept,Representative
g002090,healthy/healthy760.jpg,healthy,healthy_leaf,2816503ba7b3e1986b15fd9dacf7df40ed7a6a7f998c2a2ee3593eb4cb28d9e1,ec3942131b7ec6a9,kept,Representative
g002091,healthy/healthy761.jpg,healthy,healthy_leaf,8b7650a8936abb7c97ccda38c86e6fe714a7cba819d66bb6f9e02cee5cb3b431,ad5b95c03911f39c,kept,Representative
g002092,healthy/healthy762.jpg,healthy,healthy_leaf,72ccc34342e4c6cdfb37782a5ff623f50e67ed384b9079ea5090867dfb5d74e8,937d183465e9a95a,kept,Representative
g002093,healthy/healthy763.jpg,healthy,healthy_leaf,994902a305f50497eefc23d8294f51adff93420e9ceb3516eae93329c5c7e9ff,c261078c5d1a5fbe,kept,Representative
g002094,healthy/healthy764.jpg,healthy,healthy_leaf,d2ff23fffa2c1ee14f4fb3a30e1712a3c07fd254eef7700267ce693b40f24738,837d6e472915161f,kept,Representative
g002095,healthy/healthy765.jpg,healthy,healthy_leaf,363001fc49ea05a567ae35bdbbe590d4bb0e144a83bb745a3249c471dcd29f27,b6326329c63639dc,kept,Representative
g002096,healthy/healthy766.jpg,healthy,healthy_leaf,92bdb5c1116d58449b0a8eeee975fb3f5b3aa1e06e0bac7841dca790c3c4e8fb,a76858837316e5cb,kept,Representative
g002097,healthy/healthy767.jpg,healthy,healthy_leaf,8e3085e4055121166bcf4ebf57112650a3394ad33d2307e1691b7c141299dc7b,c510b0cb1db3f5c3,kept,Representative
g002098,healthy/healthy768.jpg,healthy,healthy_leaf,b145ab9131dc0883d3ef10b03b0080c15bff0188dfdaa2100f84716d836ee68f,8f6b63a8ce1b5072,kept,Representative
g002099,healthy/healthy769.jpg,healthy,healthy_leaf,f4c064a530e8b2146bd97831f33eabef9330f46e3832df0ad33326105e2f7b5b,89ec4121eafca5c7,kept,Representative
g002100,healthy/healthy770.jpg,healthy,healthy_leaf,373ac21725bdf409ac77504c4e7c59500c8c2b14fee53272653bd0c8ab2cac0a,c183e51f7ba688b1,kept,Representative
g002101,healthy/healthy771.jpg,healthy,healthy_leaf,418dc89988c8d11a2f1932b85cdf7317c3083cda29280a209cfc7de57629426e,8f1179d18ee522ce,kept,Representative
g002102,healthy/healthy772.jpg,healthy,healthy_leaf,f08b2e6128c90e60c2a16eb7daedba25aebaa8e106c857771083e56974240b38,b8c6d9abc6c885b1,kept,Representative
g002103,healthy/healthy773.jpg,healthy,healthy_leaf,a282ad9790df62155fa2cdd214c1e34fa410443c8fe8d52e44eb6033bef0d0fa,fc2be8218de03cce,kept,Representative
g002104,healthy/healthy774.jpg,healthy,healthy_leaf,36751134bfebe4066db8bdc5bae7f4e94612d93dd19932e34dd265e5fef2d302,a7525c3c79d884ec,kept,Representative
g002105,healthy/healthy775.jpg,healthy,healthy_leaf,ab12cd35cff5d9bb8ee1ee0c4e32b42707741cff7c09795971475992db0ff989,c7d6f0434b3966a1,kept,Representative
g002106,healthy/healthy776.jpg,healthy,healthy_leaf,62a5b79239edf61e6eb62c5943a63795be1bb214e28eb2b8baa594d2f843e969,e6fb16c58a3155c2,kept,Representative
g002107,healthy/healthy777.jpg,healthy,healthy_leaf,a68ce8c8b504da5b375717b800f31d59227dbd9d949c0cd92418f5490cf4938d,a1bb15e69943846f,kept,Representative
g002108,healthy/healthy778.jpg,healthy,healthy_leaf,140ec2478941f26527ab0ce5d7140fa9e3261af054442029183aa54a003ff9ea,c661da352fb1e04d,kept,Representative
g002109,healthy/healthy779.jpg,healthy,healthy_leaf,17a6775c74edb60b08ca65d4675c57ad965a7e131180fe40ee278f13f522ec1f,bcec598d4e916b42,kept,Representative
g002110,healthy/healthy780.jpg,healthy,healthy_leaf,146c19c93243173e5bf95cd8712cb4132ab3d73c5df045617cee7c2b58b5be0a,b18678e2a95aa71e,kept,Representative
g002111,healthy/healthy781.jpg,healthy,healthy_leaf,e27e299a64873022ac89468dd144d04272a1add4f3c0cb3e1ec58403c0a85ca6,a927f14e30d187b3,kept,Representative
g002112,healthy/healthy782.jpg,healthy,healthy_leaf,4b408239a4c57acdd84460f6c9374420709e293c70f3c348c34b79d6749aa174,d06b939ccaf07a8c,kept,Representative
g002113,healthy/healthy783.jpg,healthy,healthy_leaf,32d09adef64fec6feafc42036473e403b0388fca8b65e22f576ff99c9b060aa6,d49c167bb7436468,kept,Representative
g002114,healthy/healthy784.jpg,healthy,healthy_leaf,0c788b668caad99c1abd89feb636b9c229b9495e26cf642e415d5ebf5d3be5b9,93b88e197ec3321b,kept,Representative
g002115,healthy/healthy785.jpg,healthy,healthy_leaf,11a8c48e2df56e8d3f180a71b405985f5072a624e1de53806b958ee84a547f9f,8cf08ecbfd4d20d1,kept,Representative
g002116,healthy/healthy786.jpg,healthy,healthy_leaf,12a3e9509d907ca73f8eb49a24b1f1179de9c79932687aa5c8406a5896cf1a4a,f92851a4f1c736d2,kept,Representative
g002117,healthy/healthy787.jpg,healthy,healthy_leaf,36b0e7cb490550b56401f22eab3936bdbc22f5875b709436b7832974b15644d1,e4871f3b52baec40,kept,Representative
g002118,healthy/healthy788.jpg,healthy,healthy_leaf,14e215870e31ea5039a272f075c3f915fc3ced7b7994d6df1b937df0352a4fcd,b550af3660ed07d8,kept,Representative
g002119,healthy/healthy789.jpg,healthy,healthy_leaf,219abdcd33be5acf1cfb7f1386e5237387a94c474d1bba577de5a4c5d9d769f2,cdc99e68bccd6230,kept,Representative
g002120,healthy/healthy790.jpg,healthy,healthy_leaf,57e0a81bf256a89834559b339c17833956ec40c9262b02e1fb7fbb2d8e039fc6,e00b7b77d80a2d95,kept,Representative
g002121,healthy/healthy791.jpg,healthy,healthy_leaf,ce334279e6fca3519bcb5b29d2a76e1cdc1a3a616a4707bbd672217a3f4ba4ce,d2911665679cea1e,kept,Representative
g002122,healthy/healthy792.jpg,healthy,healthy_leaf,bc15235ce6875644b003ab6a0acf6fe769cf50b0f4e3bfb31f060ea1e58c6f2c,934b759cad678624,kept,Representative
g002123,healthy/healthy793.jpg,healthy,healthy_leaf,35c1576df1104f8b843e4e668947bf5aef9718d83ab08df9e0b38bcbec267cab,c4671e11378f716a,kept,Representative
g002124,healthy/healthy794.jpg,healthy,healthy_leaf,91ae3fdf5fb2ee9ea9e48281b47a5a775ea41b20330ce55e812fe904d1b7c69e,bf2100d7acebb14a,kept,Representative
g002125,healthy/healthy795.jpg,healthy,healthy_leaf,de031ef7f0a6620d2636d6ca76462b865038469a85eeb79e21305d6be0e3d4d9,9dfe30c75ca4e0b0,kept,Representative
g002126,healthy/healthy796.jpg,healthy,healthy_leaf,7ba9762688cccceb2bd416c62dcafa8bbb5407ef93525af0ba8cc9c72fdb5ca8,cf592745062fd4d1,kept,Representative
g002127,healthy/healthy797.jpg,healthy,healthy_leaf,a2461a273db6a29f33a3163af3b16718f7ba5ace2352d498ecdcf237a842aaf1,a2de6cc28339273e,kept,Representative
g002128,healthy/healthy798.jpg,healthy,healthy_leaf,e1c6341b8767ccfd5e40a4f012c6eb554ff006bfc57cae5ea10870e656eb69dc,c998dc2c0caf22fd,kept,Representative
g002129,healthy/healthy799.jpg,healthy,healthy_leaf,25a0565c67781fa484de39564ec268f11facf67c58ce834433d2c8a89e97a72c,d801ee1760cd663f,kept,Representative
g002130,healthy/healthy800.jpg,healthy,healthy_leaf,4e8f21c186b9a9742e261f0b93f2bc817026f6a5edfe7336db7bc628e30030ce,871878e658cb7aa5,kept,Representative
g002131,healthy/healthy801.jpg,healthy,healthy_leaf,52d4fc906e14566a314b1c80271ba1919da79d5154c99880fe9e503f5dcf7570,8555a07e7ea84ba6,kept,Representative
g002132,healthy/healthy802.jpg,healthy,healthy_leaf,b2ffd7a8d280b93cd5378a4c8ed803a1cb2bce08376446cbec825a969a342411,dc902afb5a8745a3,kept,Representative
g002133,healthy/healthy803.jpg,healthy,healthy_leaf,167066b7b03ee3114f0c5f75815ec51526533873c9cbb0c79749de3fd175f1ae,8fdace634158a45e,kept,Representative
g002134,healthy/healthy804.jpg,healthy,healthy_leaf,28aeb4d0a0e56c503d756a02ee16e42894626e54d7ab875729e5472f150d5a5c,86361177c13d6d8d,kept,Representative
g002135,healthy/healthy805.jpg,healthy,healthy_leaf,e24bc04c623d3e90bee18aaa659c18186a1a5bd2e5b64a884f6e457bda928c19,c4cd9992c2c35e7a,kept,Representative
g002136,healthy/healthy806.jpg,healthy,healthy_leaf,820df89d61ca19894cceac4894b5140e412dfde25575045d0b6dd3d29d11371f,80017fd35183fdec,kept,Representative
g002137,healthy/healthy807.jpg,healthy,healthy_leaf,076ed412317fa03c8a01c19e5c06c4fd79dbd702f261a19b429c38533e45758c,dd8b3b0705f8881f,kept,Representative
g002138,healthy/healthy808.jpg,healthy,healthy_leaf,bda16e06f1e903e317846694d5d67a417374cbd7b68826c8b2f80125db7c738a,8e6af4dde025188f,kept,Representative
g002139,healthy/healthy809.jpg,healthy,healthy_leaf,31377f129348ead940eb11d2142f07f3a3e6808613f5af86543fe3efa71a7df3,b6ba60569aad9827,kept,Representative
g002140,healthy/healthy810.jpg,healthy,healthy_leaf,f8b48f550b2316d66c7ae4c82a8eddbaa9cccf0fbafef6657ec07481e450376e,bce8c9025616f9cd,kept,Representative
g002141,healthy/healthy811.jpg,healthy,healthy_leaf,517e0463496336de1deac1dd9c45c4b39afb2a1b4288ca8f82cae0e152664892,8ccd6b16c960bd5a,kept,Representative
g002142,healthy/healthy812.jpg,healthy,healthy_leaf,5f5f67509de2d9bcfd33c8e18439db2f9feea38e6310a80df1d9c90121d36be6,a689f047599323f6,kept,Representative
g002143,healthy/healthy813.jpg,healthy,healthy_leaf,910bfedb5baa0f31e91a049fc8d5279efdc848155569649e974308788c1d2508,ded2857b34ca3603,kept,Representative
g002144,healthy/healthy814.jpg,healthy,healthy_leaf,4f54dd66bdeab916b2714209c18ce725aca2975af991dde38291c45e92534c4f,c3654eb9a668db41,kept,Representative
g002145,healthy/healthy815.jpg,healthy,healthy_leaf,f3ec95775638f5b60a28b35af48319687fd047940a3b690895be51505c91d1ce,9b70d72668847fa8,kept,Representative
g002146,healthy/healthy816.jpg,healthy,healthy_leaf,7f1f7f79bfdfcae297cfe975c3d34f40ceb4ff152684e8c564d5dd9226033530,a61b13ce6d99c90e,kept,Representative
g002147,healthy/healthy817.jpg,healthy,healthy_leaf,6b0e682c9758baa89761f559cf47051763d23db31785945644c389db0226ad6e,e9d2985be81f7806,kept,Representative
g002148,healthy/healthy818.jpg,healthy,healthy_leaf,4553956609acd29bbab5738f5bdadb16977838f0bb7c8d2b8f980f6d646fade6,be2918d5d53066ec,kept,Representative
g002149,healthy/healthy819.jpg,healthy,healthy_leaf,f8417fee5836b7a0e88ba76924c99c049d87a50da0daf1603e4251540d87ee63,c07b934a8add1dc6,kept,Representative
g002150,healthy/healthy820.jpg,healthy,healthy_leaf,18c0f3fb8fa0dc17c6c6162180a039eaabfda90c330288d50bd21bb022510e18,9e5e60c5754921af,kept,Representative
g002151,healthy/healthy821.jpg,healthy,healthy_leaf,940340facae194aea99c89b7aad761894feb77f52ea86d530ccceb5e7d3cfa17,e63d686a608d1ebc,kept,Representative
g002152,healthy/healthy822.jpg,healthy,healthy_leaf,f9eae81a5b785d25bc5caab0d8435b84bebf1571f2e9543632e5646a611bd673,83cc7062ad48f2fe,kept,Representative
g002153,healthy/healthy823.jpg,healthy,healthy_leaf,5755a2de4521bf4f313292acc72f3ed34d8e36ac054fd005fc014bd150bfa1ff,e35c02fb99ec6a30,kept,Representative
g002154,healthy/healthy824.jpg,healthy,healthy_leaf,12d24150db2c3e6b76a6acedb0d8cfc2b12589d2e2b9eda09a14b5579db76be8,ce5b6e4537e7e000,kept,Representative
g002155,healthy/healthy825.jpg,healthy,healthy_leaf,0057983dfe2def0162f4f43ec74136221813ab7bc61a7071e70f5c59f3306fec,bf28c0a9ffc500d6,kept,Representative
g002156,healthy/healthy826.jpg,healthy,healthy_leaf,66f845624c029ced89775aee9d8101d2256479c6ac52db638df31d97fa53a765,c561fd6f034c605b,kept,Representative
g002157,healthy/healthy827.jpg,healthy,healthy_leaf,e41c3e9837902a1288555507b6e32d50b098f141c7f81bf1555d10b19af92d0b,d7554070e8d536dc,kept,Representative
g002158,healthy/healthy828.jpg,healthy,healthy_leaf,bb7347824238d3386e541a67e2b2822da56b9fd4f0f584d6613d72ebaa161cf6,8ce2ac9f74c391b8,kept,Representative
g002159,healthy/healthy829.jpg,healthy,healthy_leaf,410e5b58ee1dec9f6033268dbee77f7a59f6a4e1cdf471ec08e05af25634e216,f4232dd14373a58e,kept,Representative
g002160,healthy/healthy830.jpg,healthy,healthy_leaf,6baeb5313c8177f18aa67251ecd26707309d628809dfe76ec1f61a282dd8e97c,f47b04d8a3917857,kept,Representative
g002161,healthy/healthy831.jpg,healthy,healthy_leaf,a5ee0c9b0f359bf7508c568a3880fe96d18e2ab2940f849a52652d63820931ce,b4315bd4886fc3f0,kept,Representative
g002162,healthy/healthy832.jpg,healthy,healthy_leaf,74aa937a40ded06efbb280d808c0f88390f59cff95d683c667721a5e6eb40979,9a70218e17275fb6,kept,Representative
g002163,healthy/healthy833.jpg,healthy,healthy_leaf,10ad94006a1afa2c7be8ee694d2c1cb0c9bdbf5136a6dc3cd6cbc1298c3dc3a5,db98340b267dc3ac,kept,Representative
g002164,healthy/healthy834.jpg,healthy,healthy_leaf,cc50388faa9f171173c2a7af90a57ab5234cd840bafd88d74997ffd9364e1510,d9f25d199770312a,kept,Representative
g002165,healthy/healthy835.jpg,healthy,healthy_leaf,69eb0b81757dfb397448134361e98ef6e98b6b15b25baa7036e314f1d3f3970d,c0ae3e78fcb068d2,kept,Representative
g002166,healthy/healthy836.jpg,healthy,healthy_leaf,2456e4691730b033ef3f2e500bdbf2f2e97e2303e19ccd8cc4aaffaf242cf56b,fdc21e9e81e98351,kept,Representative
g002167,healthy/healthy837.jpg,healthy,healthy_leaf,cc9120c244be16aafa968d261b1f50dd2467327e9aeb311dc4e5e71511c344c7,f43f9390d0c17e1a,kept,Representative
g002168,healthy/healthy838.jpg,healthy,healthy_leaf,c15ba894701ef06acca8c2dd5c1becedbe06f8e9d627f972769f9137cabaeec7,80533aae7c99d6e4,kept,Representative
g002169,healthy/healthy839.jpg,healthy,healthy_leaf,047a22d34eeb94767f55852aa0c9fa38b4cf2dc5e49b36caa4ae159e768e1d60,9447273bea4a524f,kept,Representative
g002170,healthy/healthy840.jpg,healthy,healthy_leaf,7f37e7f35c912e30bf1818aac0d3c61969767fef276ad218bd7ce8ca676c8fa8,c191dbdcb118ace6,kept,Representative
g002171,healthy/healthy841.jpg,healthy,healthy_leaf,a0d2d53164cf9ea161f2c86f432c15d7a3b0226f5a646fedeb050abaea37c85d,b36cfc10e63b6183,kept,Representative
g002172,healthy/healthy842.jpg,healthy,healthy_leaf,85abdd3f32696e953cb15a2780ba6cd17c2a97c2466ad5b82be977d249435bb6,b24b8eeb0e36ad30,kept,Representative
g002173,healthy/healthy843.jpg,healthy,healthy_leaf,acedec23702938b2c957561a6f7ba75126179ae9be9084d90dd783d72d3e9994,a50eae866a53c727,kept,Representative
g002174,healthy/healthy844.jpg,healthy,healthy_leaf,2574b7e94e7a8837932a76ef348e42caf1eebf08655993f54e0e83a7a417b615,fac0929afd8b01bc,kept,Representative
g002175,healthy/healthy845.jpg,healthy,healthy_leaf,03d40b0939de952e4e17a37f49d1457e05613e23c70ffe7986c039eab3b2f128,f2e38f38c4846fa8,kept,Representative
g002176,healthy/healthy846.jpg,healthy,healthy_leaf,3501b5089ac28bbfaba3a03122cca8414ee3bd4da73358bf25fa6a7c7f18e3e9,c748a1b933ec6565,kept,Representative
g002177,healthy/healthy847.jpg,healthy,healthy_leaf,551bfd8a96d514d797778d904b7fca7af24236989e7c2ae52334e16ccee11643,c99862cdf3ec0e2a,kept,Representative
g002178,healthy/healthy848.jpg,healthy,healthy_leaf,9e34a6907c0fe22136719256162a0264fdfef72efe92737036fd1ca0e5ec62f6,aa65ba495eea21b2,kept,Representative
g002179,healthy/healthy849.jpg,healthy,healthy_leaf,884f34f5d7742e1c2f21d81aa476c2df323d7762de4ee43831d1cea02f910611,ac1859b76717b4c8,kept,Representative
g002180,healthy/healthy850.jpg,healthy,healthy_leaf,4a0e65531a42bca48d47c56e34ef335a7962e9cd2d8b16654510bd2767967010,8b9cc3cc72e08cd7,kept,Representative
g002181,healthy/healthy851.jpg,healthy,healthy_leaf,dfcb07bc1fd701fb07155c6429a7b46f9add1850e4c878a921edd4b16951c7c0,dd3307d9363980f8,kept,Representative
g002182,healthy/healthy852.jpg,healthy,healthy_leaf,3fedaefac0ac34b9b54006cabc5d537151ac256ced84a23a30b43e90156d830b,d2d80d80edee3633,kept,Representative
g002183,healthy/healthy853.jpg,healthy,healthy_leaf,b6b62e68aea61ac8cfb09ebc2df143a029157ce40f46cf909084772c8306d202,890df897457833e3,kept,Representative
g002184,healthy/healthy854.jpg,healthy,healthy_leaf,ef0825e4f2b26da5497231d46877f65605a8273ddf07f5d135403ca285860650,fd3dbf6e0054805a,kept,Representative
g002185,healthy/healthy855.jpg,healthy,healthy_leaf,9a8cebba3a8e2a359530f987c384a06408cf23efb013732c2d04061e235afeec,a73ca8c17318be8e,kept,Representative
g002186,healthy/healthy856.jpg,healthy,healthy_leaf,4825bf7166b44c59182186b2109dbeb8e183daedd1d84c63b90c98c397138098,f4c91e2d0851f2b7,kept,Representative
g002187,healthy/healthy857.jpg,healthy,healthy_leaf,d26c3bff510d3adb063ff49e4e6322659ab12d04fe7acb6c0aa23ff3db9111e4,a3eae8e1edc4ea20,kept,Representative
g002188,healthy/healthy858.jpg,healthy,healthy_leaf,4125997c9cafb183f9ff42aaf5a400fb235fb4358551d394ec63cc9d650740fe,c76c99b5228067f6,kept,Representative
g002189,healthy/healthy859.jpg,healthy,healthy_leaf,b6a7082adfec1fbd7b90292800a597cc960ac328f20dbfb827921abdd253972b,e961b3ae03e925f0,kept,Representative
g002190,healthy/healthy860.jpg,healthy,healthy_leaf,3f445bf521b693c53100c815001f0b01d3c59076890de2c52d1f33b2b36ce5a9,bfc2d9e1c1a75809,kept,Representative
g002191,healthy/healthy861.jpg,healthy,healthy_leaf,4c0e70acfc86439f92e68af8a4114abb85fa6ee04d2c6454e291c25245ca7e60,856f64aec40a53fa,kept,Representative
g002192,healthy/healthy862.jpg,healthy,healthy_leaf,080950b3f1d337f8de07ee4733e7693bc7e139b85f2b03c1e0fbaea65ff23e70,e36ab85f0ca46e8a,kept,Representative
g002193,healthy/healthy863.jpg,healthy,healthy_leaf,65a31ac979fb04d648a24b77ff8f7561a8ae627deb3e82bde8050abb7f8170e8,f60af44545f584b3,kept,Representative
g002194,healthy/healthy864.jpg,healthy,healthy_leaf,95a97bde6086c025c3118ea526755a9b82063305c87012e0d386568f04dcafb4,fa79056de62252a3,kept,Representative
g002195,healthy/healthy865.jpg,healthy,healthy_leaf,1138afe0b3f8b138015fac7665829716cd7c98341bf36230ab6e11f6ac7d42f7,e46464231b3a4b7f,kept,Representative
g002196,healthy/healthy866.jpg,healthy,healthy_leaf,7e6f23ff1fcdc34f573c3908b4669e80225b629a8714587ad010ba36c8464a8b,e4c273c94c79970e,kept,Representative
g002197,healthy/healthy867.jpg,healthy,healthy_leaf,777ec62f6d5d4136ed8594d0df477bbe79292c7f195bedf5088ed458ebd0308a,de766cc29272496c,kept,Representative
g002198,healthy/healthy868.jpg,healthy,healthy_leaf,af193f3f9e4b1ae0f5edbc2cf8668412ffc1170c166f2ea9b486a6e32c89b014,c176b7a1c2a6e652,kept,Representative
g002199,healthy/healthy869.jpg,healthy,healthy_leaf,0e9ab91164ab70204210b68dd4da1828599e1901ffd7e5891c00ce5f43d9ab72,99bd074345b9d968,kept,Representative
g002200,healthy/healthy870.jpg,healthy,healthy_leaf,514f0df82a3efd52bf92e625438ef4298ce3c6d661a896bdc840c044288bbfb1,da86fe856c1ac1e1,kept,Representative
g002201,healthy/healthy871.jpg,healthy,healthy_leaf,a1f6cf1511244bcc8565c345cbdccb9fe321009ca917eaff5e4c7a6522bf4063,bf5438a342fcd294,kept,Representative
g002202,healthy/healthy872.jpg,healthy,healthy_leaf,d651c53c3c3f732423f527a70d074fe41124893bbeb07ea46b8426345be8f096,839b07801eb9fee1,kept,Representative
g002203,healthy/healthy873.jpg,healthy,healthy_leaf,ed5e0592a499e44898f839ec6f7c1fa307d8bc71de59eedb3c9777d22e0e1626,8ed772d32993066c,kept,Representative
g002204,healthy/healthy874.jpg,healthy,healthy_leaf,670a45adf24a39079c3890e7d1e36c22d38cc8bdee457975eb63abd5c760757f,888b3f618f7568e4,kept,Representative
g002205,healthy/healthy875.jpg,healthy,healthy_leaf,48dcf12deae753424de12900674bcb08da5c47b06640ed4ae038864c7d98581d,e2c492bcd5136f34,kept,Representative
g002206,healthy/healthy876.jpg,healthy,healthy_leaf,e62c77160b79a14c4cacaf3e2c31a12c38f954e288a8eb3dd945bb39c3ce638d,c04c265f5d8795ad,kept,Representative
g002207,healthy/healthy877.jpg,healthy,healthy_leaf,a43646e3037431d05708bebb8acc98f5652342687f75d7a06dd828b84f7279e7,b7171dc4d146435b,kept,Representative
g002208,healthy/healthy878.jpg,healthy,healthy_leaf,4a96cf8cea02c2f27acf4c1d3466e6a98528871bba48a5e6e4fc69b994f7c198,8f60c4ff1929cad2,kept,Representative
g002209,healthy/healthy879.jpg,healthy,healthy_leaf,bdfc3c70b56a830e5b76fab61229523705618b18d3d07946cffddaa3c4253117,b41ff58ed81131e4,kept,Representative
g002210,healthy/healthy880.jpg,healthy,healthy_leaf,fb62ee547e8f229344ea4989af3c23983f8dcf142c205658960dde29a2d68b50,bc92be02e29e15cd,kept,Representative
g002211,healthy/healthy881.jpg,healthy,healthy_leaf,f615e4fc03b6db6fae4415578cb479747f0907d881299df3274133eb5677abc5,94e1f4dcf0f16262,kept,Representative
g002212,healthy/healthy882.jpg,healthy,healthy_leaf,91ffca157d9e3f3d65b08647461fd881f6eafbf05ff03ddd0c2c5e94529234b6,a09e82539fe84ead,kept,Representative
g002213,healthy/healthy883.jpg,healthy,healthy_leaf,d77bc59af723e70491e00c42915b1eb332f69a8a03580827ce9f1bddd8a64720,f175cb8c1a0dc647,kept,Representative
g002214,healthy/healthy884.jpg,healthy,healthy_leaf,05b3d6d39facff8a321093987877e1280a6cfc9ad5dbb7a7af403207e87e44a0,a679509bccc6db90,kept,Representative
g002215,healthy/healthy885.jpg,healthy,healthy_leaf,307b1b4b822940cfaa0cc92e8656c18af2c5d48befe9db9df30e1f0c4861922e,fc259d4b03b30baa,kept,Representative
g002216,healthy/healthy886.jpg,healthy,healthy_leaf,0569daa69b43ea18a466ef1d7aaaf2cea77264398d25bb4f8ee25ee6aa315011,b0c81bfbd2126796,kept,Representative
g002217,healthy/healthy887.jpg,healthy,healthy_leaf,18bd408ccfe88af5065b7c8ffadaf5b59141b99b141456a85ae80b73e75937de,8a877992d67d40cd,kept,Representative
g002218,healthy/healthy888.jpg,healthy,healthy_leaf,4b301818a4cb2034904803319a042e1e41210f657063487669aadb8e5c9f519d,936f4236ad1d72c2,kept,Representative
g002219,healthy/healthy889.jpg,healthy,healthy_leaf,4b3f08d82e08613a69f972fdb2872431f8592a9248578367a29964591bf3b626,b12297f41bc268fc,kept,Representative
g002220,healthy/healthy890.jpg,healthy,healthy_leaf,e06c5ce5ce27d5b589b07f0e7b03dc89afcb78075ff801e77d95b4b2ca261d48,db3a46d1885b2de1,kept,Representative
g002221,healthy/healthy891.jpg,healthy,healthy_leaf,526b698faa3fa476f73229216a0785b61433380a6bc1dfc2e9fc7e23ed671173,fdffcc982400d8d1,kept,Representative
g002222,healthy/healthy892.jpg,healthy,healthy_leaf,9af28db4dff9a8734428db3f6cf0275e82715798e62b58de3be776854ae8a846,bf81fe89c2a49478,kept,Representative
g002223,healthy/healthy893.jpg,healthy,healthy_leaf,2158181efb694a70b59ab3d8be1a338a02c43e3d796db469204615a7760f3cc0,df8aa6ca9f10ec12,kept,Representative
g002224,healthy/healthy894.jpg,healthy,healthy_leaf,dea672c2198dfb6c0e82a6a34e82c1a9284f7023e7ab46590f16964b4aa9eccd,a65d7963a007d7d0,kept,Representative
g002225,healthy/healthy895.jpg,healthy,healthy_leaf,b2d1eea0f31b9283a48f21461e165dec1efb0d234c6be9ae76e709ff44b3068f,9dc0d98f8f1e1a34,kept,Representative
g002226,healthy/healthy896.jpg,healthy,healthy_leaf,e7dcef19d8692a6c08f2491f734a14502649812a09ee1214e8161e9717b18544,a3683653cf6c7312,kept,Representative
g002227,healthy/healthy897.jpg,healthy,healthy_leaf,9facaf3207cf97d6fc967c63544cecd176962f89abd769e762f93f978c5f817a,f28389c4cffc013e,kept,Representative
g002228,healthy/healthy898.jpg,healthy,healthy_leaf,9a0bd321da3edc63e1250f19da6a13f80fe638933ef3463ea2b663343e1e3dc4,ed13a9343398e674,kept,Representative
g002229,healthy/healthy899.jpg,healthy,healthy_leaf,80e2dc9dc83198bf8b31e0d36c53c846d4f03874ca6a4646ed192b145a31f962,ee40f7a32b1ee920,kept,Representative
g002230,healthy/healthy900.jpg,healthy,healthy_leaf,a4529686a5a02e69593c29532ad623cb2eb8dab0e8eb770e8fb23d9f2be2b0d5,edea9ac2b51b44b0,kept,Representative
g002231,healthy/healthy901.jpg,healthy,healthy_leaf,7e72b2385bef84c0920e8d8bacfd7c2f336a7fc0c6cc7e16741d9cb0ae0cd02f,c1852bf30aecf2a3,kept,Representative
g002232,healthy/healthy902.jpg,healthy,healthy_leaf,9bdb7cbcc0c30dce38449970e3ee0db115458d1338ea8871a48449f75c8d8b27,a74d59fca237840b,kept,Representative
g002233,healthy/healthy903.jpg,healthy,healthy_leaf,fa3315a571887d728c174890229b6532a1cb3e7c2e6967ee909585daae44b823,eb70967a90e0e87c,kept,Representative
g002234,healthy/healthy904.jpg,healthy,healthy_leaf,fccf368b0ac5e23a85c53a8617e16a6c48e1dff0740eb190b084a36a92cfb2f0,9f978049393c9b5a,kept,Representative
g002235,healthy/healthy905.jpg,healthy,healthy_leaf,fc2215419f5fe1b67997a61c2303b62982cb3d1417deb538ce58319127a911bf,fa402368f706cbc7,kept,Representative
g002236,healthy/healthy906.jpg,healthy,healthy_leaf,d3882a6c81af175b2a863623376d88605f34c43def4f4faea4696a2be8c0af67,8c37bc92317e48cb,kept,Representative
g002237,healthy/healthy907.jpg,healthy,healthy_leaf,d792b8b3d40a2e41e682b67a34919c43264433e9dac5509f46ab382fe3005722,a427bb68f3c485a9,kept,Representative
g002238,healthy/healthy908.jpg,healthy,healthy_leaf,97822102729c83fb780ba54ab6479453ab16f68733d767966ce33e40f096d8e3,9b3e2740a1c538fd,kept,Representative
g002239,healthy/healthy909.jpg,healthy,healthy_leaf,7d3885ed371e33be326e6a6b25d20da8324e17e0ac2cc2969538fa346b48fe11,9d1cbee06630f5a4,kept,Representative
g002240,healthy/healthy910.jpg,healthy,healthy_leaf,e4b99d1a1ec0ca0f41919af87bed2275554341c5f0857f39b5e74835b20ef6d8,9047994e0d1fbd71,kept,Representative
g002241,healthy/healthy911.jpg,healthy,healthy_leaf,465a7055431a33b229d27f08586503b807809832a3083682179064dde9567787,da1e1d09316b4b75,kept,Representative
g002242,healthy/healthy912.jpg,healthy,healthy_leaf,daf5e2086f0d57804afcdeb9d1df697c70dc70392f3b2f261dcaad766294a66f,d6dd33204941baf5,kept,Representative
g002243,healthy/healthy913.jpg,healthy,healthy_leaf,91ecea27566ec5bd830a89c2c56794d1e6c165c8c6a3f2f10813fc984ac2b39e,dc9a7e2cd394c922,kept,Representative
g002244,healthy/healthy914.jpg,healthy,healthy_leaf,df32c4d68a846e39df55400313c69267034dcba5b8a7eea17e9fd69c9fe3d00f,c0cc29e63e316eba,kept,Representative
g002245,healthy/healthy915.jpg,healthy,healthy_leaf,036a2f0eb413e1beb577e274ced8beac9493a2f5178d6eb3d92f509465ba01ae,9ea373dd2a15e403,kept,Representative
g002246,healthy/healthy916.jpg,healthy,healthy_leaf,9f4f92956e29ab463c93f5506fff9a56c327c364fc478c88a6585362a07fa77d,81a868f869fe2d4b,kept,Representative
g002247,healthy/healthy917.jpg,healthy,healthy_leaf,b4f67c886d7e51422d2035679c7112fd6f8d897ef51a203ba90f38131a8817ab,b3c04499c56d7e1e,kept,Representative
g002248,healthy/healthy918.jpg,healthy,healthy_leaf,abcec494600a25847505ff8db5cf0a9e1eb5ae5dded93f23b458b8d67f7107eb,fd49856a333f6602,kept,Representative
g002249,healthy/healthy919.jpg,healthy,healthy_leaf,4de33ba7585d8a983fc2c9ccad71ba7d8b39298b5ccee7bd55468e21a628573a,a49188576f83aef8,kept,Representative
g002250,healthy/healthy920.jpg,healthy,healthy_leaf,b76ab2c6828d188bfb4711d5924cf64311cdca4e1506060f9dc8d8718b12990a,94a3295c2fd5b709,kept,Representative
g002251,healthy/healthy921.jpg,healthy,healthy_leaf,028ffc1015931dc650415bce237302bef5ca03243d6dfabe9f43dbee2d642d30,e08733a5da627279,kept,Representative
g002252,healthy/healthy922.jpg,healthy,healthy_leaf,2cc1fff8d58d7a5076992d50d8a559c9a2f1a1b768235790ce56634007bf0cf2,978cf8a5d87268f0,kept,Representative
g002253,healthy/healthy923.jpg,healthy,healthy_leaf,bfe74d6b8f6942a34d863f688aa5193718bf85eafd23f3b26ed97b51ae7f424a,81a667181cf83d5f,kept,Representative
g002254,healthy/healthy924.jpg,healthy,healthy_leaf,74ff41cfefd8e0194ad28b0cfb6cf74ccd359320b29768534dbfdb032cb32840,cee561c48db1382f,kept,Representative
g002255,healthy/healthy925.jpg,healthy,healthy_leaf,aed1dba8a136596508dc19a71a688a024529a8a49c62f33292c79c64540368b1,eb67633147390c4b,kept,Representative
g002256,healthy/healthy926.jpg,healthy,healthy_leaf,3ef0fd1efa6b034ec6e291dd19535d466f09a5c6eba5c784df7fb9f0c065b2cd,f28d2eb51ac6a4d2,kept,Representative
g002257,healthy/healthy927.jpg,healthy,healthy_leaf,344d4d3ef818fd6d2a9a188c06ddab12d86368cc0589d2b11ee180d9540b346c,821b7aa499b1c9ed,kept,Representative
g002258,healthy/healthy928.jpg,healthy,healthy_leaf,043c75f288dac5f748941540a862d0ec246e253b1ff1917de560df37fe9c22a7,c0974b802e6db5be,kept,Representative
g002259,healthy/healthy929.jpg,healthy,healthy_leaf,583fc205c5281dee809cf8c900d004df69b4145f8f4ab1d493533b408544a5e7,8e2979964b5bb04d,kept,Representative
g002260,healthy/healthy930.jpg,healthy,healthy_leaf,8efe208ff88b26b46992a00d5a368b416b8f4f49b7bf4376564ddbc2a064a48f,cdd591626f855272,kept,Representative
g002261,healthy/healthy931.jpg,healthy,healthy_leaf,729863eedccf62d95bcbc22596ea7562d9278a867b23f038b7faf3c61270d0c6,88f0a17db784177a,kept,Representative
g002262,healthy/healthy932.jpg,healthy,healthy_leaf,99e3efbeeb6176189c792191c401dced6dd43049db0f605a2ad0574c36c9cb63,e3ecc1e4f1318e0e,kept,Representative
g002263,healthy/healthy933.jpg,healthy,healthy_leaf,33a1d2dd8e470cbef8f15e25189c7c9560b9d93f8d4d0f5884406d8a6acddb18,e4dcc12d1e295aba,kept,Representative
g002264,healthy/healthy934.jpg,healthy,healthy_leaf,a92b3eba57b36831b5e0fd352aa10dcf291d2e7c7a30f59c116060c6d4b3ab0d,99e6d46ab448ecac,kept,Representative
g002265,healthy/healthy935.jpg,healthy,healthy_leaf,9bbcc8f013fee57c165fee7d8c10bb2e73acc0a37cc0f8a3119439f03435b2de,8f207d75721e2c4b,kept,Representative
g002266,healthy/healthy936.jpg,healthy,healthy_leaf,68bff9ccfc9f1a34e0a1ef83ed0d497b58e039b490c0e8c5c69f9d75fe79d17d,abda145a47ecdc28,kept,Representative
g002267,healthy/healthy937.jpg,healthy,healthy_leaf,84f752c63ae81f56bff0922ba4e903a46d407be48d6d9f476530503c1e8393cc,876149bdbe9118e6,kept,Representative
g002268,healthy/healthy938.jpg,healthy,healthy_leaf,3fc9c810474851b4cbe3773090c3a55d3bee0e31e1fe9521b20cc21ad9497d6b,ecce14b2e6d8b261,kept,Representative
g002269,healthy/healthy939.jpg,healthy,healthy_leaf,a6ee7e5403378eccd56cb60ac4cc86425f22bf582cdedeaf7920c2027ade9bdc,9e597272c036fa85,kept,Representative
g002270,healthy/healthy940.jpg,healthy,healthy_leaf,71a857a089d4f23acc569d2240a2844e88ea2a40e54ee7ca487a88566be51e27,ac95b6da99170ea2,kept,Representative
g002271,healthy/healthy941.jpg,healthy,healthy_leaf,9cf197b7556ecb2f7f430ee0b01c2b157f37659fa6676e191159e37bea65f9bb,d06578d3078c9b57,kept,Representative
g002272,healthy/healthy942.jpg,healthy,healthy_leaf,445a31156d694c148d653d6d051990917e1ea827e9bdbb5b78deb8de326c859b,bb3da15c468c6b4a,kept,Representative
g002273,healthy/healthy943.jpg,healthy,healthy_leaf,a2d61af33b801eefe41002bb79b1bb5d7b5bd9bf8f1a8e90960e1b8e866afe03,89d261ba4e25b3f2,kept,Representative
g002274,healthy/healthy944.jpg,healthy,healthy_leaf,01734b2bf8aa6881344e4960e79bd452df8ae5a1f09e85028dc49b7036e2fb62,cedb05e8cfc90634,kept,Representative
g002275,healthy/healthy945.jpg,healthy,healthy_leaf,9d62e71a31e0d4787d72b94e4229854b5b177d92096e14a0a064604dd2706e61,f23368e843bde341,kept,Representative
g002276,healthy/healthy946.jpg,healthy,healthy_leaf,552117bf5fbde0f2b3d205c16e40da1e516514e2d3398cc3813c2bd67d37c4c8,fe69131269842ded,kept,Representative
g002277,healthy/healthy947.jpg,healthy,healthy_leaf,6561b4c86360813a497a3fe02523742e21bfa0f561c7308ffa7e05c4cdfffad9,b79f60e4e6678340,kept,Representative
g002278,healthy/healthy948.jpg,healthy,healthy_leaf,ff8394382135d0942037aa7476da134c204387f8ab69aa5146dc864243d4d218,a89ee98d1b129778,kept,Representative
g002279,healthy/healthy949.jpg,healthy,healthy_leaf,9928069b3e8e0b0581f80955c020ce1ff2ed6c8945db6c98bcdf7ba9f362803f,831cd9ce98b58d6a,kept,Representative
g002280,healthy/healthy950.jpg,healthy,healthy_leaf,8e149fee924c3a4d0a4d47074fe17a09e0729576529981be064eb83d11372897,8698e68def2b1989,kept,Representative
g002281,healthy/healthy951.jpg,healthy,healthy_leaf,9fdfb9b869f59ae489407f784dc85d8025bd0723eeb696f420ad285c46bfa42b,bd266d79b6172540,kept,Representative
g002282,healthy/healthy952.jpg,healthy,healthy_leaf,1fbfe422f3f4b146df15d95f6c840e323003925d54189d940a1d542f7a7aa6e3,bf0da6275a26198d,kept,Representative
g002283,healthy/healthy953.jpg,healthy,healthy_leaf,10dcc94718af6333055a04b329364860b33f66077de74adf9e8a2b970da35fba,dea2254ba4349afa,kept,Representative
g002284,healthy/healthy954.jpg,healthy,healthy_leaf,88ef1446c24d15adac7310f7d0f813d5577cea6bd977e9d59a41d7b509fdcffc,e004ad1db6ca4efa,kept,Representative
g002285,healthy/healthy955.jpg,healthy,healthy_leaf,2318bcabf9756e26e8eb94e3180c87151a0c6d4612b70e19389aa5f0ce29cc80,b8df0568632caf4c,kept,Representative
g002286,healthy/healthy956.jpg,healthy,healthy_leaf,69d5e25b86297a0bd37f651baed6f124025620569b5871415e89743f398bf611,c24fd34c699d166a,kept,Representative
g002287,healthy/healthy957.jpg,healthy,healthy_leaf,538175609a9388ac9b50949078819ab0128a12787710486214c6d2333a116d16,e6bc69609e326c9a,kept,Representative
g002288,healthy/healthy958.jpg,healthy,healthy_leaf,ecfc682fcc995b4b52f6c660f991e5eef6beb0104d3d6a68b41a06798dcb7272,8d3cddc90ed80da5,kept,Representative
g002289,healthy/healthy959.jpg,healthy,healthy_leaf,39318132516537d05c721aa51acbcc5e982acd675aa706d3964c95f51c587a72,c1c1bfb1294d464f,kept,Representative
g002290,healthy/healthy960.jpg,healthy,healthy_leaf,c9aef3c8e87d1f30352b71d11283ed827da5ebabef267cb84c78450cf3752327,8b2ff01be6cc8664,kept,Representative
g002291,healthy/healthy961.jpg,healthy,healthy_leaf,908f581a5ec5c823eb051bd9a9f4682d0ba0d62b3f779850b38d47f13b58ff2b,99b6624f1dc1137c,kept,Representative
g002292,healthy/healthy962.jpg,healthy,healthy_leaf,f8debbdead9f95933aedd5645b142513136c9900027a096a62efccd781d4b78d,9139d24a95b73e13,kept,Representative
g002293,healthy/healthy963.jpg,healthy,healthy_leaf,9108600bfc50f497ab7aa4642af1489669bc2db004e30cd0ad97df2b7cd03592,b06c833e5939ec9c,kept,Representative
g002294,healthy/healthy964.jpg,healthy,healthy_leaf,cc67d08f34ecad5dee96620a4b8382ac60289ac150152efbe6582ff9795e86e7,e26c80aaf9d31d3c,kept,Representative
g002295,healthy/healthy965.jpg,healthy,healthy_leaf,3ed7f826eb68903617ee7129dbfa86ef8b8d18b37de9a5db55d6bf2c5e855167,e28295fa113b12f7,kept,Representative
g002296,healthy/healthy966.jpg,healthy,healthy_leaf,ca46038edc04c7bbccc14374bb3b2602f29c773671b17133c67adcdbfbb4a047,b02563e03776fc58,kept,Representative
g002297,healthy/healthy967.jpg,healthy,healthy_leaf,04a7ac373ff16af69ea89c7ee88f41c7d35b62184277f7c3e25e9f0946066eb3,b46807d569fea485,kept,Representative
g002298,healthy/healthy968.jpg,healthy,healthy_leaf,6effcfdc51e553fa32468374fb1b01976ebef412084db40a5d71001d066c3b34,f2e50d603bb4a50f,kept,Representative
g002299,healthy/healthy969.jpg,healthy,healthy_leaf,917ea6544cd9916670a38871436fc4aee76fb4915577673222ce6dbb82b15224,bcd2bb0c04e5637a,kept,Representative
g002300,healthy/healthy970.jpg,healthy,healthy_leaf,0fdc32d44f1c772cee554537506e507984c9acb05a23a87fdcc722af9d6efcf7,ac63f8870d778a38,kept,Representative
g002301,healthy/healthy971.jpg,healthy,healthy_leaf,fd94e7904b46ac9d060dc16ae91605f787e06accaf710487e655fe421cd32ab3,e5026bd51f56c0b9,kept,Representative
g002302,healthy/healthy972.jpg,healthy,healthy_leaf,c488732d5fe7915d8fea23e0629993745b61c8ff3b65d7a5dca5e2dc23bb83f3,b92efac03ee0913a,kept,Representative
g002303,healthy/healthy973.jpg,healthy,healthy_leaf,de115ad8144a18968e3a5dad545616745d18393018ff91fbe686c57f362e09a1,c9a6b064cd2b709f,kept,Representative
g002304,healthy/healthy974.jpg,healthy,healthy_leaf,66448b5a9fe2e51f4ad527160359ea29988be6dff2e90a140d181f1c2ac5a6ec,d89f216b51d2992e,kept,Representative
g002305,healthy/healthy975.jpg,healthy,healthy_leaf,a828c572a26f331feae3c585921439da8707fb090aa009434ebe1c40302f2ba8,d5988179c6f43f24,kept,Representative
g002306,healthy/healthy976.jpg,healthy,healthy_leaf,22a29e2ed1b91e4661113e4a08ed6ca60446ab398e9a8d0755ddec2391a4de65,da3d2f62073634f0,kept,Representative
g002307,healthy/healthy977.jpg,healthy,healthy_leaf,020dae4fdb81a6a370c6f85ff596f5395a1c90a251cbdc6b3c2968a1e143497f,87e465ef86925835,kept,Representative
g002308,healthy/healthy978.jpg,healthy,healthy_leaf,af622589364add0740bb3bfedcae1289352205c9129d2a70fda97fc44219f7b9,87cca87971b26d49,kept,Representative
g002309,healthy/healthy979.jpg,healthy,healthy_leaf,725b99998c0e87e767ec9ea65aa25f6adb1172d29fed49a64addc550f07eb21f,9ae3433d409dfd60,kept,Representative
g002310,healthy/healthy980.jpg,healthy,healthy_leaf,fe2bd7da39ec79eca86f927b310a50fc14a2a6b25feebd466343d1316811521b,97b74378f14132c9,kept,Representative
g002311,healthy/healthy981.jpg,healthy,healthy_leaf,f0e42e9424c7bbb926f1410a0ba1c03a160f85f3bf8fb5e1f1780ee934d34af9,e827d1ec34d6a691,kept,Representative
g002312,healthy/healthy982.jpg,healthy,healthy_leaf,981f436070789a9596d078b64cff14502fab0a4ce5fee3f8f177cd4ea5705b17,c0f76f18067859f4,kept,Representative
g002313,healthy/healthy983.jpg,healthy,healthy_leaf,080d4a02faa25fe29f8d6a4947cc8167b3dfc94802080a6ccda8f64aa0a404e9,c0b745930bdc31eb,kept,Representative
g002314,healthy/healthy984.jpg,healthy,healthy_leaf,b9aa08d6089f336d7bdaab6b2cc8428a4fd96b53bd8a8a36b5d2deae0bac44ca,a4d8ed3b094694af,kept,Representative
g002315,healthy/healthy985.jpg,healthy,healthy_leaf,9702d38d613c78f8915a555c4cec01fe78ca4d88852a38ca667a2cc471c014a6,c9b14c5935d4472f,kept,Representative
g002316,healthy/healthy986.jpg,healthy,healthy_leaf,519d6692f6381067ccdaabd39844298bb2907f1220fe574487c46dcf2ed3ce6a,ff3514c06afd0a07,kept,Representative
g002317,healthy/healthy987.jpg,healthy,healthy_leaf,5a8e665a4afc6af1c30aa3089727688a1ea18a0f3a1b16f0f0a91fe0e6ed385f,ce6b09933a190cfe,kept,Representative
g002318,healthy/healthy988.jpg,healthy,healthy_leaf,1295b5feb452c1713d87e2a554a45352d8dad4a236bd47953bee7ecd4d158c8d,de8c1ab4a7c1949e,kept,Representative
g002319,healthy/healthy989.jpg,healthy,healthy_leaf,335f356d0f4fa5f32b4c66ca54bb5ca7c507153991747ec5cc3b6c561e037a95,86b331468e77e519,kept,Representative
g002320,healthy/healthy990.jpg,healthy,healthy_leaf,75ed5e96a2ab12776323316e007bf6f865b215a6898fd00e57e45c3a427a5bdc,bd6f9a30a45a4cb2,kept,Representative
g002321,healthy/healthy991.jpg,healthy,healthy_leaf,9729768bd49d30176c0109134ee4d0886fdd1880b3538403b50832133bffccc1,9ba539c265aa4a5e,kept,Representative
g002322,healthy/healthy992.jpg,healthy,healthy_leaf,ba25ae39d9e85ebe252b6a5eb3aebec9642d63b582183a38c889079aad346f9b,e60d83ccb7cec4c8,kept,Representative
g002323,healthy/healthy993.jpg,healthy,healthy_leaf,a27732bb28cff011b2406c9b9b0c5418552a7ae4a722102f5327ee8f09fd943f,d6a70d7a5e0f8924,kept,Representative
g002324,healthy/healthy994.jpg,healthy,healthy_leaf,ed8cb0a554eeea2e43bd2ed37238d8c9b6f661f1e741c82f82cb2951d119a776,fe4af8e5bcc04834,kept,Representative
g002325,healthy/healthy995.jpg,healthy,healthy_leaf,0025f8f33a194282991bc37434f87817195d8eeb26668b0302f284df96d476b3,cac4bc2fa3715683,kept,Representative
g002326,healthy/healthy996.jpg,healthy,healthy_leaf,bde80e0855927998d3cd9d01e9e64d91bad002094ae51f149d031a95f0dba063,99fc2cd08427f0f6,kept,Representative
g002327,healthy/healthy997.jpg,healthy,healthy_leaf,52da758b6bd6286059f9df80ad92329a164857a9213ef078c5af46c539bdc1de,851cf5b04e7872b6,kept,Representative
g002328,healthy/healthy998.jpg,healthy,healthy_leaf,5c1fdb0433c1df138cda626ffc3d806d462f97afeb60bdf3337bf0a11362f06a,dc010f5ab1e17e6c,kept,Representative
g002329,healthy/healthy999.jpg,healthy,healthy_leaf,f2ef3950834f1a759f6c765113a12a70afe187ea0e63bcd760a06676ae1bb610,b33c22fddc00e0e7,kept,Representative
g002330,leaf blight/leaf blight001.jpg,leaf blight,vl_leaf_blight,a0071630456430be21aae2d077db819126263c89db5f1cd9e61a23ec0ca92bfb,b71e62f1a24306af,kept,Representative
g002330,leaf blight/leaf blight002.jpg,leaf blight,vl_leaf_blight,a0071630456430be21aae2d077db819126263c89db5f1cd9e61a23ec0ca92bfb,b71e62f1a24306af,exact_duplicate,SHA-256 / pHash=0 / reviewed duplicate component
g002332,leaf blight/leaf blight003.jpg,leaf blight,vl_leaf_blight,f51279f62e349f2b66f99b87487fb79c98f6f0d7bbb683b060b17ab77a68c265,8b529696807eae6d,kept,Representative
g002332,leaf blight/leaf blight004.jpg,leaf blight,vl_leaf_blight,f51279f62e349f2b66f99b87487fb79c98f6f0d7bbb683b060b17ab77a68c265,8b529696807eae6d,exact_duplicate,SHA-256 / pHash=0 / reviewed duplicate component
g002334,leaf blight/leaf blight005.jpg,leaf blight,vl_leaf_blight,312948fae8714560556eb85864c12f8f37032a4e1d21e68865bf1bf41fcd476f,b13796d96d0c4566,kept,Representative
g002334,leaf blight/leaf blight006.jpg,leaf blight,vl_leaf_blight,312948fae8714560556eb85864c12f8f37032a4e1d21e68865bf1bf41fcd476f,b13796d96d0c4566,exact_duplicate,SHA-256 / pHash=0 / reviewed duplicate component
g002336,leaf blight/leaf blight007.jpg,leaf blight,vl_leaf_blight,5c625fde841fe5d92f2426fe02dbd995d800250255b2ca0ceb767aedb1a142a1,a382ea1e596b48ed,kept,Representative
g002336,leaf blight/leaf blight008.jpg,leaf blight,vl_leaf_blight,5c625fde841fe5d92f2426fe02dbd995d800250255b2ca0ceb767aedb1a142a1,a382ea1e596b48ed,exact_duplicate,SHA-256 / pHash=0 / reviewed duplicate component
g002338,leaf blight/leaf blight009.jpg,leaf blight,vl_leaf_blight,ad42f345d00707dbdbaf26679a9820c8fe1f665802425a7e9ac3184ce57fee3b,805235243fae775e,kept,Representative
g002338,leaf blight/leaf blight010.jpg,leaf blight,vl_leaf_blight,ad42f345d00707dbdbaf26679a9820c8fe1f665802425a7e9ac3184ce57fee3b,805235243fae775e,exact_duplicate,SHA-256 / pHash=0 / reviewed duplicate component
g002340,leaf blight/leaf blight011.jpg,leaf blight,vl_leaf_blight,7e68c8aedd560978439ce0f264853a38e4d6f846d02c81da57054eb7fc80a91d,b552eb2a26764d25,kept,Representative
g002340,leaf blight/leaf blight012.jpg,leaf blight,vl_leaf_blight,7e68c8aedd560978439ce0f264853a38e4d6f846d02c81da57054eb7fc80a91d,b552eb2a26764d25,exact_duplicate,SHA-256 / pHash=0 / reviewed duplicate component
g002342,leaf blight/leaf blight013.jpg,leaf blight,vl_leaf_blight,a8379cd23696d5dcdfef9ff7118c3753f12fcf9a1d9026ac5e5794de370c5e9b,835e5f3cb16ad025,kept,Representative
g002342,leaf blight/leaf blight014.jpg,leaf blight,vl_leaf_blight,a8379cd23696d5dcdfef9ff7118c3753f12fcf9a1d9026ac5e5794de370c5e9b,835e5f3cb16ad025,exact_duplicate,SHA-256 / pHash=0 / reviewed duplicate component
g002344,leaf blight/leaf blight015.jpg,leaf blight,vl_leaf_blight,efafafc150c925c8474e06277f8cd0cd7ce45e3927fa014a4c90b744b02f8ce2,ad4f32b34938686e,kept,Representative
g002344,leaf blight/leaf blight016.jpg,leaf blight,vl_leaf_blight,efafafc150c925c8474e06277f8cd0cd7ce45e3927fa014a4c90b744b02f8ce2,ad4f32b34938686e,exact_duplicate,SHA-256 / pHash=0 / reviewed duplicate component
g002346,leaf blight/leaf blight017.jpg,leaf blight,vl_leaf_blight,54a1de3c0bab4a6af673cef8c234dd02802241a51fc3dba25017eab046af8313,ae2529371b9d391a,kept,Representative
g002346,leaf blight/leaf blight018.jpg,leaf blight,vl_leaf_blight,54a1de3c0bab4a6af673cef8c234dd02802241a51fc3dba25017eab046af8313,ae2529371b9d391a,exact_duplicate,SHA-256 / pHash=0 / reviewed duplicate component
g002348,leaf blight/leaf blight019.jpg,leaf blight,vl_leaf_blight,f53254c0df4139c9042709f6aa7e89cbc015b53446e68e803fc02c89f5fb88ff,cbde62da7513c460,kept,Representative
g002348,leaf blight/leaf blight020.jpg,leaf blight,vl_leaf_blight,f53254c0df4139c9042709f6aa7e89cbc015b53446e68e803fc02c89f5fb88ff,cbde62da7513c460,exact_duplicate,SHA-256 / pHash=0 / reviewed duplicate component
g002350,leaf blight/leaf blight021.jpg,leaf blight,vl_leaf_blight,af984c25626aac085224f070e943d60c1c260126f92c23ea129eace6dfe42ea2,8bc2fb45b69d00d9,kept,Representative
g002350,leaf blight/leaf blight022.jpg,leaf blight,vl_leaf_blight,af984c25626aac085224f070e943d60c1c260126f92c23ea129eace6dfe42ea2,8bc2fb45b69d00d9,exact_duplicate,SHA-256 / pHash=0 / reviewed duplicate component
g002352,leaf blight/leaf blight023.jpg,leaf blight,vl_leaf_blight,1a8eddb4dbb470c56889783fa4bf07436be98349a6a677e077b2eef64c074490,b8ead429e071ed38,kept,Representative
g002352,leaf blight/leaf blight024.jpg,leaf blight,vl_leaf_blight,1a8eddb4dbb470c56889783fa4bf07436be98349a6a677e077b2eef64c074490,b8ead429e071ed38,exact_duplicate,SHA-256 / pHash=0 / reviewed duplicate component
g002354,leaf blight/leaf blight025.jpg,leaf blight,vl_leaf_blight,433971c2cec47b47cfecda6f62ce013d76afbedf8666e1a400ea91d919351a26,8ddc8a5474bf5612,kept,Representative
g002354,leaf blight/leaf blight026.jpg,leaf blight,vl_leaf_blight,433971c2cec47b47cfecda6f62ce013d76afbedf8666e1a400ea91d919351a26,8ddc8a5474bf5612,exact_duplicate,SHA-256 / pHash=0 / reviewed duplicate component
g002356,leaf blight/leaf blight027.jpg,leaf blight,vl_leaf_blight,483f7c22740c60cd96ea2b3f822c91823b2e183e41f658d62527dcefb65a8373,bfcee80144f833b2,kept,Representative
g002356,leaf blight/leaf blight028.jpg,leaf blight,vl_leaf_blight,483f7c22740c60cd96ea2b3f822c91823b2e183e41f658d62527dcefb65a8373,bfcee80144f833b2,exact_duplicate,SHA-256 / pHash=0 / reviewed duplicate component
g002358,leaf blight/leaf blight029.jpg,leaf blight,vl_leaf_blight,88b88ebaa669d2760df9fb0f5334ca4e972defcd1e7abcfe58cdbfe17d4f3c60,d4d15de1a22d985e,kept,Representative
g002358,leaf blight/leaf blight030.jpg,leaf blight,vl_leaf_blight,88b88ebaa669d2760df9fb0f5334ca4e972defcd1e7abcfe58cdbfe17d4f3c60,d4d15de1a22d985e,exact_duplicate,SHA-256 / pHash=0 / reviewed duplicate component
g002360,leaf blight/leaf blight031.jpg,leaf blight,vl_leaf_blight,c6d9d0ee445dcf57dc136d6e6b8706ec62e64682db50d5676169560f7ecc0c1b,95fdc308e007ea1f,kept,Representative
g002360,leaf blight/leaf blight032.jpg,leaf blight,vl_leaf_blight,c6d9d0ee445dcf57dc136d6e6b8706ec62e64682db50d5676169560f7ecc0c1b,95fdc308e007ea1f,exact_duplicate,SHA-256 / pHash=0 / reviewed duplicate component
g002362,leaf blight/leaf blight033.jpg,leaf blight,vl_leaf_blight,0b24bb01a3f7b7fa3409a1ba0dc9ebb64b7fae93cbb11a95b9921273528c6238,8fe7052095a53fc3,kept,Representative
g002362,leaf blight/leaf blight034.jpg,leaf blight,vl_leaf_blight,0b24bb01a3f7b7fa3409a1ba0dc9ebb64b7fae93cbb11a95b9921273528c6238,8fe7052095a53fc3,exact_duplicate,SHA-256 / pHash=0 / reviewed duplicate component
g002364,leaf blight/leaf blight035.jpg,leaf blight,vl_leaf_blight,91420c196ee3b2b7cda1cf8264aaaf47e61692f6f8cba15d3c44edc3a7a15781,85f2cc1be8a5c8f4,kept,Representative
g002364,leaf blight/leaf blight036.jpg,leaf blight,vl_leaf_blight,91420c196ee3b2b7cda1cf8264aaaf47e61692f6f8cba15d3c44edc3a7a15781,85f2cc1be8a5c8f4,exact_duplicate,SHA-256 / pHash=0 / reviewed duplicate component
g002366,leaf blight/leaf blight037.jpg,leaf blight,vl_leaf_blight,8f6e109daab811566b559442ca6261c194d68323d0ecdec5032cd9d492deabfc,85f4cc19eaa5c8f4,kept,Representative
g002366,leaf blight/leaf blight038.jpg,leaf blight,vl_leaf_blight,8f6e109daab811566b559442ca6261c194d68323d0ecdec5032cd9d492deabfc,85f4cc19eaa5c8f4,exact_duplicate,SHA-256 / pHash=0 / reviewed duplicate component
g002368,leaf blight/leaf blight039.jpg,leaf blight,vl_leaf_blight,86635dbb80fe59aa051747b7fb0c6482ddab3334b46601ada2c0d47cefea44df,a5976a611cf807ec,kept,Representative
g002368,leaf blight/leaf blight040.jpg,leaf blight,vl_leaf_blight,86635dbb80fe59aa051747b7fb0c6482ddab3334b46601ada2c0d47cefea44df,a5976a611cf807ec,exact_duplicate,SHA-256 / pHash=0 / reviewed duplicate component
g002370,leaf blight/leaf blight041.jpg,leaf blight,vl_leaf_blight,79d1a7141e089e6e9373444e8251c107f07a4936bbcce46e88d79237a4e028cb,96f4a348e19d652d,kept,Representative
g002370,leaf blight/leaf blight042.jpg,leaf blight,vl_leaf_blight,79d1a7141e089e6e9373444e8251c107f07a4936bbcce46e88d79237a4e028cb,96f4a348e19d652d,exact_duplicate,SHA-256 / pHash=0 / reviewed duplicate component
g002372,leaf blight/leaf blight043.jpg,leaf blight,vl_leaf_blight,b52a83c8d39d4f8b9247f6cc164c9a040e5c35545a7c4ca5f8c05e64ad8d805f,97f4a360e03d8f26,kept,Representative
g002372,leaf blight/leaf blight044.jpg,leaf blight,vl_leaf_blight,b52a83c8d39d4f8b9247f6cc164c9a040e5c35545a7c4ca5f8c05e64ad8d805f,97f4a360e03d8f26,exact_duplicate,SHA-256 / pHash=0 / reviewed duplicate component
g002374,leaf blight/leaf blight045.jpg,leaf blight,vl_leaf_blight,72e0e796ee267e7f7fdca92b09bd5d162e63d33afadd480dcc6f9e3cb6368c47,eda3d8dc3383921a,kept,Representative
g002374,leaf blight/leaf blight046.jpg,leaf blight,vl_leaf_blight,72e0e796ee267e7f7fdca92b09bd5d162e63d33afadd480dcc6f9e3cb6368c47,eda3d8dc3383921a,exact_duplicate,SHA-256 / pHash=0 / reviewed duplicate component
g002376,leaf blight/leaf blight047.jpg,leaf blight,vl_leaf_blight,82d213a2ab43ce85dba78176e6022107b4289d7b1800381e40b1036a73d685cb,9cf7b044e285ecb4,kept,Representative
g002376,leaf blight/leaf blight048.jpg,leaf blight,vl_leaf_blight,82d213a2ab43ce85dba78176e6022107b4289d7b1800381e40b1036a73d685cb,9cf7b044e285ecb4,exact_duplicate,SHA-256 / pHash=0 / reviewed duplicate component
g002378,leaf blight/leaf blight049.jpg,leaf blight,vl_leaf_blight,6ecc4c22ba09610a52fed2c8c2cc76f47f02405318328321854693da559d37bf,f8cb512c5bc196d1,kept,Representative
g002378,leaf blight/leaf blight050.jpg,leaf blight,vl_leaf_blight,6ecc4c22ba09610a52fed2c8c2cc76f47f02405318328321854693da559d37bf,f8cb512c5bc196d1,exact_duplicate,SHA-256 / pHash=0 / reviewed duplicate component
g002380,leaf blight/leaf blight051.jpg,leaf blight,vl_leaf_blight,b1b3f92ae2b12226e28fdaa73af11f3a61ec7c8ed2e5e81af1d10d669ef0aa40,8a0670c3f799bd4c,kept,Representative
g002380,leaf blight/leaf blight052.jpg,leaf blight,vl_leaf_blight,b1b3f92ae2b12226e28fdaa73af11f3a61ec7c8ed2e5e81af1d10d669ef0aa40,8a0670c3f799bd4c,exact_duplicate,SHA-256 / pHash=0 / reviewed duplicate component
g002382,leaf blight/leaf blight053.jpg,leaf blight,vl_leaf_blight,a98c1d27d5d19dddd8ab83139facd8607ed8b8920d81cec36bb94c8cbab373b2,ba19f6701193a1dd,kept,Representative
g002382,leaf blight/leaf blight054.jpg,leaf blight,vl_leaf_blight,a98c1d27d5d19dddd8ab83139facd8607ed8b8920d81cec36bb94c8cbab373b2,ba19f6701193a1dd,exact_duplicate,SHA-256 / pHash=0 / reviewed duplicate component
g002384,leaf blight/leaf blight055.jpg,leaf blight,vl_leaf_blight,5d06f57b6c725eb32da8e597c0ccee94cd9c8ce5578da340484dded8cd85b5bf,b87932729c4facc2,kept,Representative
g002384,leaf blight/leaf blight056.jpg,leaf blight,vl_leaf_blight,5d06f57b6c725eb32da8e597c0ccee94cd9c8ce5578da340484dded8cd85b5bf,b87932729c4facc2,exact_duplicate,SHA-256 / pHash=0 / reviewed duplicate component
g002386,leaf blight/leaf blight057.jpg,leaf blight,vl_leaf_blight,7b69bc08a0d3b2ae71539e2192c1d1a2ab268a7012db2a79dae074bf6a04021f,af4ba59076703173,kept,Representative
g002386,leaf blight/leaf blight058.jpg,leaf blight,vl_leaf_blight,7b69bc08a0d3b2ae71539e2192c1d1a2ab268a7012db2a79dae074bf6a04021f,af4ba59076703173,exact_duplicate,SHA-256 / pHash=0 / reviewed duplicate component
g002388,leaf blight/leaf blight059.jpg,leaf blight,vl_leaf_blight,3ccb890aae78db81398f952e09384fb7d317af89abaa0f26ce7796026ec6cb16,ab0a27d3d2a1f153,kept,Representative
g002388,leaf blight/leaf blight060.jpg,leaf blight,vl_leaf_blight,3ccb890aae78db81398f952e09384fb7d317af89abaa0f26ce7796026ec6cb16,ab0a27d3d2a1f153,exact_duplicate,SHA-256 / pHash=0 / reviewed duplicate component
g002390,leaf blight/leaf blight061.jpg,leaf blight,vl_leaf_blight,ddac8a620270227d3920a63daf9a13ce73eafbf8c5a0ca5ce7bf2508e1310160,cfc03c6119bca95e,kept,Representative
g002390,leaf blight/leaf blight062.jpg,leaf blight,vl_leaf_blight,ddac8a620270227d3920a63daf9a13ce73eafbf8c5a0ca5ce7bf2508e1310160,cfc03c6119bca95e,exact_duplicate,SHA-256 / pHash=0 / reviewed duplicate component
g002392,leaf blight/leaf blight063.jpg,leaf blight,vl_leaf_blight,77e5f3858d1b9c50960bc14810cc6607758caacfcaddf0c5ac33fdfc4adabb0f,a7749c4388af0cde,kept,Representative
g002392,leaf blight/leaf blight064.jpg,leaf blight,vl_leaf_blight,77e5f3858d1b9c50960bc14810cc6607758caacfcaddf0c5ac33fdfc4adabb0f,a7749c4388af0cde,exact_duplicate,SHA-256 / pHash=0 / reviewed duplicate component
g002394,leaf blight/leaf blight065.jpg,leaf blight,vl_leaf_blight,1e84c5e7f8c2b209f4a3589c3bb950f96aa04c64e3b64ce728358e98f6ea7614,ab158c925e76b926,kept,Representative
g002394,leaf blight/leaf blight066.jpg,leaf blight,vl_leaf_blight,1e84c5e7f8c2b209f4a3589c3bb950f96aa04c64e3b64ce728358e98f6ea7614,ab158c925e76b926,exact_duplicate,SHA-256 / pHash=0 / reviewed duplicate component
g002396,leaf blight/leaf blight067.jpg,leaf blight,vl_leaf_blight,c184897ac281a5f2c086fac031557acc9164c21426e703fc518196e4eeaa5d9e,ae8486ab54be5996,kept,Representative
g002396,leaf blight/leaf blight068.jpg,leaf blight,vl_leaf_blight,c184897ac281a5f2c086fac031557acc9164c21426e703fc518196e4eeaa5d9e,ae8486ab54be5996,exact_duplicate,SHA-256 / pHash=0 / reviewed duplicate component
g002398,leaf blight/leaf blight069.jpg,leaf blight,vl_leaf_blight,2e5b335b7530a3fe792722dd67671520f352b67966867d6244541fc06c8242dd,a34af4c83513d2bd,kept,Representative
g002398,leaf blight/leaf blight070.jpg,leaf blight,vl_leaf_blight,2e5b335b7530a3fe792722dd67671520f352b67966867d6244541fc06c8242dd,a34af4c83513d2bd,exact_duplicate,SHA-256 / pHash=0 / reviewed duplicate component
g002400,leaf blight/leaf blight071.jpg,leaf blight,vl_leaf_blight,512705f4dab0004aafdc4ab728d4e1b2b38e76f39ec8e280270cb1aabf310923,a200ce5fd0d8735f,kept,Representative
g002400,leaf blight/leaf blight072.jpg,leaf blight,vl_leaf_blight,512705f4dab0004aafdc4ab728d4e1b2b38e76f39ec8e280270cb1aabf310923,a200ce5fd0d8735f,exact_duplicate,SHA-256 / pHash=0 / reviewed duplicate component
g002402,leaf blight/leaf blight073.jpg,leaf blight,vl_leaf_blight,b1c192d0ce5b2dea6b541f533f968d40d5ed5a3a9232f415f708e5bacc3a07a0,e24a2ed317a5295b,kept,Representative
g002402,leaf blight/leaf blight074.jpg,leaf blight,vl_leaf_blight,b1c192d0ce5b2dea6b541f533f968d40d5ed5a3a9232f415f708e5bacc3a07a0,e24a2ed317a5295b,exact_duplicate,SHA-256 / pHash=0 / reviewed duplicate component
g002404,leaf blight/leaf blight075.jpg,leaf blight,vl_leaf_blight,a9f17ddc9e9b68557698e31291a9c71ef06b8a92e4c5a1ce87ba79fabb21433e,f1193d6b6ce4c22a,kept,Representative
g002404,leaf blight/leaf blight076.jpg,leaf blight,vl_leaf_blight,a9f17ddc9e9b68557698e31291a9c71ef06b8a92e4c5a1ce87ba79fabb21433e,f1193d6b6ce4c22a,exact_duplicate,SHA-256 / pHash=0 / reviewed duplicate component
g002406,leaf blight/leaf blight077.jpg,leaf blight,vl_leaf_blight,aebddce8cea695bbb7b24d03c986d414f469d0055f3e46aa834ac0a14bc93618,a6d84ee726b049b3,kept,Representative
g002406,leaf blight/leaf blight078.jpg,leaf blight,vl_leaf_blight,aebddce8cea695bbb7b24d03c986d414f469d0055f3e46aa834ac0a14bc93618,a6d84ee726b049b3,exact_duplicate,SHA-256 / pHash=0 / reviewed duplicate component
g002408,leaf blight/leaf blight079.jpg,leaf blight,vl_leaf_blight,bb46620ab7c0c29ca3c314d28798f518353c983caf9e9b72d5cd1f65d5aa7c2d,a552e6f55a8ea40b,kept,Representative
g002408,leaf blight/leaf blight080.jpg,leaf blight,vl_leaf_blight,bb46620ab7c0c29ca3c314d28798f518353c983caf9e9b72d5cd1f65d5aa7c2d,a552e6f55a8ea40b,exact_duplicate,SHA-256 / pHash=0 / reviewed duplicate component
g002410,leaf blight/leaf blight081.jpg,leaf blight,vl_leaf_blight,d82c3c3447ca7200b074c5fd5912866e39139daa7d50394650a370588dbcd97b,aebcac810e79a656,kept,Representative
g002410,leaf blight/leaf blight082.jpg,leaf blight,vl_leaf_blight,d82c3c3447ca7200b074c5fd5912866e39139daa7d50394650a370588dbcd97b,aebcac810e79a656,exact_duplicate,SHA-256 / pHash=0 / reviewed duplicate component
g002412,leaf blight/leaf blight083.jpg,leaf blight,vl_leaf_blight,332d7ebf1f0167db6212ea9cd0a95b9a822ad53157687a73ba6f8f3760d7bb38,eac4be7a97ca110c,kept,Representative
g002412,leaf blight/leaf blight084.jpg,leaf blight,vl_leaf_blight,332d7ebf1f0167db6212ea9cd0a95b9a822ad53157687a73ba6f8f3760d7bb38,eac4be7a97ca110c,exact_duplicate,SHA-256 / pHash=0 / reviewed duplicate component
g002414,leaf blight/leaf blight085.jpg,leaf blight,vl_leaf_blight,cfafed900838981ad07bc009dee17dc4e9efe266956d6501796bf5eb470d3e48,a48cfc2d6f29c349,kept,Representative
g002414,leaf blight/leaf blight086.jpg,leaf blight,vl_leaf_blight,cfafed900838981ad07bc009dee17dc4e9efe266956d6501796bf5eb470d3e48,a48cfc2d6f29c349,exact_duplicate,SHA-256 / pHash=0 / reviewed duplicate component
g002416,leaf blight/leaf blight087.jpg,leaf blight,vl_leaf_blight,dffaed8dd25bd24f4126cc63eb1caedf66bce429b67ea08491d462c05c87cee5,ff089cdad280dfc0,kept,Representative
g002416,leaf blight/leaf blight088.jpg,leaf blight,vl_leaf_blight,dffaed8dd25bd24f4126cc63eb1caedf66bce429b67ea08491d462c05c87cee5,ff089cdad280dfc0,exact_duplicate,SHA-256 / pHash=0 / reviewed duplicate component
g002418,leaf blight/leaf blight089.jpg,leaf blight,vl_leaf_blight,fcfb54be54a44e85f3e68463b2d064735cdcd862fbfde847b66228c2871469d4,995ad9d8a5d2a4b2,kept,Representative
g002418,leaf blight/leaf blight090.jpg,leaf blight,vl_leaf_blight,fcfb54be54a44e85f3e68463b2d064735cdcd862fbfde847b66228c2871469d4,995ad9d8a5d2a4b2,exact_duplicate,SHA-256 / pHash=0 / reviewed duplicate component
g002420,leaf blight/leaf blight091.jpg,leaf blight,vl_leaf_blight,5b578f0fc8634cd03ea1270f7c6bf118a8209882fa8129ea47770a79074503bb,e9358b332587d4d8,kept,Representative
g002420,leaf blight/leaf blight092.jpg,leaf blight,vl_leaf_blight,5b578f0fc8634cd03ea1270f7c6bf118a8209882fa8129ea47770a79074503bb,e9358b332587d4d8,exact_duplicate,SHA-256 / pHash=0 / reviewed duplicate component
g002422,leaf blight/leaf blight093.jpg,leaf blight,vl_leaf_blight,acbffc89a6511f1a1650aaec5e19af0ccd655dd896599f78a4391840591131cd,a47ff10cc3cc6ae0,kept,Representative
g002422,leaf blight/leaf blight094.jpg,leaf blight,vl_leaf_blight,acbffc89a6511f1a1650aaec5e19af0ccd655dd896599f78a4391840591131cd,a47ff10cc3cc6ae0,exact_duplicate,SHA-256 / pHash=0 / reviewed duplicate component
g002424,leaf blight/leaf blight095.jpg,leaf blight,vl_leaf_blight,2dd4b58df4b69195a64e4e4924352256cf5b3fd711f0125c5ba74ae9b02a6aa3,e3e1a2deb2931c52,kept,Representative
g002424,leaf blight/leaf blight096.jpg,leaf blight,vl_leaf_blight,2dd4b58df4b69195a64e4e4924352256cf5b3fd711f0125c5ba74ae9b02a6aa3,e3e1a2deb2931c52,exact_duplicate,SHA-256 / pHash=0 / reviewed duplicate component
g002426,leaf blight/leaf blight097.jpg,leaf blight,vl_leaf_blight,e610badd697220dccb457cde31caafd95f4928e8a4f66b85a3e8b140b1a886c4,b814c2cacbe9cd1b,kept,Representative
g002426,leaf blight/leaf blight098.jpg,leaf blight,vl_leaf_blight,e610badd697220dccb457cde31caafd95f4928e8a4f66b85a3e8b140b1a886c4,b814c2cacbe9cd1b,exact_duplicate,SHA-256 / pHash=0 / reviewed duplicate component
g002428,leaf blight/leaf blight099.jpg,leaf blight,vl_leaf_blight,4918131d2ae9d1dbc8c337d7e46d8ed07bfc954edb4644e9fb2bb131f0cfe77c,bce3762c0c1995c7,kept,Representative
g002428,leaf blight/leaf blight100.jpg,leaf blight,vl_leaf_blight,4918131d2ae9d1dbc8c337d7e46d8ed07bfc954edb4644e9fb2bb131f0cfe77c,bce3762c0c1995c7,exact_duplicate,SHA-256 / pHash=0 / reviewed duplicate component
g002430,leaf blight/leaf blight101.jpg,leaf blight,vl_leaf_blight,f9d68038ddb10ee3e45c7c5bdb225475682931a2ada921e655434c8893072e9c,f7f70797e43c0030,kept,Representative
g002430,leaf blight/leaf blight102.jpg,leaf blight,vl_leaf_blight,f9d68038ddb10ee3e45c7c5bdb225475682931a2ada921e655434c8893072e9c,f7f70797e43c0030,exact_duplicate,SHA-256 / pHash=0 / reviewed duplicate component
g002432,leaf blight/leaf blight103.jpg,leaf blight,vl_leaf_blight,2d2dce15b86b7095f7fa6b346e8166ff5ce78be1871b4095db4d2dc76c3a66fd,ece8233b878de087,kept,Representative
g002432,leaf blight/leaf blight104.jpg,leaf blight,vl_leaf_blight,2d2dce15b86b7095f7fa6b346e8166ff5ce78be1871b4095db4d2dc76c3a66fd,ece8233b878de087,exact_duplicate,SHA-256 / pHash=0 / reviewed duplicate component
g002434,leaf blight/leaf blight105.jpg,leaf blight,vl_leaf_blight,53a41eaf9e4c9e199e51f673ec1661392c5f5023a546e6736af991eadc6d325b,bec3417a0f65243b,kept,Representative
g002434,leaf blight/leaf blight106.jpg,leaf blight,vl_leaf_blight,53a41eaf9e4c9e199e51f673ec1661392c5f5023a546e6736af991eadc6d325b,bec3417a0f65243b,exact_duplicate,SHA-256 / pHash=0 / reviewed duplicate component
g002436,leaf blight/leaf blight107.jpg,leaf blight,vl_leaf_blight,82c787db8f5a39a69eebd426aeaac86edf5a62f9d43cf77f2c03f5fd5cf5a49d,92e048967efe9e03,kept,Representative
g002436,leaf blight/leaf blight108.jpg,leaf blight,vl_leaf_blight,82c787db8f5a39a69eebd426aeaac86edf5a62f9d43cf77f2c03f5fd5cf5a49d,92e048967efe9e03,exact_duplicate,SHA-256 / pHash=0 / reviewed duplicate component
g002438,leaf blight/leaf blight109.jpg,leaf blight,vl_leaf_blight,11a94f31eef55e6e0ad6e3141fb880d948ebe2d640b82ffc42c169ae68e5b696,ef1e9c9907e30233,kept,Representative
g002438,leaf blight/leaf blight110.jpg,leaf blight,vl_leaf_blight,11a94f31eef55e6e0ad6e3141fb880d948ebe2d640b82ffc42c169ae68e5b696,ef1e9c9907e30233,exact_duplicate,SHA-256 / pHash=0 / reviewed duplicate component
g002440,leaf blight/leaf blight111.jpg,leaf blight,vl_leaf_blight,2f7f871d6824287705530f51a3ca6fae5a2c6754f75b74b6d94c3dd5ca6a4498,bd3ece0f038924b6,kept,Representative
g002440,leaf blight/leaf blight112.jpg,leaf blight,vl_leaf_blight,2f7f871d6824287705530f51a3ca6fae5a2c6754f75b74b6d94c3dd5ca6a4498,bd3ece0f038924b6,exact_duplicate,SHA-256 / pHash=0 / reviewed duplicate component
g002442,leaf blight/leaf blight113.jpg,leaf blight,vl_leaf_blight,38101b9db737a95e1b8cabd8de0b43a65b609da94704351bf397a3315dfbbd5c,bdf4c06d0f1f1145,kept,Representative
g002442,leaf blight/leaf blight114.jpg,leaf blight,vl_leaf_blight,38101b9db737a95e1b8cabd8de0b43a65b609da94704351bf397a3315dfbbd5c,bdf4c06d0f1f1145,exact_duplicate,SHA-256 / pHash=0 / reviewed duplicate component
g002444,leaf blight/leaf blight115.jpg,leaf blight,vl_leaf_blight,350410d31198de15df8e7bac962975356122c71460a2012762deaeff4f3b6495,921adadb9c0aab2e,kept,Representative
g002444,leaf blight/leaf blight116.jpg,leaf blight,vl_leaf_blight,350410d31198de15df8e7bac962975356122c71460a2012762deaeff4f3b6495,921adadb9c0aab2e,exact_duplicate,SHA-256 / pHash=0 / reviewed duplicate component
g002446,leaf blight/leaf blight117.jpg,leaf blight,vl_leaf_blight,756fd33bfed57a6227d3fbc2aa8cfcc37d62866ffd2833630bddf9b7082e2cf0,9b1959ccc439f626,kept,Representative
g002446,leaf blight/leaf blight118.jpg,leaf blight,vl_leaf_blight,756fd33bfed57a6227d3fbc2aa8cfcc37d62866ffd2833630bddf9b7082e2cf0,9b1959ccc439f626,exact_duplicate,SHA-256 / pHash=0 / reviewed duplicate component
g002448,leaf blight/leaf blight119.jpg,leaf blight,vl_leaf_blight,42ff891d095c050ef36b1cd3be61e0b9b35aec035f5cc583c4ceee9ab11655b9,edca8bc02cf54378,kept,Representative
g002448,leaf blight/leaf blight120.jpg,leaf blight,vl_leaf_blight,42ff891d095c050ef36b1cd3be61e0b9b35aec035f5cc583c4ceee9ab11655b9,edca8bc02cf54378,exact_duplicate,SHA-256 / pHash=0 / reviewed duplicate component
g002450,leaf blight/leaf blight121.jpg,leaf blight,vl_leaf_blight,e408bc410141c4d0ddb8fd494b60df7f3c213582c2aec4650f69b7f97a61eb67,ca6029785d99f49e,kept,Representative
g002450,leaf blight/leaf blight122.jpg,leaf blight,vl_leaf_blight,e408bc410141c4d0ddb8fd494b60df7f3c213582c2aec4650f69b7f97a61eb67,ca6029785d99f49e,exact_duplicate,SHA-256 / pHash=0 / reviewed duplicate component
g002450,leaf blight/leaf blight123.jpg,leaf blight,vl_leaf_blight,e408bc410141c4d0ddb8fd494b60df7f3c213582c2aec4650f69b7f97a61eb67,ca6029785d99f49e,exact_duplicate,SHA-256 / pHash=0 / reviewed duplicate component
g002450,leaf blight/leaf blight124.jpg,leaf blight,vl_leaf_blight,e408bc410141c4d0ddb8fd494b60df7f3c213582c2aec4650f69b7f97a61eb67,ca6029785d99f49e,exact_duplicate,SHA-256 / pHash=0 / reviewed duplicate component
g002454,leaf blight/leaf blight125.jpg,leaf blight,vl_leaf_blight,f14cce67d8a7fef63074d6f51b7a716f094d7de0b9956f39add7358a2d7bfe0f,c76c74706a986b8d,kept,Representative
g002454,leaf blight/leaf blight126.jpg,leaf blight,vl_leaf_blight,f14cce67d8a7fef63074d6f51b7a716f094d7de0b9956f39add7358a2d7bfe0f,c76c74706a986b8d,exact_duplicate,SHA-256 / pHash=0 / reviewed duplicate component
g002456,leaf blight/leaf blight127.jpg,leaf blight,vl_leaf_blight,3f502667be9271392ac5fd0f68cfedb9594635544d36f8279f74b8e25f2c894b,fe482498c0f9e7c5,kept,Representative
g002456,leaf blight/leaf blight128.jpg,leaf blight,vl_leaf_blight,3f502667be9271392ac5fd0f68cfedb9594635544d36f8279f74b8e25f2c894b,fe482498c0f9e7c5,exact_duplicate,SHA-256 / pHash=0 / reviewed duplicate component
g002458,leaf blight/leaf blight129.jpg,leaf blight,vl_leaf_blight,e82014fe06a145de68f10dd9ecd25a836ca8559c9e08cbe54b7f6a59c46afcb9,dd973d38d905189a,kept,Representative
g002458,leaf blight/leaf blight130.jpg,leaf blight,vl_leaf_blight,e82014fe06a145de68f10dd9ecd25a836ca8559c9e08cbe54b7f6a59c46afcb9,dd973d38d905189a,exact_duplicate,SHA-256 / pHash=0 / reviewed duplicate component
g002460,leaf blight/leaf blight131.jpg,leaf blight,vl_leaf_blight,9c0bfe8c057cac6b5c3965af8bb6f802270f22b0666d78ae1a187de0c89c5ce9,b82666971d0fc2bc,kept,Representative
g002460,leaf blight/leaf blight132.jpg,leaf blight,vl_leaf_blight,9c0bfe8c057cac6b5c3965af8bb6f802270f22b0666d78ae1a187de0c89c5ce9,b82666971d0fc2bc,exact_duplicate,SHA-256 / pHash=0 / reviewed duplicate component
g002462,leaf blight/leaf blight133.jpg,leaf blight,vl_leaf_blight,05db490620f36fac657f4d37122cefe4228d9d9e0b5a266d7a0bfdb6a7460c76,aa69979a93e51c70,kept,Representative
g002462,leaf blight/leaf blight134.jpg,leaf blight,vl_leaf_blight,05db490620f36fac657f4d37122cefe4228d9d9e0b5a266d7a0bfdb6a7460c76,aa69979a93e51c70,exact_duplicate,SHA-256 / pHash=0 / reviewed duplicate component
g002464,leaf blight/leaf blight135.jpg,leaf blight,vl_leaf_blight,c033c93f1962047707a98aedfc43883952ea49f6d6cf8d9df7b612f2f2ef9d44,9cbb99b173141647,kept,Representative
g002464,leaf blight/leaf blight136.jpg,leaf blight,vl_leaf_blight,c033c93f1962047707a98aedfc43883952ea49f6d6cf8d9df7b612f2f2ef9d44,9cbb99b173141647,exact_duplicate,SHA-256 / pHash=0 / reviewed duplicate component
g002466,leaf blight/leaf blight137.jpg,leaf blight,vl_leaf_blight,98da9130e91d6855b8d7588b033651b8a126319911acd9f0a6ef075e0c8cb8fd,e399cb6028ae9e5a,kept,Representative
g002466,leaf blight/leaf blight138.jpg,leaf blight,vl_leaf_blight,98da9130e91d6855b8d7588b033651b8a126319911acd9f0a6ef075e0c8cb8fd,e399cb6028ae9e5a,exact_duplicate,SHA-256 / pHash=0 / reviewed duplicate component
g000052,leaf blight/leaf blight139.jpg,leaf blight,vl_leaf_blight,1a5b1d3d4c0825c96936d8fcca45dcde22e676ce659b7fe9259d182ae6dfeb33,eb7c19583d2b49c1,label_conflict,"Multiple labels: vl_black_rot, vl_leaf_blight"
g000052,leaf blight/leaf blight140.jpg,leaf blight,vl_leaf_blight,1a5b1d3d4c0825c96936d8fcca45dcde22e676ce659b7fe9259d182ae6dfeb33,eb7c19583d2b49c1,label_conflict,"Multiple labels: vl_black_rot, vl_leaf_blight"
g002470,leaf blight/leaf blight141.jpg,leaf blight,vl_leaf_blight,7ec6498efdbbb7f07977e82a2939ba2724d82d58beac9f3629ac7b56dc86a9b7,82bacc471e18ebbc,kept,Representative
g002470,leaf blight/leaf blight142.jpg,leaf blight,vl_leaf_blight,7ec6498efdbbb7f07977e82a2939ba2724d82d58beac9f3629ac7b56dc86a9b7,82bacc471e18ebbc,exact_duplicate,SHA-256 / pHash=0 / reviewed duplicate component
g002472,leaf blight/leaf blight143.jpg,leaf blight,vl_leaf_blight,1350db8d0965e2dc6f6f07a5de020bc3a53479099bde209545cb0d55b998a6cb,be9a5e5411162fa5,kept,Representative
g002472,leaf blight/leaf blight144.jpg,leaf blight,vl_leaf_blight,1350db8d0965e2dc6f6f07a5de020bc3a53479099bde209545cb0d55b998a6cb,be9a5e5411162fa5,exact_duplicate,SHA-256 / pHash=0 / reviewed duplicate component
g002474,leaf blight/leaf blight145.jpg,leaf blight,vl_leaf_blight,049a1d13126be9503f6609e77e4cbaad3abd27967a9bc0f2aaddd6f0bcba1f34,9fcb25ac2536027b,kept,Representative
g002474,leaf blight/leaf blight146.jpg,leaf blight,vl_leaf_blight,049a1d13126be9503f6609e77e4cbaad3abd27967a9bc0f2aaddd6f0bcba1f34,9fcb25ac2536027b,exact_duplicate,SHA-256 / pHash=0 / reviewed duplicate component
g002476,leaf blight/leaf blight147.jpg,leaf blight,vl_leaf_blight,0426f73b0ce89f4b256850ecba169c734d515c02aac30c0faa1e69e7cc80a855,8e91ef4957ac113c,kept,Representative
g002476,leaf blight/leaf blight148.jpg,leaf blight,vl_leaf_blight,0426f73b0ce89f4b256850ecba169c734d515c02aac30c0faa1e69e7cc80a855,8e91ef4957ac113c,exact_duplicate,SHA-256 / pHash=0 / reviewed duplicate component
g002478,leaf blight/leaf blight149.jpg,leaf blight,vl_leaf_blight,2b55c21e94c86d791827b27304cd83dd48cc3611a0641717a2684642ed324e6f,ab9a0b6b425f6493,kept,Representative
g002478,leaf blight/leaf blight150.jpg,leaf blight,vl_leaf_blight,2b55c21e94c86d791827b27304cd83dd48cc3611a0641717a2684642ed324e6f,ab9a0b6b425f6493,exact_duplicate,SHA-256 / pHash=0 / reviewed duplicate component
g002480,leaf blight/leaf blight151.jpg,leaf blight,vl_leaf_blight,257842eaf090153f9750de185143edb53cdb94bea537657343038214f56f3ffa,acd539a141c9cf3c,kept,Representative
g002480,leaf blight/leaf blight152.jpg,leaf blight,vl_leaf_blight,257842eaf090153f9750de185143edb53cdb94bea537657343038214f56f3ffa,acd539a141c9cf3c,exact_duplicate,SHA-256 / pHash=0 / reviewed duplicate component
g002482,leaf blight/leaf blight153.jpg,leaf blight,vl_leaf_blight,a670e9683f08d2184c834ca78e53762deab9fca8e8c9dadf3e9ea319690f739b,ab49595a1ef24c4d,kept,Representative
g002482,leaf blight/leaf blight154.jpg,leaf blight,vl_leaf_blight,a670e9683f08d2184c834ca78e53762deab9fca8e8c9dadf3e9ea319690f739b,ab49595a1ef24c4d,exact_duplicate,SHA-256 / pHash=0 / reviewed duplicate component
g002484,leaf blight/leaf blight155.jpg,leaf blight,vl_leaf_blight,00ec1c3b2fc1f029fea7a659862c74c43bb07293e3e2e037ccef9342c07d24b9,b6992d0955543f1b,kept,Representative
g002484,leaf blight/leaf blight156.jpg,leaf blight,vl_leaf_blight,00ec1c3b2fc1f029fea7a659862c74c43bb07293e3e2e037ccef9342c07d24b9,b6992d0955543f1b,exact_duplicate,SHA-256 / pHash=0 / reviewed duplicate component
g002486,leaf blight/leaf blight157.jpg,leaf blight,vl_leaf_blight,bf80a137190944b1b123c78cbaa8e9ed477c6a734e633290de466a35566e5bdd,aab6ad7796487448,kept,Representative
g002486,leaf blight/leaf blight158.jpg,leaf blight,vl_leaf_blight,bf80a137190944b1b123c78cbaa8e9ed477c6a734e633290de466a35566e5bdd,aab6ad7796487448,exact_duplicate,SHA-256 / pHash=0 / reviewed duplicate component
g002488,leaf blight/leaf blight159.jpg,leaf blight,vl_leaf_blight,467522f266a744f43d05495916e4d6372e2a115fcbf70660072d155faa10ae38,a8c2564e4b37b6d4,kept,Representative
g002488,leaf blight/leaf blight160.jpg,leaf blight,vl_leaf_blight,467522f266a744f43d05495916e4d6372e2a115fcbf70660072d155faa10ae38,a8c2564e4b37b6d4,exact_duplicate,SHA-256 / pHash=0 / reviewed duplicate component
g002490,leaf blight/leaf blight161.jpg,leaf blight,vl_leaf_blight,c4cd648c8a516849a578b90b3a2b6f5f7ce8dd5439068680895181607ed8fd2a,93f289ce644acda3,kept,Representative
g002490,leaf blight/leaf blight162.jpg,leaf blight,vl_leaf_blight,c4cd648c8a516849a578b90b3a2b6f5f7ce8dd5439068680895181607ed8fd2a,93f289ce644acda3,exact_duplicate,SHA-256 / pHash=0 / reviewed duplicate component
g002492,leaf blight/leaf blight163.jpg,leaf blight,vl_leaf_blight,fba6b6d1abd16b926ad17e0ba4fea9faa97ea070a62411915b326c555b2a4819,bcc3248b6a2d9739,kept,Representative
g002492,leaf blight/leaf blight164.jpg,leaf blight,vl_leaf_blight,fba6b6d1abd16b926ad17e0ba4fea9faa97ea070a62411915b326c555b2a4819,bcc3248b6a2d9739,exact_duplicate,SHA-256 / pHash=0 / reviewed duplicate component
g002494,leaf blight/leaf blight165.jpg,leaf blight,vl_leaf_blight,fc4fc8e4a688a87071c6b8b9bff21d43a691f461a1ad8ea080192c3bbcdb6e41,ba8266651e61b573,kept,Representative
g002494,leaf blight/leaf blight166.jpg,leaf blight,vl_leaf_blight,fc4fc8e4a688a87071c6b8b9bff21d43a691f461a1ad8ea080192c3bbcdb6e41,ba8266651e61b573,exact_duplicate,SHA-256 / pHash=0 / reviewed duplicate component
g002496,leaf blight/leaf blight167.jpg,leaf blight,vl_leaf_blight,51f0d51c45a7a7960af52cd58c84bbfd8ce554c2dcd937c9e6513f4f8f6739ec,ba83f9425eb5095a,kept,Representative
g002496,leaf blight/leaf blight168.jpg,leaf blight,vl_leaf_blight,51f0d51c45a7a7960af52cd58c84bbfd8ce554c2dcd937c9e6513f4f8f6739ec,ba83f9425eb5095a,exact_duplicate,SHA-256 / pHash=0 / reviewed duplicate component
g002498,leaf blight/leaf blight169.jpg,leaf blight,vl_leaf_blight,da30d2b12a57b6c6e41ba288a6dab02f4be718c5b6441c8bc9f77348e448248e,ff95e09493a23a49,kept,Representative
g002498,leaf blight/leaf blight170.jpg,leaf blight,vl_leaf_blight,da30d2b12a57b6c6e41ba288a6dab02f4be718c5b6441c8bc9f77348e448248e,ff95e09493a23a49,exact_duplicate,SHA-256 / pHash=0 / reviewed duplicate component
g002500,leaf blight/leaf blight171.jpg,leaf blight,vl_leaf_blight,c352b8dfd985591ea0779ceac110ccf6fa89c28b24b8ac0604cb913552c83dcc,b65471858f8a4ecd,kept,Representative
g002500,leaf blight/leaf blight172.jpg,leaf blight,vl_leaf_blight,c352b8dfd985591ea0779ceac110ccf6fa89c28b24b8ac0604cb913552c83dcc,b65471858f8a4ecd,exact_duplicate,SHA-256 / pHash=0 / reviewed duplicate component
g002502,leaf blight/leaf blight173.jpg,leaf blight,vl_leaf_blight,0c2810b072b5ce0a45520e15c640711ec2621882810754dddf2ffcbba7ba9c1f,b6cd81e87754ce05,kept,Representative
g002502,leaf blight/leaf blight174.jpg,leaf blight,vl_leaf_blight,0c2810b072b5ce0a45520e15c640711ec2621882810754dddf2ffcbba7ba9c1f,b6cd81e87754ce05,exact_duplicate,SHA-256 / pHash=0 / reviewed duplicate component
g002504,leaf blight/leaf blight175.jpg,leaf blight,vl_leaf_blight,35aaea3c487977f34a965651c2d2a54c51ccee5bcf3bf09cc2fad4afa39bbf53,a86f90972ecab564,kept,Representative
g002504,leaf blight/leaf blight176.jpg,leaf blight,vl_leaf_blight,35aaea3c487977f34a965651c2d2a54c51ccee5bcf3bf09cc2fad4afa39bbf53,a86f90972ecab564,exact_duplicate,SHA-256 / pHash=0 / reviewed duplicate component
g002506,leaf blight/leaf blight177.jpg,leaf blight,vl_leaf_blight,cc9b9542549ef647dfc1bcf830e7002c7ce1c7aa8841ab28470d38f94650d7da,98f50348d7b489db,kept,Representative
g002506,leaf blight/leaf blight178.jpg,leaf blight,vl_leaf_blight,cc9b9542549ef647dfc1bcf830e7002c7ce1c7aa8841ab28470d38f94650d7da,98f50348d7b489db,exact_duplicate,SHA-256 / pHash=0 / reviewed duplicate component
g002508,leaf blight/leaf blight179.jpg,leaf blight,vl_leaf_blight,9c47c8e5d655f15bd36dd55cfa02fbf11c3451df63240869cdf7c5e1a91f8be8,927169f326ceb4c1,kept,Representative
g002508,leaf blight/leaf blight180.jpg,leaf blight,vl_leaf_blight,9c47c8e5d655f15bd36dd55cfa02fbf11c3451df63240869cdf7c5e1a91f8be8,927169f326ceb4c1,exact_duplicate,SHA-256 / pHash=0 / reviewed duplicate component
g002510,leaf blight/leaf blight181.jpg,leaf blight,vl_leaf_blight,93a3782f28e9cd7e01e4799de051a5484306fd7df2aaee786be54a3ed4f21dec,e9c9eb5ad255a412,kept,Representative
g002510,leaf blight/leaf blight182.jpg,leaf blight,vl_leaf_blight,93a3782f28e9cd7e01e4799de051a5484306fd7df2aaee786be54a3ed4f21dec,e9c9eb5ad255a412,exact_duplicate,SHA-256 / pHash=0 / reviewed duplicate component
g002512,leaf blight/leaf blight183.jpg,leaf blight,vl_leaf_blight,e98e47bcf65e946e211ea68e34238ea655829d5edec92ab5e27aced77f100b70,bad8ed44068df331,kept,Representative
g002512,leaf blight/leaf blight184.jpg,leaf blight,vl_leaf_blight,e98e47bcf65e946e211ea68e34238ea655829d5edec92ab5e27aced77f100b70,bad8ed44068df331,exact_duplicate,SHA-256 / pHash=0 / reviewed duplicate component
g002514,leaf blight/leaf blight185.jpg,leaf blight,vl_leaf_blight,0bd0fb6ef7ef4bbe14b1e4d711bcc4570aa0bfe8d52b1b4bb0b206af262faf19,824a0dade8576d97,kept,Representative
g002514,leaf blight/leaf blight186.jpg,leaf blight,vl_leaf_blight,0bd0fb6ef7ef4bbe14b1e4d711bcc4570aa0bfe8d52b1b4bb0b206af262faf19,824a0dade8576d97,exact_duplicate,SHA-256 / pHash=0 / reviewed duplicate component
g002516,leaf blight/leaf blight187.jpg,leaf blight,vl_leaf_blight,a474daa9232503264297fc3b12961330636bb85edbe0adcc8147aca08d3cf2cb,ec3e86c7851fc2d0,kept,Representative
g002516,leaf blight/leaf blight188.jpg,leaf blight,vl_leaf_blight,a474daa9232503264297fc3b12961330636bb85edbe0adcc8147aca08d3cf2cb,ec3e86c7851fc2d0,exact_duplicate,SHA-256 / pHash=0 / reviewed duplicate component
g002518,leaf blight/leaf blight189.jpg,leaf blight,vl_leaf_blight,ae5ef463f2c1aed604dd6322076e5a6c8ca12d28e246b3508ff24e68f144ff0a,9a286c2dabae7616,kept,Representative
g002518,leaf blight/leaf blight190.jpg,leaf blight,vl_leaf_blight,ae5ef463f2c1aed604dd6322076e5a6c8ca12d28e246b3508ff24e68f144ff0a,9a286c2dabae7616,exact_duplicate,SHA-256 / pHash=0 / reviewed duplicate component
g002520,leaf blight/leaf blight191.jpg,leaf blight,vl_leaf_blight,18677afcbb4cf1140190ab32e5d23c72e20b4c8e2f2e4d7c37df41f5522ef3b4,ac1c3ab0f1a5633e,kept,Representative
g002520,leaf blight/leaf blight192.jpg,leaf blight,vl_leaf_blight,18677afcbb4cf1140190ab32e5d23c72e20b4c8e2f2e4d7c37df41f5522ef3b4,ac1c3ab0f1a5633e,exact_duplicate,SHA-256 / pHash=0 / reviewed duplicate component
g002522,leaf blight/leaf blight193.jpg,leaf blight,vl_leaf_blight,8ecfd5bad290cf5ecbfd3153f6c99250d0a518f67a1e62c17c3f7ff301eebfe5,bb79f92c6c321c11,kept,Representative
g002522,leaf blight/leaf blight194.jpg,leaf blight,vl_leaf_blight,8ecfd5bad290cf5ecbfd3153f6c99250d0a518f67a1e62c17c3f7ff301eebfe5,bb79f92c6c321c11,exact_duplicate,SHA-256 / pHash=0 / reviewed duplicate component
g002524,leaf blight/leaf blight195.jpg,leaf blight,vl_leaf_blight,fbdd8f53692f3c480d92dc4fdb5a00113419e79b23f6a2d11382e310f88f94d3,a5b1d6ba29498a57,kept,Representative
g002524,leaf blight/leaf blight196.jpg,leaf blight,vl_leaf_blight,fbdd8f53692f3c480d92dc4fdb5a00113419e79b23f6a2d11382e310f88f94d3,a5b1d6ba29498a57,exact_duplicate,SHA-256 / pHash=0 / reviewed duplicate component
g002526,leaf blight/leaf blight197.jpg,leaf blight,vl_leaf_blight,bf2712e79e667bbebe22d1fca70ac131cb7dbe81089aabb1caaa37fb7e902b40,bc0992b7c496e64e,kept,Representative
g002526,leaf blight/leaf blight198.jpg,leaf blight,vl_leaf_blight,bf2712e79e667bbebe22d1fca70ac131cb7dbe81089aabb1caaa37fb7e902b40,bc0992b7c496e64e,exact_duplicate,SHA-256 / pHash=0 / reviewed duplicate component
g002528,leaf blight/leaf blight199.jpg,leaf blight,vl_leaf_blight,9d765609b7318ef49b88fd4fe72f7eace526b55a6665a5bbc6936bccc11b641f,a9e2ebdbf2724090,kept,Representative
g002528,leaf blight/leaf blight200.jpg,leaf blight,vl_leaf_blight,9d765609b7318ef49b88fd4fe72f7eace526b55a6665a5bbc6936bccc11b641f,a9e2ebdbf2724090,exact_duplicate,SHA-256 / pHash=0 / reviewed duplicate component
g002530,leaf blight/leaf blight201.jpg,leaf blight,vl_leaf_blight,d611ec1bc5e1a157a618f7f1d780769e26c6cef641293a662cbba532b77bbe3e,b2c5c3c28765ca1f,kept,Representative
g002530,leaf blight/leaf blight202.jpg,leaf blight,vl_leaf_blight,d611ec1bc5e1a157a618f7f1d780769e26c6cef641293a662cbba532b77bbe3e,b2c5c3c28765ca1f,exact_duplicate,SHA-256 / pHash=0 / reviewed duplicate component
g002532,leaf blight/leaf blight203.jpg,leaf blight,vl_leaf_blight,1020b9ae6928e7b12e76b2b2297ce30357f0faca61e2c020f5bba94cdf9ccd75,9bfe7015846e7630,kept,Representative
g002532,leaf blight/leaf blight204.jpg,leaf blight,vl_leaf_blight,1020b9ae6928e7b12e76b2b2297ce30357f0faca61e2c020f5bba94cdf9ccd75,9bfe7015846e7630,exact_duplicate,SHA-256 / pHash=0 / reviewed duplicate component
g002534,leaf blight/leaf blight205.jpg,leaf blight,vl_leaf_blight,e68b753abd5985a225bd1f15ee21decc7df069e64faf5a8ba29c8eb9d8a6a615,a333b7f3612a5c24,kept,Representative
g002534,leaf blight/leaf blight206.jpg,leaf blight,vl_leaf_blight,e68b753abd5985a225bd1f15ee21decc7df069e64faf5a8ba29c8eb9d8a6a615,a333b7f3612a5c24,exact_duplicate,SHA-256 / pHash=0 / reviewed duplicate component
g002536,leaf blight/leaf blight207.jpg,leaf blight,vl_leaf_blight,36bf0a2e91d44911bc3800d4427fe1026e91d9af01bee36a995a0c7cf05417b3,af8fe86cad640c19,kept,Representative
g002536,leaf blight/leaf blight208.jpg,leaf blight,vl_leaf_blight,36bf0a2e91d44911bc3800d4427fe1026e91d9af01bee36a995a0c7cf05417b3,af8fe86cad640c19,exact_duplicate,SHA-256 / pHash=0 / reviewed duplicate component
g002538,leaf blight/leaf blight209.jpg,leaf blight,vl_leaf_blight,60e428068de0bdefd897f9834ac2f6b1a12e8c257b0e80582b6812d8584532a2,8965f0a9ad8e32cd,kept,Representative
g002538,leaf blight/leaf blight210.jpg,leaf blight,vl_leaf_blight,60e428068de0bdefd897f9834ac2f6b1a12e8c257b0e80582b6812d8584532a2,8965f0a9ad8e32cd,exact_duplicate,SHA-256 / pHash=0 / reviewed duplicate component
g002540,leaf blight/leaf blight211.jpg,leaf blight,vl_leaf_blight,3ebfaa3f4644ed359b403ed6d7611c479585001dca48ac81ffc02d1b7cfba9b3,fadfe3db34036002,kept,Representative
g002540,leaf blight/leaf blight212.jpg,leaf blight,vl_leaf_blight,3ebfaa3f4644ed359b403ed6d7611c479585001dca48ac81ffc02d1b7cfba9b3,fadfe3db34036002,exact_duplicate,SHA-256 / pHash=0 / reviewed duplicate component
g002542,leaf blight/leaf blight213.jpg,leaf blight,vl_leaf_blight,2367fc2787fa45a67214e5e09f8a74086fd7ecd560e20f52486703aa6745e840,affae146945aaa84,kept,Representative
g002542,leaf blight/leaf blight214.jpg,leaf blight,vl_leaf_blight,2367fc2787fa45a67214e5e09f8a74086fd7ecd560e20f52486703aa6745e840,affae146945aaa84,exact_duplicate,SHA-256 / pHash=0 / reviewed duplicate component
g002544,leaf blight/leaf blight215.jpg,leaf blight,vl_leaf_blight,0728b3f1de907878660e3c21917f53c49a56790099ea455ecb5a00f6edb2f384,8a0a0797c373b5f2,kept,Representative
g002544,leaf blight/leaf blight216.jpg,leaf blight,vl_leaf_blight,0728b3f1de907878660e3c21917f53c49a56790099ea455ecb5a00f6edb2f384,8a0a0797c373b5f2,exact_duplicate,SHA-256 / pHash=0 / reviewed duplicate component
g002546,leaf blight/leaf blight217.jpg,leaf blight,vl_leaf_blight,67cbd0e68c245a00867849101d41066cd6c67eb6f3bf7c045479144b8db2645d,fa62db2299f8891c,kept,Representative
g002546,leaf blight/leaf blight218.jpg,leaf blight,vl_leaf_blight,67cbd0e68c245a00867849101d41066cd6c67eb6f3bf7c045479144b8db2645d,fa62db2299f8891c,exact_duplicate,SHA-256 / pHash=0 / reviewed duplicate component
g002548,leaf blight/leaf blight219.jpg,leaf blight,vl_leaf_blight,6c1d7d8fdee8166be54e51c532bf2ed536732451abb449d6e5b8dc891e63325c,dd6449eca29f54a1,kept,Representative
g002548,leaf blight/leaf blight220.jpg,leaf blight,vl_leaf_blight,6c1d7d8fdee8166be54e51c532bf2ed536732451abb449d6e5b8dc891e63325c,dd6449eca29f54a1,exact_duplicate,SHA-256 / pHash=0 / reviewed duplicate component
g002550,leaf blight/leaf blight221.jpg,leaf blight,vl_leaf_blight,d8743abb1921c384d4dbee046f7cf9de974f03a62f68da8214839b814dda7969,a94c290f07f3b2b9,kept,Representative
g002550,leaf blight/leaf blight222.jpg,leaf blight,vl_leaf_blight,d8743abb1921c384d4dbee046f7cf9de974f03a62f68da8214839b814dda7969,a94c290f07f3b2b9,exact_duplicate,SHA-256 / pHash=0 / reviewed duplicate component
g002552,leaf blight/leaf blight223.jpg,leaf blight,vl_leaf_blight,7124dd05d5b18c66e6715c2f9932d448823bd6b78658f8b0c3a9d872a9010d51,b0eb2ca8a34e8dd5,kept,Representative
g002552,leaf blight/leaf blight224.jpg,leaf blight,vl_leaf_blight,7124dd05d5b18c66e6715c2f9932d448823bd6b78658f8b0c3a9d872a9010d51,b0eb2ca8a34e8dd5,exact_duplicate,SHA-256 / pHash=0 / reviewed duplicate component
g002554,leaf blight/leaf blight225.jpg,leaf blight,vl_leaf_blight,0097c7d2985f7e02a7de4e1cc6a12a8dab68183166ce7e9fe19cc95b9a54c27d,c98d29bbca56ec50,kept,Representative
g002554,leaf blight/leaf blight226.jpg,leaf blight,vl_leaf_blight,0097c7d2985f7e02a7de4e1cc6a12a8dab68183166ce7e9fe19cc95b9a54c27d,c98d29bbca56ec50,exact_duplicate,SHA-256 / pHash=0 / reviewed duplicate component
g002556,leaf blight/leaf blight227.jpg,leaf blight,vl_leaf_blight,2e904cf5ba21acb13457bc0da2f65cbd8b4f651068bd7b69f0a25669d1b96219,a80b40ff8fa560f6,kept,Representative
g002556,leaf blight/leaf blight228.jpg,leaf blight,vl_leaf_blight,2e904cf5ba21acb13457bc0da2f65cbd8b4f651068bd7b69f0a25669d1b96219,a80b40ff8fa560f6,exact_duplicate,SHA-256 / pHash=0 / reviewed duplicate component
g002558,leaf blight/leaf blight229.jpg,leaf blight,vl_leaf_blight,ef7088624858c12fd580fe26c176018911c2b78bd092b73126a18fc0f29a6a34,ad190998a44bffe4,kept,Representative
g002558,leaf blight/leaf blight230.jpg,leaf blight,vl_leaf_blight,ef7088624858c12fd580fe26c176018911c2b78bd092b73126a18fc0f29a6a34,ad190998a44bffe4,exact_duplicate,SHA-256 / pHash=0 / reviewed duplicate component
g002560,leaf blight/leaf blight231.jpg,leaf blight,vl_leaf_blight,bc85f4c25e2d75b896209fa3c4f52094a4832b916082980ae1159dc61c4fc744,ed7c32c10bc4728f,kept,Representative
g002560,leaf blight/leaf blight232.jpg,leaf blight,vl_leaf_blight,bc85f4c25e2d75b896209fa3c4f52094a4832b916082980ae1159dc61c4fc744,ed7c32c10bc4728f,exact_duplicate,SHA-256 / pHash=0 / reviewed duplicate component
g002562,leaf blight/leaf blight233.jpg,leaf blight,vl_leaf_blight,ec426e3d8f4cf9af59868184372223725e176fd0899c81f79d08038be88a6ade,8d043c5df1377172,kept,Representative
g002562,leaf blight/leaf blight234.jpg,leaf blight,vl_leaf_blight,ec426e3d8f4cf9af59868184372223725e176fd0899c81f79d08038be88a6ade,8d043c5df1377172,exact_duplicate,SHA-256 / pHash=0 / reviewed duplicate component
g002564,leaf blight/leaf blight235.jpg,leaf blight,vl_leaf_blight,274faed403a3ab33713d74e0b9e01c1d9f190485a4753816a4e9b7fe8847d8be,99987938c23b8aee,kept,Representative
g002564,leaf blight/leaf blight236.jpg,leaf blight,vl_leaf_blight,274faed403a3ab33713d74e0b9e01c1d9f190485a4753816a4e9b7fe8847d8be,99987938c23b8aee,exact_duplicate,SHA-256 / pHash=0 / reviewed duplicate component
g002566,leaf blight/leaf blight237.jpg,leaf blight,vl_leaf_blight,98c639cb47914cfec8526e298eba76d599e18c54982b398a3bb8a8ae163c51da,aa4c7941d6917aad,kept,Representative
g002566,leaf blight/leaf blight238.jpg,leaf blight,vl_leaf_blight,98c639cb47914cfec8526e298eba76d599e18c54982b398a3bb8a8ae163c51da,aa4c7941d6917aad,exact_duplicate,SHA-256 / pHash=0 / reviewed duplicate component
g002568,leaf blight/leaf blight239.jpg,leaf blight,vl_leaf_blight,fcb7511581f505dd246593ff2f0a4ae0c0c27d53eaa7f2e9f05688f8fa5a1c15,fe661937afcc8082,kept,Representative
g002568,leaf blight/leaf blight240.jpg,leaf blight,vl_leaf_blight,fcb7511581f505dd246593ff2f0a4ae0c0c27d53eaa7f2e9f05688f8fa5a1c15,fe661937afcc8082,exact_duplicate,SHA-256 / pHash=0 / reviewed duplicate component
g002570,leaf blight/leaf blight241.jpg,leaf blight,vl_leaf_blight,cc6e410b2b880f14a9025a451ac9a708600f94d72e10faa363a757b9fdb5d23b,9f17f090a641df89,kept,Representative
g002570,leaf blight/leaf blight242.jpg,leaf blight,vl_leaf_blight,cc6e410b2b880f14a9025a451ac9a708600f94d72e10faa363a757b9fdb5d23b,9f17f090a641df89,exact_duplicate,SHA-256 / pHash=0 / reviewed duplicate component
g002572,leaf blight/leaf blight243.jpg,leaf blight,vl_leaf_blight,1f6a56eef21066bafd6e160a074642ac291041452753e5164bc1e83cba2408c6,8243f335cd0ba3b9,kept,Representative
g002572,leaf blight/leaf blight244.jpg,leaf blight,vl_leaf_blight,1f6a56eef21066bafd6e160a074642ac291041452753e5164bc1e83cba2408c6,8243f335cd0ba3b9,exact_duplicate,SHA-256 / pHash=0 / reviewed duplicate component
g002574,leaf blight/leaf blight245.jpg,leaf blight,vl_leaf_blight,76ae8a325b8bb9d4f6a7fd33662307946f4902882853062c7ded9e1ba1c06a83,8a499dd4f2e5b0d4,kept,Representative
g002574,leaf blight/leaf blight246.jpg,leaf blight,vl_leaf_blight,76ae8a325b8bb9d4f6a7fd33662307946f4902882853062c7ded9e1ba1c06a83,8a499dd4f2e5b0d4,exact_duplicate,SHA-256 / pHash=0 / reviewed duplicate component
g002576,leaf blight/leaf blight247.jpg,leaf blight,vl_leaf_blight,ca11c100605162f9134643cffd90f819e94a3a6dde6f11c4fe5dbfe41f22372d,ee6f583d31311cc4,kept,Representative
g002576,leaf blight/leaf blight248.jpg,leaf blight,vl_leaf_blight,ca11c100605162f9134643cffd90f819e94a3a6dde6f11c4fe5dbfe41f22372d,ee6f583d31311cc4,exact_duplicate,SHA-256 / pHash=0 / reviewed duplicate component
g002578,leaf blight/leaf blight249.jpg,leaf blight,vl_leaf_blight,fc7512241e25146189ca0f547f234e810871bad663207c1786f7d2ba5be92e74,ced2b706314ae31e,kept,Representative
g002578,leaf blight/leaf blight250.jpg,leaf blight,vl_leaf_blight,fc7512241e25146189ca0f547f234e810871bad663207c1786f7d2ba5be92e74,ced2b706314ae31e,exact_duplicate,SHA-256 / pHash=0 / reviewed duplicate component
g002580,leaf blight/leaf blight251.jpg,leaf blight,vl_leaf_blight,7df0992bf84eef166d7e7225cf973a970582b8410cb8f4b577b909c22c3e96d1,d99d8db52d266264,kept,Representative
g002580,leaf blight/leaf blight252.jpg,leaf blight,vl_leaf_blight,7df0992bf84eef166d7e7225cf973a970582b8410cb8f4b577b909c22c3e96d1,d99d8db52d266264,exact_duplicate,SHA-256 / pHash=0 / reviewed duplicate component
g002582,leaf blight/leaf blight253.jpg,leaf blight,vl_leaf_blight,fedaf96b6273b4626c4064c5773dbd22e78fc64602beaff6fa574461090761d9,c9fc4b0715f30c33,kept,Representative
g002582,leaf blight/leaf blight254.jpg,leaf blight,vl_leaf_blight,fedaf96b6273b4626c4064c5773dbd22e78fc64602beaff6fa574461090761d9,c9fc4b0715f30c33,exact_duplicate,SHA-256 / pHash=0 / reviewed duplicate component
g002584,leaf blight/leaf blight255.jpg,leaf blight,vl_leaf_blight,c67d589d8c8ffa5a2e6501736895f448fd1f4da3c41bb2d7f9821db91f8a6325,f0ca16ad9826df91,kept,Representative
g002584,leaf blight/leaf blight256.jpg,leaf blight,vl_leaf_blight,c67d589d8c8ffa5a2e6501736895f448fd1f4da3c41bb2d7f9821db91f8a6325,f0ca16ad9826df91,exact_duplicate,SHA-256 / pHash=0 / reviewed duplicate component
g002586,leaf blight/leaf blight257.jpg,leaf blight,vl_leaf_blight,e66c59a7c01d1bef3d08c0e518280ae04a8efc2da5d0a933f0d79d65719a930b,93f8fd613594a00f,kept,Representative
g002586,leaf blight/leaf blight258.jpg,leaf blight,vl_leaf_blight,e66c59a7c01d1bef3d08c0e518280ae04a8efc2da5d0a933f0d79d65719a930b,93f8fd613594a00f,exact_duplicate,SHA-256 / pHash=0 / reviewed duplicate component
g002588,leaf blight/leaf blight259.jpg,leaf blight,vl_leaf_blight,4906a8fbdf4c615d7839d40da93b78dc478680086a32990786b18e2ffcdec5f0,8b1beac9479ea9c0,kept,Representative
g002588,leaf blight/leaf blight260.jpg,leaf blight,vl_leaf_blight,4906a8fbdf4c615d7839d40da93b78dc478680086a32990786b18e2ffcdec5f0,8b1beac9479ea9c0,exact_duplicate,SHA-256 / pHash=0 / reviewed duplicate component
g002590,leaf blight/leaf blight261.jpg,leaf blight,vl_leaf_blight,0d0c5bc2927296f09bb34200cf3d3776b211ccfadb0dc33d0148084d5068d419,e5f582b629b246b2,kept,Representative
g002590,leaf blight/leaf blight262.jpg,leaf blight,vl_leaf_blight,0d0c5bc2927296f09bb34200cf3d3776b211ccfadb0dc33d0148084d5068d419,e5f582b629b246b2,exact_duplicate,SHA-256 / pHash=0 / reviewed duplicate component
g002592,leaf blight/leaf blight263.jpg,leaf blight,vl_leaf_blight,ab9ecea0b14774cd91d717fd09ca4c831ac22476c96a8628a08d50c4ae603931,b66937e235e09856,kept,Representative
g002592,leaf blight/leaf blight264.jpg,leaf blight,vl_leaf_blight,ab9ecea0b14774cd91d717fd09ca4c831ac22476c96a8628a08d50c4ae603931,b66937e235e09856,exact_duplicate,SHA-256 / pHash=0 / reviewed duplicate component
g002594,leaf blight/leaf blight265.jpg,leaf blight,vl_leaf_blight,be4202df2212e9527d9c60780a3558c432d67fc2f63033dd2583a50507f15fc4,9a18935aade647aa,kept,Representative
g002594,leaf blight/leaf blight266.jpg,leaf blight,vl_leaf_blight,be4202df2212e9527d9c60780a3558c432d67fc2f63033dd2583a50507f15fc4,9a18935aade647aa,exact_duplicate,SHA-256 / pHash=0 / reviewed duplicate component
g002596,leaf blight/leaf blight267.jpg,leaf blight,vl_leaf_blight,09d4c882a809874dced9954d73482e91d10eb022c7e8a3fc3eb9bf7ffb2c3b3d,ba744bb75981945a,kept,Representative
g002596,leaf blight/leaf blight268.jpg,leaf blight,vl_leaf_blight,09d4c882a809874dced9954d73482e91d10eb022c7e8a3fc3eb9bf7ffb2c3b3d,ba744bb75981945a,exact_duplicate,SHA-256 / pHash=0 / reviewed duplicate component
g002598,leaf blight/leaf blight269.jpg,leaf blight,vl_leaf_blight,31ffcf4d977992001d6dc48df89937aa7eaaf5bb582e8a91606d23008481e917,e291cc9d50f27dc2,kept,Representative
g002598,leaf blight/leaf blight270.jpg,leaf blight,vl_leaf_blight,31ffcf4d977992001d6dc48df89937aa7eaaf5bb582e8a91606d23008481e917,e291cc9d50f27dc2,exact_duplicate,SHA-256 / pHash=0 / reviewed duplicate component
g002600,leaf blight/leaf blight271.jpg,leaf blight,vl_leaf_blight,021b2ce78c95481c624e73c3c28581fe50b4bbbed13db0fedd137a729bc59e9d,be95c8ebcca480ea,kept,Representative
g002600,leaf blight/leaf blight272.jpg,leaf blight,vl_leaf_blight,021b2ce78c95481c624e73c3c28581fe50b4bbbed13db0fedd137a729bc59e9d,be95c8ebcca480ea,exact_duplicate,SHA-256 / pHash=0 / reviewed duplicate component
g002602,leaf blight/leaf blight273.jpg,leaf blight,vl_leaf_blight,a73ee10596e377dfd4ac9c8f45c61e7615dc4828fb5257ec2356ee7cfda7500d,d63d5a3fec635100,kept,Representative
g002602,leaf blight/leaf blight274.jpg,leaf blight,vl_leaf_blight,a73ee10596e377dfd4ac9c8f45c61e7615dc4828fb5257ec2356ee7cfda7500d,d63d5a3fec635100,exact_duplicate,SHA-256 / pHash=0 / reviewed duplicate component
g002604,leaf blight/leaf blight275.jpg,leaf blight,vl_leaf_blight,5b4dd1530f82aff07b37f7ff7b6c2857dbeff2ca692bf26208f4095aab227cb3,f4406acf4f69a6c4,kept,Representative
g002604,leaf blight/leaf blight276.jpg,leaf blight,vl_leaf_blight,5b4dd1530f82aff07b37f7ff7b6c2857dbeff2ca692bf26208f4095aab227cb3,f4406acf4f69a6c4,exact_duplicate,SHA-256 / pHash=0 / reviewed duplicate component
g002606,leaf blight/leaf blight277.jpg,leaf blight,vl_leaf_blight,d1ca69dbf7bb87895823c6d40c3ea431bb101eed9af437c7454ffb8a7c18b31d,b3315ba3405ae6ec,kept,Representative
g002606,leaf blight/leaf blight278.jpg,leaf blight,vl_leaf_blight,d1ca69dbf7bb87895823c6d40c3ea431bb101eed9af437c7454ffb8a7c18b31d,b3315ba3405ae6ec,exact_duplicate,SHA-256 / pHash=0 / reviewed duplicate component
g002608,leaf blight/leaf blight279.jpg,leaf blight,vl_leaf_blight,d0607b92c2a52685b257cb867aa9e2815741994d9687fca8e35f71348ac798b9,b8e18fd20ebaa217,kept,Representative
g002608,leaf blight/leaf blight280.jpg,leaf blight,vl_leaf_blight,d0607b92c2a52685b257cb867aa9e2815741994d9687fca8e35f71348ac798b9,b8e18fd20ebaa217,exact_duplicate,SHA-256 / pHash=0 / reviewed duplicate component
g002610,leaf blight/leaf blight281.jpg,leaf blight,vl_leaf_blight,8eecc78519145f033b95086f701320734ba5540e997cdd4bd5c7b3e369a0f800,cf7ccc7010e4f634,kept,Representative
g002610,leaf blight/leaf blight282.jpg,leaf blight,vl_leaf_blight,8eecc78519145f033b95086f701320734ba5540e997cdd4bd5c7b3e369a0f800,cf7ccc7010e4f634,exact_duplicate,SHA-256 / pHash=0 / reviewed duplicate component
g002612,leaf blight/leaf blight283.jpg,leaf blight,vl_leaf_blight,c15366d025b96cf9a6187bc2a4b4555ba03bca8459d9b8f9a57fab687dfcd5ad,b4604bb4e0a3d7f8,kept,Representative
g002612,leaf blight/leaf blight284.jpg,leaf blight,vl_leaf_blight,c15366d025b96cf9a6187bc2a4b4555ba03bca8459d9b8f9a57fab687dfcd5ad,b4604bb4e0a3d7f8,exact_duplicate,SHA-256 / pHash=0 / reviewed duplicate component
g002614,leaf blight/leaf blight285.jpg,leaf blight,vl_leaf_blight,57cd1962029f846a2cf2baf6b76b0719195f736f739f136d216d84e6c62502b4,b71700906cb25bbf,kept,Representative
g002614,leaf blight/leaf blight286.jpg,leaf blight,vl_leaf_blight,57cd1962029f846a2cf2baf6b76b0719195f736f739f136d216d84e6c62502b4,b71700906cb25bbf,exact_duplicate,SHA-256 / pHash=0 / reviewed duplicate component
g002616,leaf blight/leaf blight287.jpg,leaf blight,vl_leaf_blight,d44cff6953703e92f2e2c1183afd063f3a62291626093464ef867cce8ffe4164,ff725a9a05759128,kept,Representative
g002616,leaf blight/leaf blight288.jpg,leaf blight,vl_leaf_blight,d44cff6953703e92f2e2c1183afd063f3a62291626093464ef867cce8ffe4164,ff725a9a05759128,exact_duplicate,SHA-256 / pHash=0 / reviewed duplicate component
g002618,leaf blight/leaf blight289.jpg,leaf blight,vl_leaf_blight,adbac676fd2d10466479e61dd2735a0a1260be5e0c8b087673b58f6b896c3fed,b83c6a32e56192e7,kept,Representative
g002618,leaf blight/leaf blight290.jpg,leaf blight,vl_leaf_blight,adbac676fd2d10466479e61dd2735a0a1260be5e0c8b087673b58f6b896c3fed,b83c6a32e56192e7,exact_duplicate,SHA-256 / pHash=0 / reviewed duplicate component
g002620,leaf blight/leaf blight291.jpg,leaf blight,vl_leaf_blight,9d771beae727dd9523c8b4e9fa8febc1629228baf30428baec5b796dc91148a1,ecc8811f2349b79e,kept,Representative
g002620,leaf blight/leaf blight292.jpg,leaf blight,vl_leaf_blight,9d771beae727dd9523c8b4e9fa8febc1629228baf30428baec5b796dc91148a1,ecc8811f2349b79e,exact_duplicate,SHA-256 / pHash=0 / reviewed duplicate component
g002622,leaf blight/leaf blight293.jpg,leaf blight,vl_leaf_blight,c04872f160c0b5dac415199f83fa37931c464fce33b68a38d42af3cab7b6bce9,dc07e8f38218f2e5,kept,Representative
g002622,leaf blight/leaf blight294.jpg,leaf blight,vl_leaf_blight,c04872f160c0b5dac415199f83fa37931c464fce33b68a38d42af3cab7b6bce9,dc07e8f38218f2e5,exact_duplicate,SHA-256 / pHash=0 / reviewed duplicate component
g002624,leaf blight/leaf blight295.jpg,leaf blight,vl_leaf_blight,1691ad14d305cf31ae023796bbb94f8d2a95365bb6444ee76700ead39cbe2bac,b494ca652f521dad,kept,Representative
g002624,leaf blight/leaf blight296.jpg,leaf blight,vl_leaf_blight,1691ad14d305cf31ae023796bbb94f8d2a95365bb6444ee76700ead39cbe2bac,b494ca652f521dad,exact_duplicate,SHA-256 / pHash=0 / reviewed duplicate component
g002626,leaf blight/leaf blight297.jpg,leaf blight,vl_leaf_blight,59c1caddff1cb70cb6efcfc8b6bdde2d89c6c078682013ffc9a6a09da37a3cc0,ad2c98b44276adce,kept,Representative
g002626,leaf blight/leaf blight298.jpg,leaf blight,vl_leaf_blight,59c1caddff1cb70cb6efcfc8b6bdde2d89c6c078682013ffc9a6a09da37a3cc0,ad2c98b44276adce,exact_duplicate,SHA-256 / pHash=0 / reviewed duplicate component
g002628,leaf blight/leaf blight299.jpg,leaf blight,vl_leaf_blight,10cb626b0e8b0a3875a4686e2cea0123f8fc11032a749e8e0c57b34df67afebf,98c0d3f5709b407f,kept,Representative
g002628,leaf blight/leaf blight300.jpg,leaf blight,vl_leaf_blight,10cb626b0e8b0a3875a4686e2cea0123f8fc11032a749e8e0c57b34df67afebf,98c0d3f5709b407f,exact_duplicate,SHA-256 / pHash=0 / reviewed duplicate component
g002630,leaf blight/leaf blight301.jpg,leaf blight,vl_leaf_blight,4dee8f40b1b9f66aad85191201dbb1b7cbb4c1db56a094ee4b6032270d88e14e,b55c2e407ea8c1f9,kept,Representative
g002630,leaf blight/leaf blight302.jpg,leaf blight,vl_leaf_blight,4dee8f40b1b9f66aad85191201dbb1b7cbb4c1db56a094ee4b6032270d88e14e,b55c2e407ea8c1f9,exact_duplicate,SHA-256 / pHash=0 / reviewed duplicate component
g002632,leaf blight/leaf blight303.jpg,leaf blight,vl_leaf_blight,90490b4553ec19d0dcae81fd1112f4637e912a6ef5bff8ef819ca33701b32341,a885db8b4f38d532,kept,Representative
g002632,leaf blight/leaf blight304.jpg,leaf blight,vl_leaf_blight,90490b4553ec19d0dcae81fd1112f4637e912a6ef5bff8ef819ca33701b32341,a885db8b4f38d532,exact_duplicate,SHA-256 / pHash=0 / reviewed duplicate component
g002634,leaf blight/leaf blight305.jpg,leaf blight,vl_leaf_blight,5f299eaf8e508f9e88924c2abea5efcc1083ca01b7ca318cd1850bc552d1ab1a,b8fcf7f88041e981,kept,Representative
g002634,leaf blight/leaf blight306.jpg,leaf blight,vl_leaf_blight,5f299eaf8e508f9e88924c2abea5efcc1083ca01b7ca318cd1850bc552d1ab1a,b8fcf7f88041e981,exact_duplicate,SHA-256 / pHash=0 / reviewed duplicate component
g002636,leaf blight/leaf blight307.jpg,leaf blight,vl_leaf_blight,2392c333ae1bdb0f6aee736524358bc3147b33346ac2cc5cf603f2240550639d,c207fcb8237ed234,kept,Representative
g002636,leaf blight/leaf blight308.jpg,leaf blight,vl_leaf_blight,2392c333ae1bdb0f6aee736524358bc3147b33346ac2cc5cf603f2240550639d,c207fcb8237ed234,exact_duplicate,SHA-256 / pHash=0 / reviewed duplicate component
g000336,leaf blight/leaf blight309.jpg,leaf blight,vl_leaf_blight,ab10ae2bc12f81b78ba103d2822860c71d3be29924d40ee68b5d11e8bd18acbb,cb05bdc085af943b,label_conflict,"Multiple labels: vl_black_measles, vl_leaf_blight"
g000336,leaf blight/leaf blight310.jpg,leaf blight,vl_leaf_blight,ab10ae2bc12f81b78ba103d2822860c71d3be29924d40ee68b5d11e8bd18acbb,cb05bdc085af943b,label_conflict,"Multiple labels: vl_black_measles, vl_leaf_blight"
g000337,leaf blight/leaf blight311.jpg,leaf blight,vl_leaf_blight,337b8fdb3537461c95ac15b1babe19f4bd755e8337ab7d8faf718af0f1d608d4,d8f9c20647c6dbc1,label_conflict,"Multiple labels: vl_black_measles, vl_leaf_blight"
g000337,leaf blight/leaf blight312.jpg,leaf blight,vl_leaf_blight,337b8fdb3537461c95ac15b1babe19f4bd755e8337ab7d8faf718af0f1d608d4,d8f9c20647c6dbc1,label_conflict,"Multiple labels: vl_black_measles, vl_leaf_blight"
g000341,leaf blight/leaf blight313.jpg,leaf blight,vl_leaf_blight,b23a6827a3158740581d2b6f4fc13890072cd2607e4c911acb45e7f6a1b061c1,ccde3266e49898e5,label_conflict,"Multiple labels: vl_black_measles, vl_leaf_blight"
g000341,leaf blight/leaf blight314.jpg,leaf blight,vl_leaf_blight,b23a6827a3158740581d2b6f4fc13890072cd2607e4c911acb45e7f6a1b061c1,ccde3266e49898e5,label_conflict,"Multiple labels: vl_black_measles, vl_leaf_blight"
g000343,leaf blight/leaf blight315.jpg,leaf blight,vl_leaf_blight,035a9f0387f380f31594679108af661a6bbc6c35ed3a1fe1c4cdb56e67a4f116,e0d8c4d039397e67,label_conflict,"Multiple labels: vl_black_measles, vl_leaf_blight"
g000343,leaf blight/leaf blight316.jpg,leaf blight,vl_leaf_blight,035a9f0387f380f31594679108af661a6bbc6c35ed3a1fe1c4cdb56e67a4f116,e0d8c4d039397e67,label_conflict,"Multiple labels: vl_black_measles, vl_leaf_blight"
g000344,leaf blight/leaf blight317.jpg,leaf blight,vl_leaf_blight,ec21040855971c3fa4ae65a077eb1562daec1849d1da982aa42a93c4549af773,d4cbd398d9206da9,label_conflict,"Multiple labels: vl_black_measles, vl_leaf_blight"
g000344,leaf blight/leaf blight318.jpg,leaf blight,vl_leaf_blight,ec21040855971c3fa4ae65a077eb1562daec1849d1da982aa42a93c4549af773,d4cbd398d9206da9,label_conflict,"Multiple labels: vl_black_measles, vl_leaf_blight"
g000347,leaf blight/leaf blight319.jpg,leaf blight,vl_leaf_blight,833011f163ab4ac2fdd2e39ee81044923f91192b74442860686389ceefca8df0,c8dd8a26d10fa75c,label_conflict,"Multiple labels: vl_black_measles, vl_leaf_blight"
g000347,leaf blight/leaf blight320.jpg,leaf blight,vl_leaf_blight,833011f163ab4ac2fdd2e39ee81044923f91192b74442860686389ceefca8df0,c8dd8a26d10fa75c,label_conflict,"Multiple labels: vl_black_measles, vl_leaf_blight"
g000351,leaf blight/leaf blight321.jpg,leaf blight,vl_leaf_blight,a791522b833fbc3494409a186b0b391c18d204596b6012c4c3d7d168f84a33fb,c7bc3899d1e51133,label_conflict,"Multiple labels: vl_black_measles, vl_leaf_blight"
g000351,leaf blight/leaf blight322.jpg,leaf blight,vl_leaf_blight,a791522b833fbc3494409a186b0b391c18d204596b6012c4c3d7d168f84a33fb,c7bc3899d1e51133,label_conflict,"Multiple labels: vl_black_measles, vl_leaf_blight"
g000352,leaf blight/leaf blight324.jpg,leaf blight,vl_leaf_blight,77124e5e8f83fa396fd85a2e4df64dd7bd670860c24a40085e5f416e399a0a31,dd435b2f5858c1e8,label_conflict,"Multiple labels: vl_black_measles, vl_leaf_blight"
g000356,leaf blight/leaf blight325.jpg,leaf blight,vl_leaf_blight,b145a9f139ccf223923cba7c54aa584c01e804dc8f0b55200105ec3ebd9483c3,93c14365e5ec7652,label_conflict,"Multiple labels: vl_black_measles, vl_leaf_blight"
g000356,leaf blight/leaf blight326.jpg,leaf blight,vl_leaf_blight,b145a9f139ccf223923cba7c54aa584c01e804dc8f0b55200105ec3ebd9483c3,93c14365e5ec7652,label_conflict,"Multiple labels: vl_black_measles, vl_leaf_blight"
g000357,leaf blight/leaf blight327.jpg,leaf blight,vl_leaf_blight,a6bd72f3b4cc006b05338093d58b15181c703a8af29379f50cf754627858aa2d,99bc07e1b267262e,label_conflict,"Multiple labels: vl_black_measles, vl_leaf_blight"
g000357,leaf blight/leaf blight328.jpg,leaf blight,vl_leaf_blight,a6bd72f3b4cc006b05338093d58b15181c703a8af29379f50cf754627858aa2d,99bc07e1b267262e,label_conflict,"Multiple labels: vl_black_measles, vl_leaf_blight"
g000358,leaf blight/leaf blight329.jpg,leaf blight,vl_leaf_blight,d839e3c1a8ec297e254030cadc57245b0a126f9447bbf74887204e073f49042b,b325be51258d4d59,label_conflict,"Multiple labels: vl_black_measles, vl_leaf_blight"
g000358,leaf blight/leaf blight330.jpg,leaf blight,vl_leaf_blight,d839e3c1a8ec297e254030cadc57245b0a126f9447bbf74887204e073f49042b,b325be51258d4d59,label_conflict,"Multiple labels: vl_black_measles, vl_leaf_blight"
g000358,leaf blight/leaf blight331.jpg,leaf blight,vl_leaf_blight,d839e3c1a8ec297e254030cadc57245b0a126f9447bbf74887204e073f49042b,b325be51258d4d59,label_conflict,"Multiple labels: vl_black_measles, vl_leaf_blight"
g000358,leaf blight/leaf blight332.jpg,leaf blight,vl_leaf_blight,d839e3c1a8ec297e254030cadc57245b0a126f9447bbf74887204e073f49042b,b325be51258d4d59,label_conflict,"Multiple labels: vl_black_measles, vl_leaf_blight"
g000363,leaf blight/leaf blight333.jpg,leaf blight,vl_leaf_blight,0ee5d9b741f01f00025126905b266286c9388435946d674ff9169627b4499bf5,8b729a86185b6b9d,label_conflict,"Multiple labels: vl_black_measles, vl_leaf_blight"
g000363,leaf blight/leaf blight334.jpg,leaf blight,vl_leaf_blight,0ee5d9b741f01f00025126905b266286c9388435946d674ff9169627b4499bf5,8b729a86185b6b9d,label_conflict,"Multiple labels: vl_black_measles, vl_leaf_blight"
g000369,leaf blight/leaf blight335.jpg,leaf blight,vl_leaf_blight,b1e5c379fb71d878a6e1ed68d05bfa2d8bd179ed90d01d13f0cf53e49c2032c6,c2bc25e175d4594b,label_conflict,"Multiple labels: vl_black_measles, vl_leaf_blight"
g000369,leaf blight/leaf blight336.jpg,leaf blight,vl_leaf_blight,b1e5c379fb71d878a6e1ed68d05bfa2d8bd179ed90d01d13f0cf53e49c2032c6,c2bc25e175d4594b,label_conflict,"Multiple labels: vl_black_measles, vl_leaf_blight"
g000370,leaf blight/leaf blight337.jpg,leaf blight,vl_leaf_blight,8febf32763d70231117243b797ed73ddc043cb401da59990d483beb40fa627f4,f067d33715342c69,label_conflict,"Multiple labels: vl_black_measles, vl_leaf_blight"
g000370,leaf blight/leaf blight338.jpg,leaf blight,vl_leaf_blight,8febf32763d70231117243b797ed73ddc043cb401da59990d483beb40fa627f4,f067d33715342c69,label_conflict,"Multiple labels: vl_black_measles, vl_leaf_blight"
g000371,leaf blight/leaf blight339.jpg,leaf blight,vl_leaf_blight,2e1e6a5305b6b00af2b02de31598dc4a0ae241975e337141656b2639abbf547e,9d25e2d8eceb0f80,label_conflict,"Multiple labels: vl_black_measles, vl_leaf_blight"
g000371,leaf blight/leaf blight340.jpg,leaf blight,vl_leaf_blight,2e1e6a5305b6b00af2b02de31598dc4a0ae241975e337141656b2639abbf547e,9d25e2d8eceb0f80,label_conflict,"Multiple labels: vl_black_measles, vl_leaf_blight"
g000372,leaf blight/leaf blight341.jpg,leaf blight,vl_leaf_blight,a778fa91c16c29b18b523bedb5cf2aba554aebb0b5d177ca48a1dd4298de9209,b1e7408e5f1aa8f2,label_conflict,"Multiple labels: vl_black_measles, vl_leaf_blight"
g000372,leaf blight/leaf blight342.jpg,leaf blight,vl_leaf_blight,a778fa91c16c29b18b523bedb5cf2aba554aebb0b5d177ca48a1dd4298de9209,b1e7408e5f1aa8f2,label_conflict,"Multiple labels: vl_black_measles, vl_leaf_blight"
g000374,leaf blight/leaf blight343.jpg,leaf blight,vl_leaf_blight,d7d8e14104c2c7f28d78e34fe8e006edede5ab651e8c86de966ce38b8cd68433,8eecb659394f8312,label_conflict,"Multiple labels: vl_black_measles, vl_leaf_blight"
g000374,leaf blight/leaf blight344.jpg,leaf blight,vl_leaf_blight,d7d8e14104c2c7f28d78e34fe8e006edede5ab651e8c86de966ce38b8cd68433,8eecb659394f8312,label_conflict,"Multiple labels: vl_black_measles, vl_leaf_blight"
g000376,leaf blight/leaf blight345.jpg,leaf blight,vl_leaf_blight,d48ca924b74a4495ec516a7c3d376d48ca6c1bacd06061b71949d6b273cc3f82,8aebd9d58a295ae0,label_conflict,"Multiple labels: vl_black_measles, vl_leaf_blight"
g000376,leaf blight/leaf blight346.jpg,leaf blight,vl_leaf_blight,d48ca924b74a4495ec516a7c3d376d48ca6c1bacd06061b71949d6b273cc3f82,8aebd9d58a295ae0,label_conflict,"Multiple labels: vl_black_measles, vl_leaf_blight"
g000377,leaf blight/leaf blight347.jpg,leaf blight,vl_leaf_blight,c89a46845521b959656d65c7acef638f5adfb5b2eea1f410b58f48ab8bc601e3,c7abe2363cd489c8,label_conflict,"Multiple labels: vl_black_measles, vl_leaf_blight"
g000377,leaf blight/leaf blight348.jpg,leaf blight,vl_leaf_blight,c89a46845521b959656d65c7acef638f5adfb5b2eea1f410b58f48ab8bc601e3,c7abe2363cd489c8,label_conflict,"Multiple labels: vl_black_measles, vl_leaf_blight"
g000379,leaf blight/leaf blight349.jpg,leaf blight,vl_leaf_blight,785504a5b6245fc56f54f1549c9afd3c5a847bcfa4e467c843a30d552e19b56f,c0a632e30fb27b39,label_conflict,"Multiple labels: vl_black_measles, vl_leaf_blight"
g000379,leaf blight/leaf blight350.jpg,leaf blight,vl_leaf_blight,785504a5b6245fc56f54f1549c9afd3c5a847bcfa4e467c843a30d552e19b56f,c0a632e30fb27b39,label_conflict,"Multiple labels: vl_black_measles, vl_leaf_blight"
g000380,leaf blight/leaf blight351.jpg,leaf blight,vl_leaf_blight,006140e3d4d5b03d5e61c5744fd0ee85b5c583549487aecc4bef786deb59d054,dd9941f00b9fe41a,label_conflict,"Multiple labels: vl_black_measles, vl_leaf_blight"
g000380,leaf blight/leaf blight352.jpg,leaf blight,vl_leaf_blight,006140e3d4d5b03d5e61c5744fd0ee85b5c583549487aecc4bef786deb59d054,dd9941f00b9fe41a,label_conflict,"Multiple labels: vl_black_measles, vl_leaf_blight"
g000382,leaf blight/leaf blight353.jpg,leaf blight,vl_leaf_blight,1d465f99025d756bfd65d1f31b9dc447f87127797cd647f61a2f846e79b57dee,f5e878d65c18b322,label_conflict,"Multiple labels: vl_black_measles, vl_leaf_blight"
g000382,leaf blight/leaf blight354.jpg,leaf blight,vl_leaf_blight,1d465f99025d756bfd65d1f31b9dc447f87127797cd647f61a2f846e79b57dee,f5e878d65c18b322,label_conflict,"Multiple labels: vl_black_measles, vl_leaf_blight"
g000383,leaf blight/leaf blight355.jpg,leaf blight,vl_leaf_blight,7c3fe35c49b72ed6329cc2654a6ccc3e637f2edab96dce6a6bce99f018d58e34,a62464b0e1f3716f,label_conflict,"Multiple labels: vl_black_measles, vl_leaf_blight"
g000383,leaf blight/leaf blight356.jpg,leaf blight,vl_leaf_blight,7c3fe35c49b72ed6329cc2654a6ccc3e637f2edab96dce6a6bce99f018d58e34,a62464b0e1f3716f,label_conflict,"Multiple labels: vl_black_measles, vl_leaf_blight"
g000392,leaf blight/leaf blight357.jpg,leaf blight,vl_leaf_blight,8f67281946bcf761215ce1565b5e01dfa742edd5d9e76d208ec46e0e29fd6a33,fc0f3cf807e0ec06,label_conflict,"Multiple labels: vl_black_measles, vl_leaf_blight"
g000392,leaf blight/leaf blight358.jpg,leaf blight,vl_leaf_blight,8f67281946bcf761215ce1565b5e01dfa742edd5d9e76d208ec46e0e29fd6a33,fc0f3cf807e0ec06,label_conflict,"Multiple labels: vl_black_measles, vl_leaf_blight"
g000395,leaf blight/leaf blight359.jpg,leaf blight,vl_leaf_blight,1f30f72fdf951ab331a0a26104ed33e7492ebfc0a8ef982f04c19423466c84f1,e4c170b573d8a69a,label_conflict,"Multiple labels: vl_black_measles, vl_leaf_blight"
g000395,leaf blight/leaf blight360.jpg,leaf blight,vl_leaf_blight,1f30f72fdf951ab331a0a26104ed33e7492ebfc0a8ef982f04c19423466c84f1,e4c170b573d8a69a,label_conflict,"Multiple labels: vl_black_measles, vl_leaf_blight"
g000399,leaf blight/leaf blight361.jpg,leaf blight,vl_leaf_blight,417130d85a91fd050df57aa2b0f379b8bd8075960408d8702c5607ef9aef12b9,f279e01ff22cd302,label_conflict,"Multiple labels: vl_black_measles, vl_leaf_blight"
g000399,leaf blight/leaf blight362.jpg,leaf blight,vl_leaf_blight,417130d85a91fd050df57aa2b0f379b8bd8075960408d8702c5607ef9aef12b9,f279e01ff22cd302,label_conflict,"Multiple labels: vl_black_measles, vl_leaf_blight"
g000405,leaf blight/leaf blight363.jpg,leaf blight,vl_leaf_blight,45ff7f34c0579262002f37f29ef81f55fe5b787631f61fe19f10c70e4b0fa30d,d6dc24ee8f18cec0,label_conflict,"Multiple labels: vl_black_measles, vl_leaf_blight"
g000405,leaf blight/leaf blight364.jpg,leaf blight,vl_leaf_blight,45ff7f34c0579262002f37f29ef81f55fe5b787631f61fe19f10c70e4b0fa30d,d6dc24ee8f18cec0,label_conflict,"Multiple labels: vl_black_measles, vl_leaf_blight"
g000406,leaf blight/leaf blight365.jpg,leaf blight,vl_leaf_blight,448de59347e239ad395abab92f2d71c29c204cfbe2a36d241e5e5478b22c23c5,f0e9495cb0a16cbd,label_conflict,"Multiple labels: vl_black_measles, vl_leaf_blight"
g000406,leaf blight/leaf blight366.jpg,leaf blight,vl_leaf_blight,448de59347e239ad395abab92f2d71c29c204cfbe2a36d241e5e5478b22c23c5,f0e9495cb0a16cbd,label_conflict,"Multiple labels: vl_black_measles, vl_leaf_blight"
g000407,leaf blight/leaf blight367.jpg,leaf blight,vl_leaf_blight,d965f3ae3914ef94a1da3cc5f8e0c4ed68ad7c8bdd84f6605c5d332e4d1ce7dd,8a7096765257ba56,label_conflict,"Multiple labels: vl_black_measles, vl_leaf_blight"
g000407,leaf blight/leaf blight368.jpg,leaf blight,vl_leaf_blight,d965f3ae3914ef94a1da3cc5f8e0c4ed68ad7c8bdd84f6605c5d332e4d1ce7dd,8a7096765257ba56,label_conflict,"Multiple labels: vl_black_measles, vl_leaf_blight"
g000408,leaf blight/leaf blight369.jpg,leaf blight,vl_leaf_blight,09244a49420a000d820bff8ecd19722a9466ead5d281fa729c0fd107938f7f4c,d06acb8f53a87169,label_conflict,"Multiple labels: vl_black_measles, vl_leaf_blight"
g000408,leaf blight/leaf blight370.jpg,leaf blight,vl_leaf_blight,09244a49420a000d820bff8ecd19722a9466ead5d281fa729c0fd107938f7f4c,d06acb8f53a87169,label_conflict,"Multiple labels: vl_black_measles, vl_leaf_blight"
g000410,leaf blight/leaf blight371.jpg,leaf blight,vl_leaf_blight,b75fa7e61d63e710294b289b9c555ced5af2d2e0b9aab00e76e6bcccffa459e6,cc6e5adc2cf2701a,label_conflict,"Multiple labels: vl_black_measles, vl_leaf_blight"
g000410,leaf blight/leaf blight372.jpg,leaf blight,vl_leaf_blight,b75fa7e61d63e710294b289b9c555ced5af2d2e0b9aab00e76e6bcccffa459e6,cc6e5adc2cf2701a,label_conflict,"Multiple labels: vl_black_measles, vl_leaf_blight"
g000411,leaf blight/leaf blight373.jpg,leaf blight,vl_leaf_blight,6e3460a6224b3ee0ff8baf7bb7cccb0b44475aebec1cd5bf0d70add93cae321d,f4f279858049edac,label_conflict,"Multiple labels: vl_black_measles, vl_leaf_blight"
g000411,leaf blight/leaf blight374.jpg,leaf blight,vl_leaf_blight,6e3460a6224b3ee0ff8baf7bb7cccb0b44475aebec1cd5bf0d70add93cae321d,f4f279858049edac,label_conflict,"Multiple labels: vl_black_measles, vl_leaf_blight"
g000412,leaf blight/leaf blight375.jpg,leaf blight,vl_leaf_blight,fe0e57bad43ff97f5aa38b493b519274d92b6eee62bf33a0e6736226291238b1,edda9217d8690587,label_conflict,"Multiple labels: vl_black_measles, vl_leaf_blight"
g000412,leaf blight/leaf blight376.jpg,leaf blight,vl_leaf_blight,fe0e57bad43ff97f5aa38b493b519274d92b6eee62bf33a0e6736226291238b1,edda9217d8690587,label_conflict,"Multiple labels: vl_black_measles, vl_leaf_blight"
g000413,leaf blight/leaf blight377.jpg,leaf blight,vl_leaf_blight,31168ced11d575530126e2b538a3d404154291ba08ed74d381defa78f1bc5258,f7c53b988669024f,label_conflict,"Multiple labels: vl_black_measles, vl_leaf_blight"
g000413,leaf blight/leaf blight378.jpg,leaf blight,vl_leaf_blight,31168ced11d575530126e2b538a3d404154291ba08ed74d381defa78f1bc5258,f7c53b988669024f,label_conflict,"Multiple labels: vl_black_measles, vl_leaf_blight"
g000415,leaf blight/leaf blight379.jpg,leaf blight,vl_leaf_blight,663f31b63101987e6cab585cc81fd0f8aab69c6b9d4943d5810107ed24c98b84,e14d9ec3f0534b98,label_conflict,"Multiple labels: vl_black_measles, vl_leaf_blight"
g000415,leaf blight/leaf blight380.jpg,leaf blight,vl_leaf_blight,663f31b63101987e6cab585cc81fd0f8aab69c6b9d4943d5810107ed24c98b84,e14d9ec3f0534b98,label_conflict,"Multiple labels: vl_black_measles, vl_leaf_blight"
g000416,leaf blight/leaf blight381.jpg,leaf blight,vl_leaf_blight,7db1b662386631bb1bab22c24e3f5c71d90570711caaf3027b699a0a2f34727b,c1261eb86e50b3fc,label_conflict,"Multiple labels: vl_black_measles, vl_leaf_blight"
g000416,leaf blight/leaf blight382.jpg,leaf blight,vl_leaf_blight,7db1b662386631bb1bab22c24e3f5c71d90570711caaf3027b699a0a2f34727b,c1261eb86e50b3fc,label_conflict,"Multiple labels: vl_black_measles, vl_leaf_blight"
g000421,leaf blight/leaf blight383.jpg,leaf blight,vl_leaf_blight,6d3887e6956f748533e19df3249508430dd3b759af82de45b46b10532014dfc0,d8b263ccf906cc9a,label_conflict,"Multiple labels: vl_black_measles, vl_leaf_blight"
g000421,leaf blight/leaf blight384.jpg,leaf blight,vl_leaf_blight,6d3887e6956f748533e19df3249508430dd3b759af82de45b46b10532014dfc0,d8b263ccf906cc9a,label_conflict,"Multiple labels: vl_black_measles, vl_leaf_blight"
g000422,leaf blight/leaf blight385.jpg,leaf blight,vl_leaf_blight,38e4857bd9411bb6ab28351446e8f6d46afc8a3f7530119259d9efee591902f9,b3958999a2b69473,label_conflict,"Multiple labels: vl_black_measles, vl_leaf_blight"
g000422,leaf blight/leaf blight386.jpg,leaf blight,vl_leaf_blight,38e4857bd9411bb6ab28351446e8f6d46afc8a3f7530119259d9efee591902f9,b3958999a2b69473,label_conflict,"Multiple labels: vl_black_measles, vl_leaf_blight"
g000432,leaf blight/leaf blight387.jpg,leaf blight,vl_leaf_blight,133f3c06e5c7f21e40df409e023945cfd43654d395f749d29810b637b37f9cf7,9f3e508562bd662a,label_conflict,"Multiple labels: vl_black_measles, vl_leaf_blight"
g000432,leaf blight/leaf blight388.jpg,leaf blight,vl_leaf_blight,133f3c06e5c7f21e40df409e023945cfd43654d395f749d29810b637b37f9cf7,9f3e508562bd662a,label_conflict,"Multiple labels: vl_black_measles, vl_leaf_blight"
g000433,leaf blight/leaf blight389.jpg,leaf blight,vl_leaf_blight,ea52a5c4c54f1f55ec658885beba8de16639a79205b007db4e54e51475eebdef,f7c18b8163f184ce,label_conflict,"Multiple labels: vl_black_measles, vl_leaf_blight"
g000433,leaf blight/leaf blight390.jpg,leaf blight,vl_leaf_blight,ea52a5c4c54f1f55ec658885beba8de16639a79205b007db4e54e51475eebdef,f7c18b8163f184ce,label_conflict,"Multiple labels: vl_black_measles, vl_leaf_blight"
g002719,leaf blight/leaf blight391.jpg,leaf blight,vl_leaf_blight,8d9ceb32529f5db11486b4758ae3a42a1d7ae52c37c9382682f80bb0a33c4906,f3b3d3121f19e860,kept,Representative
g002719,leaf blight/leaf blight392.jpg,leaf blight,vl_leaf_blight,8d9ceb32529f5db11486b4758ae3a42a1d7ae52c37c9382682f80bb0a33c4906,f3b3d3121f19e860,exact_duplicate,SHA-256 / pHash=0 / reviewed duplicate component
g000441,leaf blight/leaf blight393.jpg,leaf blight,vl_leaf_blight,9e50a3c11f9cd3044ca889a59f74ef30e10466a3d9f1b8203b3acbf7c9699330,d10e699c6796e64a,label_conflict,"Multiple labels: vl_black_measles, vl_leaf_blight"
g000441,leaf blight/leaf blight394.jpg,leaf blight,vl_leaf_blight,9e50a3c11f9cd3044ca889a59f74ef30e10466a3d9f1b8203b3acbf7c9699330,d10e699c6796e64a,label_conflict,"Multiple labels: vl_black_measles, vl_leaf_blight"
g000443,leaf blight/leaf blight395.jpg,leaf blight,vl_leaf_blight,784a98d66a5bee3ed8ae0bfecc898a77e4d49efe5c892ae8c2d8fa8404050c5c,bda2bd0e7419e461,label_conflict,"Multiple labels: vl_black_measles, vl_leaf_blight"
g000443,leaf blight/leaf blight396.jpg,leaf blight,vl_leaf_blight,784a98d66a5bee3ed8ae0bfecc898a77e4d49efe5c892ae8c2d8fa8404050c5c,bda2bd0e7419e461,label_conflict,"Multiple labels: vl_black_measles, vl_leaf_blight"
g000446,leaf blight/leaf blight397.jpg,leaf blight,vl_leaf_blight,56904c23814033bdece4615f6b8012f11f2ed11875eebd9a20a4902595cfc12b,9d5669a552b92276,label_conflict,"Multiple labels: vl_black_measles, vl_leaf_blight"
g000446,leaf blight/leaf blight398.jpg,leaf blight,vl_leaf_blight,56904c23814033bdece4615f6b8012f11f2ed11875eebd9a20a4902595cfc12b,9d5669a552b92276,label_conflict,"Multiple labels: vl_black_measles, vl_leaf_blight"
g000447,leaf blight/leaf blight399.jpg,leaf blight,vl_leaf_blight,a2a2d42256ede52b5adb1bee77ed807dc6aee6d69852f7999de4f73e3ad33e2d,9d11e3c2cf62267c,label_conflict,"Multiple labels: vl_black_measles, vl_leaf_blight"
g000447,leaf blight/leaf blight400.jpg,leaf blight,vl_leaf_blight,a2a2d42256ede52b5adb1bee77ed807dc6aee6d69852f7999de4f73e3ad33e2d,9d11e3c2cf62267c,label_conflict,"Multiple labels: vl_black_measles, vl_leaf_blight"
g000456,leaf blight/leaf blight401.jpg,leaf blight,vl_leaf_blight,8f6078b81057fc63fcdfb02bf1b41bb0c24c1d687b86fb06e14fa83d7b5bfe9a,94878be7618bda19,label_conflict,"Multiple labels: vl_black_measles, vl_leaf_blight"
g000456,leaf blight/leaf blight402.jpg,leaf blight,vl_leaf_blight,8f6078b81057fc63fcdfb02bf1b41bb0c24c1d687b86fb06e14fa83d7b5bfe9a,94878be7618bda19,label_conflict,"Multiple labels: vl_black_measles, vl_leaf_blight"
g000458,leaf blight/leaf blight403.jpg,leaf blight,vl_leaf_blight,2def7fc7fb1d2287b2d713c09f1b5d6084dba0c1512ad1ccd6140fd1c3865654,e71e3108307cdaed,label_conflict,"Multiple labels: vl_black_measles, vl_leaf_blight"
g000458,leaf blight/leaf blight404.jpg,leaf blight,vl_leaf_blight,2def7fc7fb1d2287b2d713c09f1b5d6084dba0c1512ad1ccd6140fd1c3865654,e71e3108307cdaed,label_conflict,"Multiple labels: vl_black_measles, vl_leaf_blight"
g000459,leaf blight/leaf blight405.jpg,leaf blight,vl_leaf_blight,70a7272708f475c14292ba0b9bcfdbdc6639eaf4da85e6565cc041988bbdcab7,e37f010ade8103bf,label_conflict,"Multiple labels: vl_black_measles, vl_leaf_blight"
g000459,leaf blight/leaf blight406.jpg,leaf blight,vl_leaf_blight,70a7272708f475c14292ba0b9bcfdbdc6639eaf4da85e6565cc041988bbdcab7,e37f010ade8103bf,label_conflict,"Multiple labels: vl_black_measles, vl_leaf_blight"
g000461,leaf blight/leaf blight407.jpg,leaf blight,vl_leaf_blight,da7c83324205c5aa7b3252ce078598c35ee933f2bab9743575facce18b564bb3,edaf454a24da51e1,label_conflict,"Multiple labels: vl_black_measles, vl_leaf_blight"
g000461,leaf blight/leaf blight408.jpg,leaf blight,vl_leaf_blight,da7c83324205c5aa7b3252ce078598c35ee933f2bab9743575facce18b564bb3,edaf454a24da51e1,label_conflict,"Multiple labels: vl_black_measles, vl_leaf_blight"
g000467,leaf blight/leaf blight409.jpg,leaf blight,vl_leaf_blight,c6b54b0b9eda2e81529979f65227ce73f758d0ad6642e80d765e79a1cb41a6ca,c1239d702b3de83d,label_conflict,"Multiple labels: vl_black_measles, vl_leaf_blight"
g000467,leaf blight/leaf blight410.jpg,leaf blight,vl_leaf_blight,c6b54b0b9eda2e81529979f65227ce73f758d0ad6642e80d765e79a1cb41a6ca,c1239d702b3de83d,label_conflict,"Multiple labels: vl_black_measles, vl_leaf_blight"
g000474,leaf blight/leaf blight411.jpg,leaf blight,vl_leaf_blight,4a6e5f6a742ba8ef0dd9081e81bf8024903c5f38fafe62ebcbfffde7323db962,ba3f93118525eeb0,label_conflict,"Multiple labels: vl_black_measles, vl_leaf_blight"
g000474,leaf blight/leaf blight412.jpg,leaf blight,vl_leaf_blight,4a6e5f6a742ba8ef0dd9081e81bf8024903c5f38fafe62ebcbfffde7323db962,ba3f93118525eeb0,label_conflict,"Multiple labels: vl_black_measles, vl_leaf_blight"
g002741,leaf blight/leaf blight413.jpg,leaf blight,vl_leaf_blight,2a24aa0a7f49935771f2021694902f6b60f40a7080ddba147e8edc505da946b0,85d3c34f494a63ad,kept,Representative
g002741,leaf blight/leaf blight414.jpg,leaf blight,vl_leaf_blight,2a24aa0a7f49935771f2021694902f6b60f40a7080ddba147e8edc505da946b0,85d3c34f494a63ad,exact_duplicate,SHA-256 / pHash=0 / reviewed duplicate component
g000481,leaf blight/leaf blight415.jpg,leaf blight,vl_leaf_blight,3bc53648f2501ffd3303af4ee188061886b2481a70bcf6dd770937799f1bcf29,cc0c3b079d76780f,label_conflict,"Multiple labels: vl_black_measles, vl_leaf_blight"
g000481,leaf blight/leaf blight416.jpg,leaf blight,vl_leaf_blight,3bc53648f2501ffd3303af4ee188061886b2481a70bcf6dd770937799f1bcf29,cc0c3b079d76780f,label_conflict,"Multiple labels: vl_black_measles, vl_leaf_blight"
g000485,leaf blight/leaf blight417.jpg,leaf blight,vl_leaf_blight,a59a81d85dc6acfbb681fcc3a8c4c97020bed93af35109398e27582e5227bf78,f6ac98d0c1e1ab8b,label_conflict,"Multiple labels: vl_black_measles, vl_leaf_blight"
g000485,leaf blight/leaf blight418.jpg,leaf blight,vl_leaf_blight,a59a81d85dc6acfbb681fcc3a8c4c97020bed93af35109398e27582e5227bf78,f6ac98d0c1e1ab8b,label_conflict,"Multiple labels: vl_black_measles, vl_leaf_blight"
g000485,leaf blight/leaf blight419.jpg,leaf blight,vl_leaf_blight,a59a81d85dc6acfbb681fcc3a8c4c97020bed93af35109398e27582e5227bf78,f6ac98d0c1e1ab8b,label_conflict,"Multiple labels: vl_black_measles, vl_leaf_blight"
g000485,leaf blight/leaf blight420.jpg,leaf blight,vl_leaf_blight,a59a81d85dc6acfbb681fcc3a8c4c97020bed93af35109398e27582e5227bf78,f6ac98d0c1e1ab8b,label_conflict,"Multiple labels: vl_black_measles, vl_leaf_blight"
g000487,leaf blight/leaf blight421.jpg,leaf blight,vl_leaf_blight,39e555cfd08f097058da59bfe35d0e6b44649d05c8f2ec2d3f39a3f5590a090d,f359c4f62b81ea81,label_conflict,"Multiple labels: vl_black_measles, vl_leaf_blight"
g000487,leaf blight/leaf blight422.jpg,leaf blight,vl_leaf_blight,39e555cfd08f097058da59bfe35d0e6b44649d05c8f2ec2d3f39a3f5590a090d,f359c4f62b81ea81,label_conflict,"Multiple labels: vl_black_measles, vl_leaf_blight"
g000489,leaf blight/leaf blight423.jpg,leaf blight,vl_leaf_blight,e6e11f868d89bf5cf09645025c2e5e3d8773935510f59af33df7d2c69cbc398a,bd90136ef86027b9,label_conflict,"Multiple labels: vl_black_measles, vl_leaf_blight"
g000489,leaf blight/leaf blight424.jpg,leaf blight,vl_leaf_blight,e6e11f868d89bf5cf09645025c2e5e3d8773935510f59af33df7d2c69cbc398a,bd90136ef86027b9,label_conflict,"Multiple labels: vl_black_measles, vl_leaf_blight"
g000492,leaf blight/leaf blight425.jpg,leaf blight,vl_leaf_blight,d1bf88e92d575fe282c095ffc42f5f39e0aa25624004115128f96626a56cfebc,b6a5c76c68b21ad2,label_conflict,"Multiple labels: vl_black_measles, vl_leaf_blight"
g000492,leaf blight/leaf blight426.jpg,leaf blight,vl_leaf_blight,d1bf88e92d575fe282c095ffc42f5f39e0aa25624004115128f96626a56cfebc,b6a5c76c68b21ad2,label_conflict,"Multiple labels: vl_black_measles, vl_leaf_blight"
g000494,leaf blight/leaf blight427.jpg,leaf blight,vl_leaf_blight,98271594e1ce48be4665390702f5090285388e35715a2711fd5c9e0900a3ecd4,862df568cfd31066,label_conflict,"Multiple labels: vl_black_measles, vl_leaf_blight"
g000494,leaf blight/leaf blight428.jpg,leaf blight,vl_leaf_blight,98271594e1ce48be4665390702f5090285388e35715a2711fd5c9e0900a3ecd4,862df568cfd31066,label_conflict,"Multiple labels: vl_black_measles, vl_leaf_blight"
g000499,leaf blight/leaf blight429.jpg,leaf blight,vl_leaf_blight,538e7652b7c7afc4bd8bedcec707c9a943372e28e00fc6a73508e997db6c468d,d255d2a56324a3be,label_conflict,"Multiple labels: vl_black_measles, vl_leaf_blight"
g000499,leaf blight/leaf blight430.jpg,leaf blight,vl_leaf_blight,538e7652b7c7afc4bd8bedcec707c9a943372e28e00fc6a73508e997db6c468d,d255d2a56324a3be,label_conflict,"Multiple labels: vl_black_measles, vl_leaf_blight"
g000500,leaf blight/leaf blight431.jpg,leaf blight,vl_leaf_blight,856203b686272c318b09533e5ed7c6535ef8a37688b2ca0d5251e70c88dba679,a3a3e54123e9a5e5,label_conflict,"Multiple labels: vl_black_measles, vl_leaf_blight"
g000500,leaf blight/leaf blight432.jpg,leaf blight,vl_leaf_blight,856203b686272c318b09533e5ed7c6535ef8a37688b2ca0d5251e70c88dba679,a3a3e54123e9a5e5,label_conflict,"Multiple labels: vl_black_measles, vl_leaf_blight"
g000501,leaf blight/leaf blight433.jpg,leaf blight,vl_leaf_blight,2a3dcf6971b6c9c0a8d58ab4919d5510aacc0121972ace1ca212ef6ac3578dd9,feee4b7c4161a0a8,label_conflict,"Multiple labels: vl_black_measles, vl_leaf_blight"
g000501,leaf blight/leaf blight434.jpg,leaf blight,vl_leaf_blight,2a3dcf6971b6c9c0a8d58ab4919d5510aacc0121972ace1ca212ef6ac3578dd9,feee4b7c4161a0a8,label_conflict,"Multiple labels: vl_black_measles, vl_leaf_blight"
g000502,leaf blight/leaf blight435.jpg,leaf blight,vl_leaf_blight,2a6b48535b4f506e836d1f718703f88404fa3b260a391c23343e3e4a8d1c0b6c,d76ecb0707568217,label_conflict,"Multiple labels: vl_black_measles, vl_leaf_blight"
g000502,leaf blight/leaf blight436.jpg,leaf blight,vl_leaf_blight,2a6b48535b4f506e836d1f718703f88404fa3b260a391c23343e3e4a8d1c0b6c,d76ecb0707568217,label_conflict,"Multiple labels: vl_black_measles, vl_leaf_blight"
g000503,leaf blight/leaf blight437.jpg,leaf blight,vl_leaf_blight,57a05f4a235b24e235f0333419bcf53e8af7d496c61c5a5b9c040706c73a566b,fcf29322d4738c8c,label_conflict,"Multiple labels: vl_black_measles, vl_leaf_blight"
g000503,leaf blight/leaf blight438.jpg,leaf blight,vl_leaf_blight,57a05f4a235b24e235f0333419bcf53e8af7d496c61c5a5b9c040706c73a566b,fcf29322d4738c8c,label_conflict,"Multiple labels: vl_black_measles, vl_leaf_blight"
g000504,leaf blight/leaf blight439.jpg,leaf blight,vl_leaf_blight,689fa03157cf57ffdb1ae76d92925cd231f14fc83b126f0ba32a05c6d20bd98f,decc6cd93a3224ac,label_conflict,"Multiple labels: vl_black_measles, vl_leaf_blight"
g000504,leaf blight/leaf blight440.jpg,leaf blight,vl_leaf_blight,689fa03157cf57ffdb1ae76d92925cd231f14fc83b126f0ba32a05c6d20bd98f,decc6cd93a3224ac,label_conflict,"Multiple labels: vl_black_measles, vl_leaf_blight"
g000504,leaf blight/leaf blight441.jpg,leaf blight,vl_leaf_blight,689fa03157cf57ffdb1ae76d92925cd231f14fc83b126f0ba32a05c6d20bd98f,decc6cd93a3224ac,label_conflict,"Multiple labels: vl_black_measles, vl_leaf_blight"
g000504,leaf blight/leaf blight442.jpg,leaf blight,vl_leaf_blight,689fa03157cf57ffdb1ae76d92925cd231f14fc83b126f0ba32a05c6d20bd98f,decc6cd93a3224ac,label_conflict,"Multiple labels: vl_black_measles, vl_leaf_blight"
g000506,leaf blight/leaf blight443.jpg,leaf blight,vl_leaf_blight,3f51b4cb739cac6b61abc82434411b5a6b2dd54c20ddbd3293ae97cacdecdd80,fb748a63ddad0290,label_conflict,"Multiple labels: vl_black_measles, vl_leaf_blight"
g000506,leaf blight/leaf blight444.jpg,leaf blight,vl_leaf_blight,3f51b4cb739cac6b61abc82434411b5a6b2dd54c20ddbd3293ae97cacdecdd80,fb748a63ddad0290,label_conflict,"Multiple labels: vl_black_measles, vl_leaf_blight"
g000507,leaf blight/leaf blight445.jpg,leaf blight,vl_leaf_blight,d49c45f5b500b4e2b5a0cd48813c30a8af74ed80a5a4d5c775ef2ef7e9c55274,80a35d9922f13f3b,label_conflict,"Multiple labels: vl_black_measles, vl_leaf_blight"
g000507,leaf blight/leaf blight446.jpg,leaf blight,vl_leaf_blight,d49c45f5b500b4e2b5a0cd48813c30a8af74ed80a5a4d5c775ef2ef7e9c55274,80a35d9922f13f3b,label_conflict,"Multiple labels: vl_black_measles, vl_leaf_blight"
g000508,leaf blight/leaf blight447.jpg,leaf blight,vl_leaf_blight,e43c95c6b8b45da8a0e9c38956b7ee6df4aeaba4183a625d4b78d66ec5303cdf,e035c07b5baa35f0,label_conflict,"Multiple labels: vl_black_measles, vl_leaf_blight"
g000508,leaf blight/leaf blight448.jpg,leaf blight,vl_leaf_blight,e43c95c6b8b45da8a0e9c38956b7ee6df4aeaba4183a625d4b78d66ec5303cdf,e035c07b5baa35f0,label_conflict,"Multiple labels: vl_black_measles, vl_leaf_blight"
g000509,leaf blight/leaf blight449.jpg,leaf blight,vl_leaf_blight,a1180895ecbaa29bb9ec60a4c4e01ddfc5810064bc5ab7e4d8bf74c7cd20ebab,cf81f0c11b70f25d,label_conflict,"Multiple labels: vl_black_measles, vl_leaf_blight"
g000509,leaf blight/leaf blight450.jpg,leaf blight,vl_leaf_blight,a1180895ecbaa29bb9ec60a4c4e01ddfc5810064bc5ab7e4d8bf74c7cd20ebab,cf81f0c11b70f25d,label_conflict,"Multiple labels: vl_black_measles, vl_leaf_blight"
g000511,leaf blight/leaf blight451.jpg,leaf blight,vl_leaf_blight,916ecb0345dc6f45d51a36ea7275c7f273a7126d215730d1ff9d11c94f824af0,8181b7b4b685e1f5,label_conflict,"Multiple labels: vl_black_measles, vl_leaf_blight"
g000511,leaf blight/leaf blight452.jpg,leaf blight,vl_leaf_blight,916ecb0345dc6f45d51a36ea7275c7f273a7126d215730d1ff9d11c94f824af0,8181b7b4b685e1f5,label_conflict,"Multiple labels: vl_black_measles, vl_leaf_blight"
g000512,leaf blight/leaf blight453.jpg,leaf blight,vl_leaf_blight,55aec8590876848a7a4ab281065c2b7c0a4f760cc06a621f45b157bbe17cf2da,d0ad215a31dc2edb,label_conflict,"Multiple labels: vl_black_measles, vl_leaf_blight"
g000512,leaf blight/leaf blight454.jpg,leaf blight,vl_leaf_blight,55aec8590876848a7a4ab281065c2b7c0a4f760cc06a621f45b157bbe17cf2da,d0ad215a31dc2edb,label_conflict,"Multiple labels: vl_black_measles, vl_leaf_blight"
g000515,leaf blight/leaf blight455.jpg,leaf blight,vl_leaf_blight,9a6cb015d7937b662397685dfb491a2b2281aa50a529b8147f04fa142db9365f,cd663cc81391ee27,label_conflict,"Multiple labels: vl_black_measles, vl_leaf_blight"
g000515,leaf blight/leaf blight456.jpg,leaf blight,vl_leaf_blight,9a6cb015d7937b662397685dfb491a2b2281aa50a529b8147f04fa142db9365f,cd663cc81391ee27,label_conflict,"Multiple labels: vl_black_measles, vl_leaf_blight"
g000518,leaf blight/leaf blight457.jpg,leaf blight,vl_leaf_blight,f29af652cd330127233634419686652b81f69175ef37c28e397436b8ef536429,dcb2cc63d912df80,label_conflict,"Multiple labels: vl_black_measles, vl_leaf_blight"
g000518,leaf blight/leaf blight458.jpg,leaf blight,vl_leaf_blight,f29af652cd330127233634419686652b81f69175ef37c28e397436b8ef536429,dcb2cc63d912df80,label_conflict,"Multiple labels: vl_black_measles, vl_leaf_blight"
g000529,leaf blight/leaf blight459.jpg,leaf blight,vl_leaf_blight,ec5fe545907ec2a9e741c91ec929e890489695d711c990d096133fc6813e0fd3,d55a7caca56f2640,label_conflict,"Multiple labels: vl_black_measles, vl_leaf_blight"
g000529,leaf blight/leaf blight460.jpg,leaf blight,vl_leaf_blight,ec5fe545907ec2a9e741c91ec929e890489695d711c990d096133fc6813e0fd3,d55a7caca56f2640,label_conflict,"Multiple labels: vl_black_measles, vl_leaf_blight"
g000532,leaf blight/leaf blight461.jpg,leaf blight,vl_leaf_blight,03d96068bb7ad7ead3b0a953fed5af095781b2945204005eef77e6248e3fc7cb,f901c9f669e23b44,label_conflict,"Multiple labels: vl_black_measles, vl_leaf_blight"
g000532,leaf blight/leaf blight462.jpg,leaf blight,vl_leaf_blight,03d96068bb7ad7ead3b0a953fed5af095781b2945204005eef77e6248e3fc7cb,f901c9f669e23b44,label_conflict,"Multiple labels: vl_black_measles, vl_leaf_blight"
g000535,leaf blight/leaf blight463.jpg,leaf blight,vl_leaf_blight,1b7529e8f217aa8b77d632caa322a3db7a43600b75e6ae9b562497d4b35014aa,923cb3939b24939b,label_conflict,"Multiple labels: vl_black_measles, vl_leaf_blight"
g000535,leaf blight/leaf blight464.jpg,leaf blight,vl_leaf_blight,1b7529e8f217aa8b77d632caa322a3db7a43600b75e6ae9b562497d4b35014aa,923cb3939b24939b,label_conflict,"Multiple labels: vl_black_measles, vl_leaf_blight"
g000536,leaf blight/leaf blight465.jpg,leaf blight,vl_leaf_blight,f9505d48a0278a86aab6ae932cab654911d84e7701ee611b0fd7cec1e9373458,c48279f387d1e836,label_conflict,"Multiple labels: vl_black_measles, vl_leaf_blight"
g000536,leaf blight/leaf blight466.jpg,leaf blight,vl_leaf_blight,f9505d48a0278a86aab6ae932cab654911d84e7701ee611b0fd7cec1e9373458,c48279f387d1e836,label_conflict,"Multiple labels: vl_black_measles, vl_leaf_blight"
g000542,leaf blight/leaf blight467.jpg,leaf blight,vl_leaf_blight,fc837bd85870837ac7394e1a94afc761c55995aeb4cf7f2c35428956cffe1093,dc9460747b1b315b,label_conflict,"Multiple labels: vl_black_measles, vl_leaf_blight"
g000542,leaf blight/leaf blight468.jpg,leaf blight,vl_leaf_blight,fc837bd85870837ac7394e1a94afc761c55995aeb4cf7f2c35428956cffe1093,dc9460747b1b315b,label_conflict,"Multiple labels: vl_black_measles, vl_leaf_blight"
g000551,leaf blight/leaf blight469.jpg,leaf blight,vl_leaf_blight,d9d53ee0282ed29f330923bcd5fb38e58cd262ae916c161235f1bc7bf1fe007c,cf5a73449235ce86,label_conflict,"Multiple labels: vl_black_measles, vl_leaf_blight"
g000551,leaf blight/leaf blight470.jpg,leaf blight,vl_leaf_blight,d9d53ee0282ed29f330923bcd5fb38e58cd262ae916c161235f1bc7bf1fe007c,cf5a73449235ce86,label_conflict,"Multiple labels: vl_black_measles, vl_leaf_blight"
g000552,leaf blight/leaf blight471.jpg,leaf blight,vl_leaf_blight,206e32af498554c322267567421b696eb191937cb35a4abf5b5903e7e963d602,b5e872c71d8c70b4,label_conflict,"Multiple labels: vl_black_measles, vl_leaf_blight"
g000552,leaf blight/leaf blight472.jpg,leaf blight,vl_leaf_blight,206e32af498554c322267567421b696eb191937cb35a4abf5b5903e7e963d602,b5e872c71d8c70b4,label_conflict,"Multiple labels: vl_black_measles, vl_leaf_blight"
g000555,leaf blight/leaf blight473.jpg,leaf blight,vl_leaf_blight,286662bc4ee5cb763e2b2b9d93be667cbc5ed6e39110a52815258af12eefab4d,9b1a72876c49c575,label_conflict,"Multiple labels: vl_black_measles, vl_leaf_blight"
g000555,leaf blight/leaf blight474.jpg,leaf blight,vl_leaf_blight,286662bc4ee5cb763e2b2b9d93be667cbc5ed6e39110a52815258af12eefab4d,9b1a72876c49c575,label_conflict,"Multiple labels: vl_black_measles, vl_leaf_blight"
g000558,leaf blight/leaf blight475.jpg,leaf blight,vl_leaf_blight,3bf52cab189dcad840b7171ad8a55f5d71fbdd09362a503d3225347826b6099a,8ab731ba665d1c19,label_conflict,"Multiple labels: vl_black_measles, vl_leaf_blight"
g000558,leaf blight/leaf blight476.jpg,leaf blight,vl_leaf_blight,3bf52cab189dcad840b7171ad8a55f5d71fbdd09362a503d3225347826b6099a,8ab731ba665d1c19,label_conflict,"Multiple labels: vl_black_measles, vl_leaf_blight"
g000559,leaf blight/leaf blight477.jpg,leaf blight,vl_leaf_blight,40854954013c71add6d8b63262f836e7fad05137fd812152d4258e0539eeee30,80e6a865979f789a,label_conflict,"Multiple labels: vl_black_measles, vl_leaf_blight"
g000559,leaf blight/leaf blight478.jpg,leaf blight,vl_leaf_blight,40854954013c71add6d8b63262f836e7fad05137fd812152d4258e0539eeee30,80e6a865979f789a,label_conflict,"Multiple labels: vl_black_measles, vl_leaf_blight"
g000563,leaf blight/leaf blight479.jpg,leaf blight,vl_leaf_blight,7fa52ab7f6fd47af2d659e48343299cfaa848fc5d488d88f1372c98f62c2a1d0,d134e4d997b8f430,label_conflict,"Multiple labels: vl_black_measles, vl_leaf_blight"
g000563,leaf blight/leaf blight480.jpg,leaf blight,vl_leaf_blight,7fa52ab7f6fd47af2d659e48343299cfaa848fc5d488d88f1372c98f62c2a1d0,d134e4d997b8f430,label_conflict,"Multiple labels: vl_black_measles, vl_leaf_blight"
g000564,leaf blight/leaf blight481.jpg,leaf blight,vl_leaf_blight,21381675417ae53e67d73b24c8664f6df3d1c1eb9ccadfbafce28eef348bdf80,eaea54152c765476,label_conflict,"Multiple labels: vl_black_measles, vl_leaf_blight"
g000564,leaf blight/leaf blight482.jpg,leaf blight,vl_leaf_blight,21381675417ae53e67d73b24c8664f6df3d1c1eb9ccadfbafce28eef348bdf80,eaea54152c765476,label_conflict,"Multiple labels: vl_black_measles, vl_leaf_blight"
g000565,leaf blight/leaf blight483.jpg,leaf blight,vl_leaf_blight,8a18489c94b8ad2d08b5ae872263c59b0cc07192a2d6bceb118fe2fb7198ac5a,b576719af488b074,label_conflict,"Multiple labels: vl_black_measles, vl_leaf_blight"
g000565,leaf blight/leaf blight484.jpg,leaf blight,vl_leaf_blight,8a18489c94b8ad2d08b5ae872263c59b0cc07192a2d6bceb118fe2fb7198ac5a,b576719af488b074,label_conflict,"Multiple labels: vl_black_measles, vl_leaf_blight"
g000566,leaf blight/leaf blight485.jpg,leaf blight,vl_leaf_blight,e4386182cca929fbc4eeeb7ef1eb8326b02b5b5107c926036da5f3424ba42845,f0f9d60cc42a3e3c,label_conflict,"Multiple labels: vl_black_measles, vl_leaf_blight"
g000566,leaf blight/leaf blight486.jpg,leaf blight,vl_leaf_blight,e4386182cca929fbc4eeeb7ef1eb8326b02b5b5107c926036da5f3424ba42845,f0f9d60cc42a3e3c,label_conflict,"Multiple labels: vl_black_measles, vl_leaf_blight"
g000568,leaf blight/leaf blight487.jpg,leaf blight,vl_leaf_blight,2efd44cc497bb96ce648e66d468e9070016ee9e77c9893c1def72549351bad40,f37a2d2516a6ccc1,label_conflict,"Multiple labels: vl_black_measles, vl_leaf_blight"
g000568,leaf blight/leaf blight488.jpg,leaf blight,vl_leaf_blight,2efd44cc497bb96ce648e66d468e9070016ee9e77c9893c1def72549351bad40,f37a2d2516a6ccc1,label_conflict,"Multiple labels: vl_black_measles, vl_leaf_blight"
g000572,leaf blight/leaf blight489.jpg,leaf blight,vl_leaf_blight,38b663671d445b3e32e844ef3cf8c567c27a8cb4a6bea64714ce08d96ce06627,f1b3b392cc44561b,label_conflict,"Multiple labels: vl_black_measles, vl_leaf_blight"
g000572,leaf blight/leaf blight490.jpg,leaf blight,vl_leaf_blight,38b663671d445b3e32e844ef3cf8c567c27a8cb4a6bea64714ce08d96ce06627,f1b3b392cc44561b,label_conflict,"Multiple labels: vl_black_measles, vl_leaf_blight"
g000574,leaf blight/leaf blight491.jpg,leaf blight,vl_leaf_blight,8d14a653e051779665a2521499c5d68c4c856a3559dc00d20fbff96829c49fb2,dc262e4e528755cd,label_conflict,"Multiple labels: vl_black_measles, vl_leaf_blight"
g000574,leaf blight/leaf blight492.jpg,leaf blight,vl_leaf_blight,8d14a653e051779665a2521499c5d68c4c856a3559dc00d20fbff96829c49fb2,dc262e4e528755cd,label_conflict,"Multiple labels: vl_black_measles, vl_leaf_blight"
g000581,leaf blight/leaf blight493.jpg,leaf blight,vl_leaf_blight,753fd380a336de560e6542251fab6da10d5888c2cbd0a6a4cd151bc2a6854aa2,f591caf69c6348a1,label_conflict,"Multiple labels: vl_black_measles, vl_leaf_blight"
g000581,leaf blight/leaf blight494.jpg,leaf blight,vl_leaf_blight,753fd380a336de560e6542251fab6da10d5888c2cbd0a6a4cd151bc2a6854aa2,f591caf69c6348a1,label_conflict,"Multiple labels: vl_black_measles, vl_leaf_blight"
g000587,leaf blight/leaf blight495.jpg,leaf blight,vl_leaf_blight,03c0d3789e13702a20b64872b7816bf825302d334aac16c13514be9a54416f23,d68381b1fc1788fc,label_conflict,"Multiple labels: vl_black_measles, vl_leaf_blight"
g000587,leaf blight/leaf blight496.jpg,leaf blight,vl_leaf_blight,03c0d3789e13702a20b64872b7816bf825302d334aac16c13514be9a54416f23,d68381b1fc1788fc,label_conflict,"Multiple labels: vl_black_measles, vl_leaf_blight"
g000589,leaf blight/leaf blight497.jpg,leaf blight,vl_leaf_blight,0bdb67c060104856d03bf22cab5e1b5b7b9d851e6879541511edd02b3d8cabfb,d9c01cf3cc3f8362,label_conflict,"Multiple labels: vl_black_measles, vl_leaf_blight"
g000589,leaf blight/leaf blight498.jpg,leaf blight,vl_leaf_blight,0bdb67c060104856d03bf22cab5e1b5b7b9d851e6879541511edd02b3d8cabfb,d9c01cf3cc3f8362,label_conflict,"Multiple labels: vl_black_measles, vl_leaf_blight"
g000592,leaf blight/leaf blight499.jpg,leaf blight,vl_leaf_blight,d32d15283cfb7b8818e8a870dc14cac795a7b571754ddc9871ba5e227c7829d7,d3f23a67918c1f21,label_conflict,"Multiple labels: vl_black_measles, vl_leaf_blight"
g000592,leaf blight/leaf blight500.jpg,leaf blight,vl_leaf_blight,d32d15283cfb7b8818e8a870dc14cac795a7b571754ddc9871ba5e227c7829d7,d3f23a67918c1f21,label_conflict,"Multiple labels: vl_black_measles, vl_leaf_blight"
g000595,leaf blight/leaf blight501.jpg,leaf blight,vl_leaf_blight,17729aa7d74349515b7d89a725c7e54c8ed1a48d17787a9ed5aa33d49e5d94c8,b008478f5c6ff0d9,label_conflict,"Multiple labels: vl_black_measles, vl_leaf_blight"
g000595,leaf blight/leaf blight502.jpg,leaf blight,vl_leaf_blight,17729aa7d74349515b7d89a725c7e54c8ed1a48d17787a9ed5aa33d49e5d94c8,b008478f5c6ff0d9,label_conflict,"Multiple labels: vl_black_measles, vl_leaf_blight"
g000598,leaf blight/leaf blight503.jpg,leaf blight,vl_leaf_blight,adf8794a147c8de87457dec37a0a39b5e119dad94184917ad272882accabc287,91d86aa1d2d5f076,label_conflict,"Multiple labels: vl_black_measles, vl_leaf_blight"
g000598,leaf blight/leaf blight504.jpg,leaf blight,vl_leaf_blight,adf8794a147c8de87457dec37a0a39b5e119dad94184917ad272882accabc287,91d86aa1d2d5f076,label_conflict,"Multiple labels: vl_black_measles, vl_leaf_blight"
g000600,leaf blight/leaf blight505.jpg,leaf blight,vl_leaf_blight,a408573d75817fd2512ca88784fafd1e19a0453cfd0566c6b692d6c8c5b47e96,e90bdc70722ee4c6,label_conflict,"Multiple labels: vl_black_measles, vl_leaf_blight"
g000600,leaf blight/leaf blight506.jpg,leaf blight,vl_leaf_blight,a408573d75817fd2512ca88784fafd1e19a0453cfd0566c6b692d6c8c5b47e96,e90bdc70722ee4c6,label_conflict,"Multiple labels: vl_black_measles, vl_leaf_blight"
g000601,leaf blight/leaf blight507.jpg,leaf blight,vl_leaf_blight,679f6cbf8f1d8691f1d3c8ea7de77859d48738b70ac55a1f2e872541b43f1612,936f1239be6b8889,label_conflict,"Multiple labels: vl_black_measles, vl_leaf_blight"
g000601,leaf blight/leaf blight508.jpg,leaf blight,vl_leaf_blight,679f6cbf8f1d8691f1d3c8ea7de77859d48738b70ac55a1f2e872541b43f1612,936f1239be6b8889,label_conflict,"Multiple labels: vl_black_measles, vl_leaf_blight"
g000602,leaf blight/leaf blight509.jpg,leaf blight,vl_leaf_blight,0fdccdf85c083989a2b0d9467769e994fdf951b2ad7740aefc2a6e938e366085,cf0f2ba30ac75741,label_conflict,"Multiple labels: vl_black_measles, vl_leaf_blight"
g000602,leaf blight/leaf blight510.jpg,leaf blight,vl_leaf_blight,0fdccdf85c083989a2b0d9467769e994fdf951b2ad7740aefc2a6e938e366085,cf0f2ba30ac75741,label_conflict,"Multiple labels: vl_black_measles, vl_leaf_blight"
g000603,leaf blight/leaf blight511.jpg,leaf blight,vl_leaf_blight,51080586100f45d53a97e26d7dd6cd49a87079bb29c2fcfd8bd7fd83dee5f810,bf1d34c430b5d43a,label_conflict,"Multiple labels: vl_black_measles, vl_leaf_blight"
g000603,leaf blight/leaf blight512.jpg,leaf blight,vl_leaf_blight,51080586100f45d53a97e26d7dd6cd49a87079bb29c2fcfd8bd7fd83dee5f810,bf1d34c430b5d43a,label_conflict,"Multiple labels: vl_black_measles, vl_leaf_blight"
g000608,leaf blight/leaf blight513.jpg,leaf blight,vl_leaf_blight,a2c46e66f8fe16b852536d29b7a3a44b9e8da7be4f665549784d65eb02566432,812ff8c1d4cdb6a4,label_conflict,"Multiple labels: vl_black_measles, vl_leaf_blight"
g000608,leaf blight/leaf blight514.jpg,leaf blight,vl_leaf_blight,a2c46e66f8fe16b852536d29b7a3a44b9e8da7be4f665549784d65eb02566432,812ff8c1d4cdb6a4,label_conflict,"Multiple labels: vl_black_measles, vl_leaf_blight"
g000610,leaf blight/leaf blight515.jpg,leaf blight,vl_leaf_blight,179e9bc4af0509ad79145a34c54d4f26bd2467542697acf81ecd15ca8344d383,d0c69f8387bee062,label_conflict,"Multiple labels: vl_black_measles, vl_leaf_blight"
g000610,leaf blight/leaf blight516.jpg,leaf blight,vl_leaf_blight,179e9bc4af0509ad79145a34c54d4f26bd2467542697acf81ecd15ca8344d383,d0c69f8387bee062,label_conflict,"Multiple labels: vl_black_measles, vl_leaf_blight"
g000612,leaf blight/leaf blight517.jpg,leaf blight,vl_leaf_blight,1bb4f3255f27b33d1094f3ecec323f83c768bb8b25356ac0c2b1d1632436db1d,aba768b1d3d61819,label_conflict,"Multiple labels: vl_black_measles, vl_leaf_blight"
g000612,leaf blight/leaf blight518.jpg,leaf blight,vl_leaf_blight,1bb4f3255f27b33d1094f3ecec323f83c768bb8b25356ac0c2b1d1632436db1d,aba768b1d3d61819,label_conflict,"Multiple labels: vl_black_measles, vl_leaf_blight"
g000614,leaf blight/leaf blight519.jpg,leaf blight,vl_leaf_blight,bf62eebcf83239344a4d963b9109391f386cbfdf3e3e1d61ba38ca74a6e49153,f74198ab61d40f36,label_conflict,"Multiple labels: vl_black_measles, vl_leaf_blight"
g000614,leaf blight/leaf blight520.jpg,leaf blight,vl_leaf_blight,bf62eebcf83239344a4d963b9109391f386cbfdf3e3e1d61ba38ca74a6e49153,f74198ab61d40f36,label_conflict,"Multiple labels: vl_black_measles, vl_leaf_blight"
g000615,leaf blight/leaf blight521.jpg,leaf blight,vl_leaf_blight,729167ce6555b58d1e9aa41c532eb342c578a5453386164085aee6b85bb8b6b3,f1a685b4a586bc99,label_conflict,"Multiple labels: vl_black_measles, vl_leaf_blight"
g000615,leaf blight/leaf blight522.jpg,leaf blight,vl_leaf_blight,729167ce6555b58d1e9aa41c532eb342c578a5453386164085aee6b85bb8b6b3,f1a685b4a586bc99,label_conflict,"Multiple labels: vl_black_measles, vl_leaf_blight"
g000615,leaf blight/leaf blight523.jpg,leaf blight,vl_leaf_blight,729167ce6555b58d1e9aa41c532eb342c578a5453386164085aee6b85bb8b6b3,f1a685b4a586bc99,label_conflict,"Multiple labels: vl_black_measles, vl_leaf_blight"
g000615,leaf blight/leaf blight524.jpg,leaf blight,vl_leaf_blight,729167ce6555b58d1e9aa41c532eb342c578a5453386164085aee6b85bb8b6b3,f1a685b4a586bc99,label_conflict,"Multiple labels: vl_black_measles, vl_leaf_blight"
g000623,leaf blight/leaf blight525.jpg,leaf blight,vl_leaf_blight,66cfe260a11785febae0393500794b6af4d4ea7d0fac3d5f93fc48c8fe866741,a72d85b5d51961b1,label_conflict,"Multiple labels: vl_black_measles, vl_leaf_blight"
g000623,leaf blight/leaf blight526.jpg,leaf blight,vl_leaf_blight,66cfe260a11785febae0393500794b6af4d4ea7d0fac3d5f93fc48c8fe866741,a72d85b5d51961b1,label_conflict,"Multiple labels: vl_black_measles, vl_leaf_blight"
g000751,leaf blight/leaf blight527.jpg,leaf blight,vl_leaf_blight,5a0de9dabe58c8d8669a556df5cf8ce5b424134f98c3c688cd1bd8eb4fcb53da,b3e24ebe0e9b9841,label_conflict,"Multiple labels: vl_black_measles, vl_leaf_blight"
g000751,leaf blight/leaf blight528.jpg,leaf blight,vl_leaf_blight,5a0de9dabe58c8d8669a556df5cf8ce5b424134f98c3c688cd1bd8eb4fcb53da,b3e24ebe0e9b9841,label_conflict,"Multiple labels: vl_black_measles, vl_leaf_blight"
g000754,leaf blight/leaf blight529.jpg,leaf blight,vl_leaf_blight,29dbe1f607f04cacc89228c2636a56d47340af7089143beb5b1034b9e58ecec7,90e74b30bc76c713,label_conflict,"Multiple labels: vl_black_measles, vl_leaf_blight"
g000754,leaf blight/leaf blight530.jpg,leaf blight,vl_leaf_blight,29dbe1f607f04cacc89228c2636a56d47340af7089143beb5b1034b9e58ecec7,90e74b30bc76c713,label_conflict,"Multiple labels: vl_black_measles, vl_leaf_blight"
g000757,leaf blight/leaf blight531.jpg,leaf blight,vl_leaf_blight,7ded6b55c039e6fcce507d492cccf54832444e5d4be75b90782805599777bc48,bda6ec10d135454f,label_conflict,"Multiple labels: vl_black_measles, vl_leaf_blight"
g000757,leaf blight/leaf blight532.jpg,leaf blight,vl_leaf_blight,7ded6b55c039e6fcce507d492cccf54832444e5d4be75b90782805599777bc48,bda6ec10d135454f,label_conflict,"Multiple labels: vl_black_measles, vl_leaf_blight"
g000761,leaf blight/leaf blight533.jpg,leaf blight,vl_leaf_blight,08e60f061653ffa74668b0d389417744fd595760b6e1cbba829b11b2fac31f92,edea48b956a2305d,label_conflict,"Multiple labels: vl_black_measles, vl_leaf_blight"
g000761,leaf blight/leaf blight534.jpg,leaf blight,vl_leaf_blight,08e60f061653ffa74668b0d389417744fd595760b6e1cbba829b11b2fac31f92,edea48b956a2305d,label_conflict,"Multiple labels: vl_black_measles, vl_leaf_blight"
g000762,leaf blight/leaf blight535.jpg,leaf blight,vl_leaf_blight,78fe523e06bc4fbc470a6439c2310fdbaf3549102a2e1f5dde2c833881090a0d,8cbe36b1c3667829,label_conflict,"Multiple labels: vl_black_measles, vl_leaf_blight"
g000762,leaf blight/leaf blight536.jpg,leaf blight,vl_leaf_blight,78fe523e06bc4fbc470a6439c2310fdbaf3549102a2e1f5dde2c833881090a0d,8cbe36b1c3667829,label_conflict,"Multiple labels: vl_black_measles, vl_leaf_blight"
g000766,leaf blight/leaf blight537.jpg,leaf blight,vl_leaf_blight,12c5d0965a5cabf199b15346f5781f0b9209c80656500a223d829506355f1b66,cc7c965887bad348,label_conflict,"Multiple labels: vl_black_measles, vl_leaf_blight"
g000766,leaf blight/leaf blight538.jpg,leaf blight,vl_leaf_blight,12c5d0965a5cabf199b15346f5781f0b9209c80656500a223d829506355f1b66,cc7c965887bad348,label_conflict,"Multiple labels: vl_black_measles, vl_leaf_blight"
g000781,leaf blight/leaf blight539.jpg,leaf blight,vl_leaf_blight,3cf82de7dbe9cc5a7f08e508c396c58d5eec34ddd3f120d2f716ca02c8449af6,da9478ca2da4c769,label_conflict,"Multiple labels: vl_black_measles, vl_leaf_blight"
g000781,leaf blight/leaf blight540.jpg,leaf blight,vl_leaf_blight,3cf82de7dbe9cc5a7f08e508c396c58d5eec34ddd3f120d2f716ca02c8449af6,da9478ca2da4c769,label_conflict,"Multiple labels: vl_black_measles, vl_leaf_blight"
g000783,leaf blight/leaf blight541.jpg,leaf blight,vl_leaf_blight,c301ee8d137f55780078a6f5fde894ec386b48dee37f2d539dd59eebf927d0be,bb56b4426918d537,label_conflict,"Multiple labels: vl_black_measles, vl_leaf_blight"
g000783,leaf blight/leaf blight542.jpg,leaf blight,vl_leaf_blight,c301ee8d137f55780078a6f5fde894ec386b48dee37f2d539dd59eebf927d0be,bb56b4426918d537,label_conflict,"Multiple labels: vl_black_measles, vl_leaf_blight"
g000790,leaf blight/leaf blight543.jpg,leaf blight,vl_leaf_blight,5c74fb80ea18b36c780b10d845c7f027f6ee8ecd18fce3bae87eed55f1b4cfa1,c65e6b6bc0093975,label_conflict,"Multiple labels: vl_black_measles, vl_leaf_blight"
g000790,leaf blight/leaf blight544.jpg,leaf blight,vl_leaf_blight,5c74fb80ea18b36c780b10d845c7f027f6ee8ecd18fce3bae87eed55f1b4cfa1,c65e6b6bc0093975,label_conflict,"Multiple labels: vl_black_measles, vl_leaf_blight"
g000797,leaf blight/leaf blight545.jpg,leaf blight,vl_leaf_blight,1bd100ea0b9d391ed9f8b9d29aead60d6ddd82a9b533c0761b144844a569cd42,c4b6979c1fc362c8,label_conflict,"Multiple labels: vl_black_measles, vl_leaf_blight"
g000797,leaf blight/leaf blight546.jpg,leaf blight,vl_leaf_blight,1bd100ea0b9d391ed9f8b9d29aead60d6ddd82a9b533c0761b144844a569cd42,c4b6979c1fc362c8,label_conflict,"Multiple labels: vl_black_measles, vl_leaf_blight"
g000799,leaf blight/leaf blight547.jpg,leaf blight,vl_leaf_blight,db602cb9a44bc8ab7acc4b5f6cf0393f7ddff7a8a40d4aafefa0633836b3ab90,ee7626ab408fa943,label_conflict,"Multiple labels: vl_black_measles, vl_leaf_blight"
g000799,leaf blight/leaf blight548.jpg,leaf blight,vl_leaf_blight,db602cb9a44bc8ab7acc4b5f6cf0393f7ddff7a8a40d4aafefa0633836b3ab90,ee7626ab408fa943,label_conflict,"Multiple labels: vl_black_measles, vl_leaf_blight"
g000802,leaf blight/leaf blight549.jpg,leaf blight,vl_leaf_blight,ba9370ab28fa4e6143a035735ed059c7d93a9cd8d803013288c1162a0c88f00b,d6e8f1d0d874e462,label_conflict,"Multiple labels: vl_black_measles, vl_leaf_blight"
g000802,leaf blight/leaf blight550.jpg,leaf blight,vl_leaf_blight,ba9370ab28fa4e6143a035735ed059c7d93a9cd8d803013288c1162a0c88f00b,d6e8f1d0d874e462,label_conflict,"Multiple labels: vl_black_measles, vl_leaf_blight"
g000811,leaf blight/leaf blight551.jpg,leaf blight,vl_leaf_blight,d9092bb582841593a9641d2ed5f448582cf3bee80a56164dcfe7959f29d59d06,de682d09271df5a1,label_conflict,"Multiple labels: vl_black_measles, vl_leaf_blight"
g000811,leaf blight/leaf blight552.jpg,leaf blight,vl_leaf_blight,d9092bb582841593a9641d2ed5f448582cf3bee80a56164dcfe7959f29d59d06,de682d09271df5a1,label_conflict,"Multiple labels: vl_black_measles, vl_leaf_blight"
g000817,leaf blight/leaf blight553.jpg,leaf blight,vl_leaf_blight,cddb2cb3b33815f4d02ba86e3c6b0b3b8d802dd44edfcfc5515cbcefbfb701d9,e1f496e69441fc86,label_conflict,"Multiple labels: vl_black_measles, vl_leaf_blight"
g000817,leaf blight/leaf blight554.jpg,leaf blight,vl_leaf_blight,cddb2cb3b33815f4d02ba86e3c6b0b3b8d802dd44edfcfc5515cbcefbfb701d9,e1f496e69441fc86,label_conflict,"Multiple labels: vl_black_measles, vl_leaf_blight"
g000818,leaf blight/leaf blight555.jpg,leaf blight,vl_leaf_blight,ec38f3c360c9b0ab810c55920ba760031a87d3c3b638795753817573d34f24c5,a79a23ee322cca71,label_conflict,"Multiple labels: vl_black_measles, vl_leaf_blight"
g000818,leaf blight/leaf blight556.jpg,leaf blight,vl_leaf_blight,ec38f3c360c9b0ab810c55920ba760031a87d3c3b638795753817573d34f24c5,a79a23ee322cca71,label_conflict,"Multiple labels: vl_black_measles, vl_leaf_blight"
g000826,leaf blight/leaf blight557.jpg,leaf blight,vl_leaf_blight,6f23f8db0aa117d647744501160de0b84a13ee31296be53f66d0adb014c52db4,967a6185a765546d,label_conflict,"Multiple labels: vl_black_measles, vl_leaf_blight"
g000826,leaf blight/leaf blight558.jpg,leaf blight,vl_leaf_blight,6f23f8db0aa117d647744501160de0b84a13ee31296be53f66d0adb014c52db4,967a6185a765546d,label_conflict,"Multiple labels: vl_black_measles, vl_leaf_blight"
g000831,leaf blight/leaf blight559.jpg,leaf blight,vl_leaf_blight,e0c1c68070d78239bc1c371e1a1e748f18e8c23f06a645fa6a29f432b87c588f,f169478d2fc0495e,label_conflict,"Multiple labels: vl_black_measles, vl_leaf_blight"
g000831,leaf blight/leaf blight560.jpg,leaf blight,vl_leaf_blight,e0c1c68070d78239bc1c371e1a1e748f18e8c23f06a645fa6a29f432b87c588f,f169478d2fc0495e,label_conflict,"Multiple labels: vl_black_measles, vl_leaf_blight"
g000832,leaf blight/leaf blight561.jpg,leaf blight,vl_leaf_blight,c08bcba06dd4529350a541db1ed94f8b37f9704116adac18605eccc256aba3dd,9bba401e26707d6e,label_conflict,"Multiple labels: vl_black_measles, vl_leaf_blight"
g000832,leaf blight/leaf blight562.jpg,leaf blight,vl_leaf_blight,c08bcba06dd4529350a541db1ed94f8b37f9704116adac18605eccc256aba3dd,9bba401e26707d6e,label_conflict,"Multiple labels: vl_black_measles, vl_leaf_blight"
g002891,leaf blight/leaf blight563.jpg,leaf blight,vl_leaf_blight,3c95a7c97fe4d42d9c25244d3e45e411506b5b6dad28b95d899ac6c72a5390b6,97d272614bcb8a8b,kept,Representative
g002891,leaf blight/leaf blight564.jpg,leaf blight,vl_leaf_blight,3c95a7c97fe4d42d9c25244d3e45e411506b5b6dad28b95d899ac6c72a5390b6,97d272614bcb8a8b,exact_duplicate,SHA-256 / pHash=0 / reviewed duplicate component
g000836,leaf blight/leaf blight565.jpg,leaf blight,vl_leaf_blight,3db6a996cc14f9e1459c60b5f3138e54b25b63479352c353b93af44b2446315b,f89c7e050f4d0ae9,label_conflict,"Multiple labels: vl_black_measles, vl_leaf_blight"
g000836,leaf blight/leaf blight566.jpg,leaf blight,vl_leaf_blight,3db6a996cc14f9e1459c60b5f3138e54b25b63479352c353b93af44b2446315b,f89c7e050f4d0ae9,label_conflict,"Multiple labels: vl_black_measles, vl_leaf_blight"
g000853,leaf blight/leaf blight567.jpg,leaf blight,vl_leaf_blight,ae064c9da73d781540ed98768355085e3b863795e58b9df7740e839a4ed2a791,c27cc8e8353bcd4c,label_conflict,"Multiple labels: vl_black_measles, vl_leaf_blight"
g000853,leaf blight/leaf blight568.jpg,leaf blight,vl_leaf_blight,ae064c9da73d781540ed98768355085e3b863795e58b9df7740e839a4ed2a791,c27cc8e8353bcd4c,label_conflict,"Multiple labels: vl_black_measles, vl_leaf_blight"
g000861,leaf blight/leaf blight569.jpg,leaf blight,vl_leaf_blight,c2bbb0c9bee0c540f47f52a3c5aee6cc653ed06880e2b03c40dddd14c9e1710a,90e42debda529c5c,label_conflict,"Multiple labels: vl_black_measles, vl_leaf_blight"
g000861,leaf blight/leaf blight570.jpg,leaf blight,vl_leaf_blight,c2bbb0c9bee0c540f47f52a3c5aee6cc653ed06880e2b03c40dddd14c9e1710a,90e42debda529c5c,label_conflict,"Multiple labels: vl_black_measles, vl_leaf_blight"
g000862,leaf blight/leaf blight571.jpg,leaf blight,vl_leaf_blight,45ba233152eac8980a3581fb5be4b02c80035288e5e609faf87d59f6c07619f3,eb58acc3815e06bd,label_conflict,"Multiple labels: vl_black_measles, vl_leaf_blight"
g000862,leaf blight/leaf blight572.jpg,leaf blight,vl_leaf_blight,45ba233152eac8980a3581fb5be4b02c80035288e5e609faf87d59f6c07619f3,eb58acc3815e06bd,label_conflict,"Multiple labels: vl_black_measles, vl_leaf_blight"
g000878,leaf blight/leaf blight573.jpg,leaf blight,vl_leaf_blight,ce92f3cf40b690d1f8596d396a92d67df94cd444bdaf8598c767fcdf26aede35,a021dd4ee0bced99,label_conflict,"Multiple labels: vl_black_measles, vl_leaf_blight"
g000878,leaf blight/leaf blight574.jpg,leaf blight,vl_leaf_blight,ce92f3cf40b690d1f8596d396a92d67df94cd444bdaf8598c767fcdf26aede35,a021dd4ee0bced99,label_conflict,"Multiple labels: vl_black_measles, vl_leaf_blight"
g000879,leaf blight/leaf blight575.jpg,leaf blight,vl_leaf_blight,f677cd1f8b72f972781f94c8c892433e7ef1df938fccf9b002d0397224466018,ff5854a75ab44990,label_conflict,"Multiple labels: vl_black_measles, vl_leaf_blight"
g000879,leaf blight/leaf blight576.jpg,leaf blight,vl_leaf_blight,f677cd1f8b72f972781f94c8c892433e7ef1df938fccf9b002d0397224466018,ff5854a75ab44990,label_conflict,"Multiple labels: vl_black_measles, vl_leaf_blight"
g000883,leaf blight/leaf blight577.jpg,leaf blight,vl_leaf_blight,1bfc1824146f05dec9ad23984381b4dc9280c11f4a28b4b5e767ccd30cc4dd21,dc901e8f284be357,label_conflict,"Multiple labels: vl_black_measles, vl_leaf_blight"
g000883,leaf blight/leaf blight578.jpg,leaf blight,vl_leaf_blight,1bfc1824146f05dec9ad23984381b4dc9280c11f4a28b4b5e767ccd30cc4dd21,dc901e8f284be357,label_conflict,"Multiple labels: vl_black_measles, vl_leaf_blight"
g000894,leaf blight/leaf blight579.jpg,leaf blight,vl_leaf_blight,06667edf0beb739a07bac66497b29e21019aed34fbdc65d7f634e891cb955858,f031e317d66c5962,label_conflict,"Multiple labels: vl_black_measles, vl_leaf_blight"
g000894,leaf blight/leaf blight580.jpg,leaf blight,vl_leaf_blight,06667edf0beb739a07bac66497b29e21019aed34fbdc65d7f634e891cb955858,f031e317d66c5962,label_conflict,"Multiple labels: vl_black_measles, vl_leaf_blight"
g000896,leaf blight/leaf blight581.jpg,leaf blight,vl_leaf_blight,7ba4d460a9afa00b54e3a6f91b2c635e9e5d5be6075c19a9be349891eb4b414f,8ac4773ecab1348b,label_conflict,"Multiple labels: vl_black_measles, vl_leaf_blight"
g000896,leaf blight/leaf blight582.jpg,leaf blight,vl_leaf_blight,7ba4d460a9afa00b54e3a6f91b2c635e9e5d5be6075c19a9be349891eb4b414f,8ac4773ecab1348b,label_conflict,"Multiple labels: vl_black_measles, vl_leaf_blight"
g000917,leaf blight/leaf blight583.jpg,leaf blight,vl_leaf_blight,99072732a6d701823cf6b9f3e10b0895e45ea8411dab4b3ea28792886a4c7bb2,e52c3d13bd18e54a,label_conflict,"Multiple labels: vl_black_measles, vl_leaf_blight"
g000917,leaf blight/leaf blight584.jpg,leaf blight,vl_leaf_blight,99072732a6d701823cf6b9f3e10b0895e45ea8411dab4b3ea28792886a4c7bb2,e52c3d13bd18e54a,label_conflict,"Multiple labels: vl_black_measles, vl_leaf_blight"
g000921,leaf blight/leaf blight585.jpg,leaf blight,vl_leaf_blight,c0fb69e806de3325a04e09076220b053965d71ec600b77716d4e895f16266a05,9c734cf825ddb242,label_conflict,"Multiple labels: vl_black_measles, vl_leaf_blight"
g000921,leaf blight/leaf blight586.jpg,leaf blight,vl_leaf_blight,c0fb69e806de3325a04e09076220b053965d71ec600b77716d4e895f16266a05,9c734cf825ddb242,label_conflict,"Multiple labels: vl_black_measles, vl_leaf_blight"
g000922,leaf blight/leaf blight587.jpg,leaf blight,vl_leaf_blight,e7bbc1243f7ea04d686f7670c5adda6745ce4de385cc437f8dd68bba670aae0b,fb9ee5000fe17e80,label_conflict,"Multiple labels: vl_black_measles, vl_leaf_blight"
g000922,leaf blight/leaf blight588.jpg,leaf blight,vl_leaf_blight,e7bbc1243f7ea04d686f7670c5adda6745ce4de385cc437f8dd68bba670aae0b,fb9ee5000fe17e80,label_conflict,"Multiple labels: vl_black_measles, vl_leaf_blight"
g000939,leaf blight/leaf blight589.jpg,leaf blight,vl_leaf_blight,9310489accc145147f83f70f21c42f7a8072653ef2582b67c0651c444be6f598,d74acb962f271690,label_conflict,"Multiple labels: vl_black_measles, vl_leaf_blight"
g000939,leaf blight/leaf blight590.jpg,leaf blight,vl_leaf_blight,9310489accc145147f83f70f21c42f7a8072653ef2582b67c0651c444be6f598,d74acb962f271690,label_conflict,"Multiple labels: vl_black_measles, vl_leaf_blight"
g000943,leaf blight/leaf blight591.jpg,leaf blight,vl_leaf_blight,e47f87058e54488d815a8e686197084864b54fa8568df62c545d117f4df87639,df58e4909b47604f,label_conflict,"Multiple labels: vl_black_measles, vl_leaf_blight"
g000943,leaf blight/leaf blight592.jpg,leaf blight,vl_leaf_blight,e47f87058e54488d815a8e686197084864b54fa8568df62c545d117f4df87639,df58e4909b47604f,label_conflict,"Multiple labels: vl_black_measles, vl_leaf_blight"
g000945,leaf blight/leaf blight593.jpg,leaf blight,vl_leaf_blight,f856421036ea74cec10fe7d2c5da564d18de25a95fbdde7f9e25aad9998b7f95,9e886b8f8d51de44,label_conflict,"Multiple labels: vl_black_measles, vl_leaf_blight"
g000945,leaf blight/leaf blight594.jpg,leaf blight,vl_leaf_blight,f856421036ea74cec10fe7d2c5da564d18de25a95fbdde7f9e25aad9998b7f95,9e886b8f8d51de44,label_conflict,"Multiple labels: vl_black_measles, vl_leaf_blight"
g000947,leaf blight/leaf blight595.jpg,leaf blight,vl_leaf_blight,9d7a095f817f1be584601001d7a822d85c349ae9f322ead2b45f005df4c936a0,f762c52429faf250,label_conflict,"Multiple labels: vl_black_measles, vl_leaf_blight"
g000947,leaf blight/leaf blight596.jpg,leaf blight,vl_leaf_blight,9d7a095f817f1be584601001d7a822d85c349ae9f322ead2b45f005df4c936a0,f762c52429faf250,label_conflict,"Multiple labels: vl_black_measles, vl_leaf_blight"
g000950,leaf blight/leaf blight597.jpg,leaf blight,vl_leaf_blight,02b1bd8ed303a014838f52550c4b243d0c0dc0648d4a027fe2c1dc5daab06e58,8aca2abb5e8de1c8,label_conflict,"Multiple labels: vl_black_measles, vl_leaf_blight"
g000950,leaf blight/leaf blight598.jpg,leaf blight,vl_leaf_blight,02b1bd8ed303a014838f52550c4b243d0c0dc0648d4a027fe2c1dc5daab06e58,8aca2abb5e8de1c8,label_conflict,"Multiple labels: vl_black_measles, vl_leaf_blight"
g000955,leaf blight/leaf blight599.jpg,leaf blight,vl_leaf_blight,d35845a28cdb1a7504ed3dcbe30027c1bb479737ac1376582c685cd66f23b023,c48d949e97736247,label_conflict,"Multiple labels: vl_black_measles, vl_leaf_blight"
g000955,leaf blight/leaf blight600.jpg,leaf blight,vl_leaf_blight,d35845a28cdb1a7504ed3dcbe30027c1bb479737ac1376582c685cd66f23b023,c48d949e97736247,label_conflict,"Multiple labels: vl_black_measles, vl_leaf_blight"
g000959,leaf blight/leaf blight601.jpg,leaf blight,vl_leaf_blight,f6900f0b02ad02979f1b4c05dcda75d599d9fbb57d3e8ebea902def5267e01ef,ca92156b6806be7b,label_conflict,"Multiple labels: vl_black_measles, vl_leaf_blight"
g000959,leaf blight/leaf blight602.jpg,leaf blight,vl_leaf_blight,f6900f0b02ad02979f1b4c05dcda75d599d9fbb57d3e8ebea902def5267e01ef,ca92156b6806be7b,label_conflict,"Multiple labels: vl_black_measles, vl_leaf_blight"
g000961,leaf blight/leaf blight603.jpg,leaf blight,vl_leaf_blight,df8ed0edf4f8fb48111627953245f735a0b7f9fbc571369d39ed48a71ecfafe0,a8e868726edaf035,label_conflict,"Multiple labels: vl_black_measles, vl_leaf_blight"
g000961,leaf blight/leaf blight604.jpg,leaf blight,vl_leaf_blight,df8ed0edf4f8fb48111627953245f735a0b7f9fbc571369d39ed48a71ecfafe0,a8e868726edaf035,label_conflict,"Multiple labels: vl_black_measles, vl_leaf_blight"
g002933,leaf blight/leaf blight605.jpg,leaf blight,vl_leaf_blight,10e1613a1278a7bbf6d53ee0ba4971b869d0a922de106d853da982e498bdfbcd,a95658b374d4a52b,kept,Representative
g002933,leaf blight/leaf blight606.jpg,leaf blight,vl_leaf_blight,10e1613a1278a7bbf6d53ee0ba4971b869d0a922de106d853da982e498bdfbcd,a95658b374d4a52b,exact_duplicate,SHA-256 / pHash=0 / reviewed duplicate component
g000963,leaf blight/leaf blight607.jpg,leaf blight,vl_leaf_blight,8c664f4ba219cd68efe3c98530ecdb156eb91c44b556ed15f65e09794e5008d3,c2d5f526b342f413,label_conflict,"Multiple labels: vl_black_measles, vl_leaf_blight"
g000963,leaf blight/leaf blight608.jpg,leaf blight,vl_leaf_blight,8c664f4ba219cd68efe3c98530ecdb156eb91c44b556ed15f65e09794e5008d3,c2d5f526b342f413,label_conflict,"Multiple labels: vl_black_measles, vl_leaf_blight"
g000964,leaf blight/leaf blight609.jpg,leaf blight,vl_leaf_blight,054997527fb1ff5c767ffa055fb2a3181780eaabf5f49026e1382226d9f54c86,e4d38db4512ca75a,label_conflict,"Multiple labels: vl_black_measles, vl_leaf_blight"
g000964,leaf blight/leaf blight610.jpg,leaf blight,vl_leaf_blight,054997527fb1ff5c767ffa055fb2a3181780eaabf5f49026e1382226d9f54c86,e4d38db4512ca75a,label_conflict,"Multiple labels: vl_black_measles, vl_leaf_blight"
g000965,leaf blight/leaf blight611.jpg,leaf blight,vl_leaf_blight,565187e5bcb94fdc4a0025f5c5de616f2ce5262fe9cb821237d7bab106e0e9ba,aa55ba6653b0dd60,label_conflict,"Multiple labels: vl_black_measles, vl_leaf_blight"
g000965,leaf blight/leaf blight612.jpg,leaf blight,vl_leaf_blight,565187e5bcb94fdc4a0025f5c5de616f2ce5262fe9cb821237d7bab106e0e9ba,aa55ba6653b0dd60,label_conflict,"Multiple labels: vl_black_measles, vl_leaf_blight"
g000967,leaf blight/leaf blight613.jpg,leaf blight,vl_leaf_blight,55e68ad73c797b3df79012a23a34109264b23bb7cb49b85df213345267fc88de,c7855cf3130c49f6,label_conflict,"Multiple labels: vl_black_measles, vl_leaf_blight"
g000967,leaf blight/leaf blight614.jpg,leaf blight,vl_leaf_blight,55e68ad73c797b3df79012a23a34109264b23bb7cb49b85df213345267fc88de,c7855cf3130c49f6,label_conflict,"Multiple labels: vl_black_measles, vl_leaf_blight"
g000968,leaf blight/leaf blight615.jpg,leaf blight,vl_leaf_blight,b231c5b31db94a702be76790471f271a43e934a645f5e25558f6ce7ba0c9fb3d,c533c807e834f33e,label_conflict,"Multiple labels: vl_black_measles, vl_leaf_blight"
g000968,leaf blight/leaf blight616.jpg,leaf blight,vl_leaf_blight,b231c5b31db94a702be76790471f271a43e934a645f5e25558f6ce7ba0c9fb3d,c533c807e834f33e,label_conflict,"Multiple labels: vl_black_measles, vl_leaf_blight"
g000970,leaf blight/leaf blight617.jpg,leaf blight,vl_leaf_blight,15f7792d2636f6b95acb45d71e5cee3ea0296733082cc255c09c44f440b89469,c275309dfc4aa5f0,label_conflict,"Multiple labels: vl_black_measles, vl_leaf_blight"
g000970,leaf blight/leaf blight618.jpg,leaf blight,vl_leaf_blight,15f7792d2636f6b95acb45d71e5cee3ea0296733082cc255c09c44f440b89469,c275309dfc4aa5f0,label_conflict,"Multiple labels: vl_black_measles, vl_leaf_blight"
g000971,leaf blight/leaf blight619.jpg,leaf blight,vl_leaf_blight,d87f21c325480af81c7d4d16cb6e4cc30c50f1c86cf767bc9ec0c0533d1e623b,d96ab7c1486e34d2,label_conflict,"Multiple labels: vl_black_measles, vl_leaf_blight"
g000971,leaf blight/leaf blight620.jpg,leaf blight,vl_leaf_blight,d87f21c325480af81c7d4d16cb6e4cc30c50f1c86cf767bc9ec0c0533d1e623b,d96ab7c1486e34d2,label_conflict,"Multiple labels: vl_black_measles, vl_leaf_blight"
g000972,leaf blight/leaf blight621.jpg,leaf blight,vl_leaf_blight,48d111d20129f139304cbc39555d4042b75ce82db835cdb9b72a4445f753b47f,ff6ca95153439303,label_conflict,"Multiple labels: vl_black_measles, vl_leaf_blight"
g000972,leaf blight/leaf blight622.jpg,leaf blight,vl_leaf_blight,48d111d20129f139304cbc39555d4042b75ce82db835cdb9b72a4445f753b47f,ff6ca95153439303,label_conflict,"Multiple labels: vl_black_measles, vl_leaf_blight"
g000973,leaf blight/leaf blight623.jpg,leaf blight,vl_leaf_blight,fa21050aad4a551ef6431669a8d9b25bd4330d01fc209a18c3a1b7d5426e26ba,c22d9f629e4ff028,label_conflict,"Multiple labels: vl_black_measles, vl_leaf_blight"
g000973,leaf blight/leaf blight624.jpg,leaf blight,vl_leaf_blight,fa21050aad4a551ef6431669a8d9b25bd4330d01fc209a18c3a1b7d5426e26ba,c22d9f629e4ff028,label_conflict,"Multiple labels: vl_black_measles, vl_leaf_blight"
g000976,leaf blight/leaf blight625.jpg,leaf blight,vl_leaf_blight,d839b7dae13b5a9a5a81a8eb58f4cd9b50547faea96b0d944e2a305d384fbdea,cf4936d189731acc,label_conflict,"Multiple labels: vl_black_measles, vl_leaf_blight"
g000976,leaf blight/leaf blight626.jpg,leaf blight,vl_leaf_blight,d839b7dae13b5a9a5a81a8eb58f4cd9b50547faea96b0d944e2a305d384fbdea,cf4936d189731acc,label_conflict,"Multiple labels: vl_black_measles, vl_leaf_blight"
g000977,leaf blight/leaf blight627.jpg,leaf blight,vl_leaf_blight,f1e395ccdf89ed8dc31a59d22d63f3a6d7c8bc3680c9bf973292c594e2e6451e,d9779827902e516e,label_conflict,"Multiple labels: vl_black_measles, vl_leaf_blight"
g000977,leaf blight/leaf blight628.jpg,leaf blight,vl_leaf_blight,f1e395ccdf89ed8dc31a59d22d63f3a6d7c8bc3680c9bf973292c594e2e6451e,d9779827902e516e,label_conflict,"Multiple labels: vl_black_measles, vl_leaf_blight"
g000978,leaf blight/leaf blight629.jpg,leaf blight,vl_leaf_blight,e6318e969e599149cf614cc5f8fe0478c4606b6dbce28c50118774e0594f1df7,a95c894af15cab55,label_conflict,"Multiple labels: vl_black_measles, vl_leaf_blight"
g000978,leaf blight/leaf blight630.jpg,leaf blight,vl_leaf_blight,e6318e969e599149cf614cc5f8fe0478c4606b6dbce28c50118774e0594f1df7,a95c894af15cab55,label_conflict,"Multiple labels: vl_black_measles, vl_leaf_blight"
g000980,leaf blight/leaf blight631.jpg,leaf blight,vl_leaf_blight,3ae4be1cf960a82944824fb4dcc570df8cd1a4f608146b8ae2138c5537ea3dd3,c8686abcfc455571,label_conflict,"Multiple labels: vl_black_measles, vl_leaf_blight"
g000980,leaf blight/leaf blight632.jpg,leaf blight,vl_leaf_blight,3ae4be1cf960a82944824fb4dcc570df8cd1a4f608146b8ae2138c5537ea3dd3,c8686abcfc455571,label_conflict,"Multiple labels: vl_black_measles, vl_leaf_blight"
g000981,leaf blight/leaf blight633.jpg,leaf blight,vl_leaf_blight,6cd5504ba0204dc8db95599d363eef0daf7f2b570029d34ae36a7de1ba2f640d,c8d9f36e38b04707,label_conflict,"Multiple labels: vl_black_measles, vl_leaf_blight"
g000981,leaf blight/leaf blight634.jpg,leaf blight,vl_leaf_blight,6cd5504ba0204dc8db95599d363eef0daf7f2b570029d34ae36a7de1ba2f640d,c8d9f36e38b04707,label_conflict,"Multiple labels: vl_black_measles, vl_leaf_blight"
g000982,leaf blight/leaf blight635.jpg,leaf blight,vl_leaf_blight,0a63132401d0625c71e70502088e7015f845975906cece888917ddfca72c1a98,d3774b6281273dc2,label_conflict,"Multiple labels: vl_black_measles, vl_leaf_blight"
g000982,leaf blight/leaf blight636.jpg,leaf blight,vl_leaf_blight,0a63132401d0625c71e70502088e7015f845975906cece888917ddfca72c1a98,d3774b6281273dc2,label_conflict,"Multiple labels: vl_black_measles, vl_leaf_blight"
g000984,leaf blight/leaf blight637.jpg,leaf blight,vl_leaf_blight,0b2ebc73d0f3b629de592df78283b6e769834a4dd2117f692b3e331a471adb9f,b6564c8cdab08df2,label_conflict,"Multiple labels: vl_black_measles, vl_leaf_blight"
g000984,leaf blight/leaf blight638.jpg,leaf blight,vl_leaf_blight,0b2ebc73d0f3b629de592df78283b6e769834a4dd2117f692b3e331a471adb9f,b6564c8cdab08df2,label_conflict,"Multiple labels: vl_black_measles, vl_leaf_blight"
g001011,leaf blight/leaf blight639.jpg,leaf blight,vl_leaf_blight,a61c7ec1ae8b15c3cc3498210d3de93630033bd4a31ac665cde82e26a8b4a48b,b83e6174576d161a,label_conflict,"Multiple labels: vl_black_measles, vl_leaf_blight"
g001011,leaf blight/leaf blight640.jpg,leaf blight,vl_leaf_blight,a61c7ec1ae8b15c3cc3498210d3de93630033bd4a31ac665cde82e26a8b4a48b,b83e6174576d161a,label_conflict,"Multiple labels: vl_black_measles, vl_leaf_blight"
g001012,leaf blight/leaf blight641.jpg,leaf blight,vl_leaf_blight,b8c65fbeded175fc773d54e532c598d1e8f1cce19ba38562cb802f2aaba80b21,85906718ffa4578e,label_conflict,"Multiple labels: vl_black_measles, vl_leaf_blight"
g001012,leaf blight/leaf blight642.jpg,leaf blight,vl_leaf_blight,b8c65fbeded175fc773d54e532c598d1e8f1cce19ba38562cb802f2aaba80b21,85906718ffa4578e,label_conflict,"Multiple labels: vl_black_measles, vl_leaf_blight"
g002971,leaf blight/leaf blight647.jpg,leaf blight,vl_leaf_blight,44e208f850fb3f73ff5888d038ab43643be081ee05c8ffb4721efe452badb335,bfad002244debb39,kept,Representative
g002971,leaf blight/leaf blight648.jpg,leaf blight,vl_leaf_blight,44e208f850fb3f73ff5888d038ab43643be081ee05c8ffb4721efe452badb335,bfad002244debb39,exact_duplicate,SHA-256 / pHash=0 / reviewed duplicate component
g001020,leaf blight/leaf blight649.jpg,leaf blight,vl_leaf_blight,d5d1683bed015cd96f2fc94006b01b8411e5b09ec67f1ff6d9354c79ffbfdbe9,ba53d5606ca359b1,label_conflict,"Multiple labels: vl_black_measles, vl_leaf_blight"
g001020,leaf blight/leaf blight650.jpg,leaf blight,vl_leaf_blight,d5d1683bed015cd96f2fc94006b01b8411e5b09ec67f1ff6d9354c79ffbfdbe9,ba53d5606ca359b1,label_conflict,"Multiple labels: vl_black_measles, vl_leaf_blight"
g001040,leaf blight/leaf blight651.jpg,leaf blight,vl_leaf_blight,bfb9560c4cfbd98e627b0845757b2feaa7719038af43194adadd23b582527c72,8f86065af3ff6401,label_conflict,"Multiple labels: vl_black_measles, vl_leaf_blight"
g001040,leaf blight/leaf blight652.jpg,leaf blight,vl_leaf_blight,bfb9560c4cfbd98e627b0845757b2feaa7719038af43194adadd23b582527c72,8f86065af3ff6401,label_conflict,"Multiple labels: vl_black_measles, vl_leaf_blight"
g001043,leaf blight/leaf blight653.jpg,leaf blight,vl_leaf_blight,fe90b45cf4eb4e5bcfbefeb49473597fe8c75e4524e1bc003ba675a9a8a10eb7,b03e4a15a1b1fe53,label_conflict,"Multiple labels: vl_black_measles, vl_leaf_blight"
g001043,leaf blight/leaf blight654.jpg,leaf blight,vl_leaf_blight,fe90b45cf4eb4e5bcfbefeb49473597fe8c75e4524e1bc003ba675a9a8a10eb7,b03e4a15a1b1fe53,label_conflict,"Multiple labels: vl_black_measles, vl_leaf_blight"
g001052,leaf blight/leaf blight657.jpg,leaf blight,vl_leaf_blight,01e89d2da153caed070accb2e8e087fd819a536b9784d94f110d68f0854c4bce,98cffaf8a2592c06,label_conflict,"Multiple labels: vl_black_measles, vl_leaf_blight"
g001052,leaf blight/leaf blight658.jpg,leaf blight,vl_leaf_blight,01e89d2da153caed070accb2e8e087fd819a536b9784d94f110d68f0854c4bce,98cffaf8a2592c06,label_conflict,"Multiple labels: vl_black_measles, vl_leaf_blight"
g001058,leaf blight/leaf blight659.jpg,leaf blight,vl_leaf_blight,07e32b445f9ceaa9decc6a27be76219bcae8f2393bb8b3b2a73729f6e0821601,eb61109e674af4cc,label_conflict,"Multiple labels: vl_black_measles, vl_leaf_blight"
g001058,leaf blight/leaf blight660.jpg,leaf blight,vl_leaf_blight,07e32b445f9ceaa9decc6a27be76219bcae8f2393bb8b3b2a73729f6e0821601,eb61109e674af4cc,label_conflict,"Multiple labels: vl_black_measles, vl_leaf_blight"
g001084,leaf blight/leaf blight661.jpg,leaf blight,vl_leaf_blight,d959c7974ed7218dadf6b45c990e54609128d1cd81669c2afffa1ffad8b34c1e,c5d30bc23c2de378,label_conflict,"Multiple labels: vl_black_measles, vl_leaf_blight"
g001084,leaf blight/leaf blight662.jpg,leaf blight,vl_leaf_blight,d959c7974ed7218dadf6b45c990e54609128d1cd81669c2afffa1ffad8b34c1e,c5d30bc23c2de378,label_conflict,"Multiple labels: vl_black_measles, vl_leaf_blight"
g001085,leaf blight/leaf blight663.jpg,leaf blight,vl_leaf_blight,5b19065d32ca6af43d4358d6d0b719a00dab2142c42d9f1f16d91628f24df91f,9f9f140463f3b832,label_conflict,"Multiple labels: vl_black_measles, vl_leaf_blight"
g001085,leaf blight/leaf blight664.jpg,leaf blight,vl_leaf_blight,5b19065d32ca6af43d4358d6d0b719a00dab2142c42d9f1f16d91628f24df91f,9f9f140463f3b832,label_conflict,"Multiple labels: vl_black_measles, vl_leaf_blight"
g002987,leaf blight/leaf blight665.jpg,leaf blight,vl_leaf_blight,a47e43f51d7b8d1fb50ba12edf1b08aebc3bfde86c8f676b6afc07c2c3add264,f013ae1d68dd075a,kept,Representative
g002987,leaf blight/leaf blight666.jpg,leaf blight,vl_leaf_blight,a47e43f51d7b8d1fb50ba12edf1b08aebc3bfde86c8f676b6afc07c2c3add264,f013ae1d68dd075a,exact_duplicate,SHA-256 / pHash=0 / reviewed duplicate component
g001118,leaf blight/leaf blight667.jpg,leaf blight,vl_leaf_blight,b809b90e15f9660b2840a093f3c904c6a47a8c1b7af76ceb8532cbd5e1306237,b75a01b0974ee5b2,label_conflict,"Multiple labels: vl_black_measles, vl_leaf_blight"
g001118,leaf blight/leaf blight668.jpg,leaf blight,vl_leaf_blight,b809b90e15f9660b2840a093f3c904c6a47a8c1b7af76ceb8532cbd5e1306237,b75a01b0974ee5b2,label_conflict,"Multiple labels: vl_black_measles, vl_leaf_blight"
g001120,leaf blight/leaf blight669.jpg,leaf blight,vl_leaf_blight,e0fec9c5c72ab95211974508b823b7ca1bd462c7ce3946bd890abdabab47c2e6,96b3a6da8b92a632,label_conflict,"Multiple labels: vl_black_measles, vl_leaf_blight"
g001120,leaf blight/leaf blight670.jpg,leaf blight,vl_leaf_blight,e0fec9c5c72ab95211974508b823b7ca1bd462c7ce3946bd890abdabab47c2e6,96b3a6da8b92a632,label_conflict,"Multiple labels: vl_black_measles, vl_leaf_blight"
g001121,leaf blight/leaf blight671.jpg,leaf blight,vl_leaf_blight,cb56b8e71141df9981f7e44b6a7541367f3a2d0db7c257f72163598a11700421,fcfcf0b153a140a9,label_conflict,"Multiple labels: vl_black_measles, vl_leaf_blight"
g001121,leaf blight/leaf blight672.jpg,leaf blight,vl_leaf_blight,cb56b8e71141df9981f7e44b6a7541367f3a2d0db7c257f72163598a11700421,fcfcf0b153a140a9,label_conflict,"Multiple labels: vl_black_measles, vl_leaf_blight"
